# 2pts measurement, sourcing 1mA
# index	time	T_plat(K)	T_samp(K)	V(V)
0	0.09	293.702	293.809	0.006191962
1	1.282	293.702	293.809	0.006192564
2	2.681	293.698	293.82	0.006192131
3	3.841	293.698	293.82	0.006192814
4	4.988	293.694	293.808	0.006192469
5	6.139	293.694	293.808	0.006192127
6	7.287	293.689	293.811	0.006191875
7	8.438	293.689	293.811	0.006193827
8	9.605	293.684	293.805	0.006191953
9	10.769	293.684	293.805	0.006191796
10	11.933	293.681	293.809	0.006191785
11	13.098	293.681	293.809	0.006192802
12	14.262	293.674	293.789	0.006191188
13	15.413	293.674	293.789	0.006192293
14	16.563	293.669	293.784	0.00619144
15	17.711	293.669	293.784	0.006190247
16	18.875	293.665	293.798	0.006191527
17	20.04	293.665	293.798	0.006192461
18	21.206	293.661	293.802	0.006190759
19	22.371	293.661	293.802	0.006192208
20	23.54	293.656	293.791	0.006191092
21	24.707	293.656	293.791	0.00619067
22	25.9	293.651	293.779	0.006192027
23	27.053	293.651	293.779	0.006190331
24	28.218	293.646	293.777	0.0061916
25	29.379	293.646	293.777	0.00619126
26	30.529	293.641	293.776	0.006191176
27	31.708	293.641	293.776	0.006191172
28	32.872	293.635	293.759	0.006191171
29	34.04	293.635	293.759	0.006191514
30	35.207	293.631	293.751	0.006191421
31	36.371	293.631	293.751	0.006192099
32	37.537	293.625	293.768	0.006192437
33	38.702	293.625	293.768	0.006191927
34	39.868	293.621	293.746	0.00619168
35	41.036	293.621	293.746	0.006190237
36	42.202	293.615	293.733	0.006190568
37	43.354	293.615	293.733	0.006190407
38	44.504	293.612	293.748	0.006192012
39	45.669	293.612	293.748	0.006189888
40	46.833	293.606	293.741	0.006189548
41	47.986	293.606	293.741	0.006191241
42	49.133	293.6	293.746	0.006190476
43	50.281	293.6	293.746	0.006191244
44	51.431	293.593	293.731	0.006190738
45	52.579	293.593	293.731	0.006189883
46	53.729	293.588	293.731	0.006190477
47	54.883	293.588	293.731	0.006189026
48	56.036	293.583	293.727	0.006189535
49	57.184	293.583	293.727	0.006191832
50	58.332	293.579	293.723	0.00619064
51	59.586	293.572	293.725	0.006190475
52	60.743	293.572	293.725	0.00618903
53	61.924	293.566	293.707	0.0061903
54	63.076	293.566	293.707	0.006189203
55	64.224	293.561	293.703	0.006189707
56	65.379	293.561	293.703	0.006188169
57	66.545	293.554	293.697	0.006188936
58	67.696	293.554	293.697	0.006190468
59	68.862	293.549	293.69	0.006190041
60	70.014	293.549	293.69	0.006188936
61	71.177	293.544	293.682	0.006189103
62	72.343	293.544	293.682	0.006191146
63	73.51	293.539	293.671	0.006186557
64	74.662	293.539	293.671	0.006188255
65	75.824	293.533	293.673	0.006190716
66	76.989	293.533	293.673	0.006188163
67	78.155	293.528	293.667	0.006188927
68	79.322	293.528	293.667	0.006188848
69	80.494	293.52	293.657	0.006187146
70	81.663	293.52	293.657	0.006187229
71	82.829	293.515	293.668	0.006186713
72	83.994	293.515	293.668	0.006187483
73	85.161	293.506	293.656	0.006188503
74	86.327	293.506	293.656	0.006186806
75	87.496	293.501	293.655	0.006186889
76	88.664	293.501	293.655	0.006188583
77	89.859	293.495	293.657	0.006187815
78	91.028	293.495	293.657	0.00618748
79	92.194	293.489	293.641	0.006187222
80	93.36	293.489	293.641	0.006187731
81	94.527	293.482	293.642	0.0061879
82	95.688	293.482	293.642	0.0061879
83	96.853	293.477	293.643	0.006187217
84	98.022	293.477	293.643	0.006188408
85	99.185	293.469	293.621	0.006185005
86	100.334	293.469	293.621	0.006186707
87	101.485	293.464	293.623	0.006186196
88	102.638	293.464	293.623	0.006188745
89	103.8	293.456	293.61	0.00618687
90	104.951	293.456	293.61	0.006187217
91	106.102	293.45	293.604	0.00618679
92	107.252	293.45	293.604	0.00618611
93	108.417	293.442	293.595	0.006186445
94	109.563	293.442	293.595	0.006187637
95	110.717	293.435	293.595	0.006188314
96	111.871	293.435	293.595	0.006187633
97	113.015	293.429	293.593	0.006187294
98	114.162	293.429	293.593	0.006187294
99	115.316	293.422	293.589	0.00618687
100	116.464	293.422	293.589	0.006187883
101	117.613	293.416	293.597	0.006187295
102	118.761	293.416	293.597	0.006185588
103	119.916	293.409	293.572	0.006188732
104	121.07	293.409	293.572	0.006187121
105	122.222	293.401	293.581	0.006187117
106	123.371	293.401	293.581	0.006186614
107	124.524	293.394	293.556	0.006187545
108	125.674	293.394	293.556	0.006187888
109	126.826	293.387	293.559	0.006188053
110	127.98	293.387	293.559	0.00618686
111	129.131	293.381	293.555	0.006186523
112	130.284	293.381	293.555	0.006186434
113	131.437	293.374	293.558	0.006188134
114	132.588	293.374	293.558	0.00618695
115	133.738	293.367	293.557	0.00618737
116	134.921	293.367	293.557	0.006185074
117	136.073	293.36	293.536	0.006188305
118	137.227	293.36	293.536	0.006187201
119	138.377	293.351	293.527	0.006188641
120	139.529	293.351	293.527	0.006187368
121	140.683	293.344	293.509	0.006188809
122	141.831	293.344	293.509	0.006187956
123	142.982	293.337	293.525	0.006187027
124	144.13	293.337	293.525	0.006186851
125	145.278	293.328	293.515	0.006187701
126	146.431	293.328	293.515	0.006187197
127	147.583	293.321	293.508	0.006187533
128	148.732	293.321	293.508	0.006186848
129	149.92	293.313	293.49	0.006185572
130	151.071	293.313	293.49	0.006186679
131	152.222	293.306	293.494	0.006188208
132	153.386	293.306	293.494	0.006186762
133	154.551	293.299	293.483	0.006185827
134	155.703	293.299	293.483	0.006187444
135	156.854	293.29	293.462	0.006186427
136	158.004	293.29	293.462	0.006186334
137	159.156	293.283	293.451	0.006185825
138	160.318	293.283	293.451	0.006186502
139	161.468	293.275	293.466	0.006184975
140	162.633	293.275	293.466	0.006185655
141	163.784	293.268	293.442	0.006186593
142	164.936	293.268	293.442	0.006186251
143	166.088	293.26	293.451	0.006184976
144	167.252	293.26	293.451	0.006184804
145	168.404	293.252	293.433	0.006186588
146	169.558	293.252	293.433	0.006187352
147	170.708	293.245	293.422	0.00618429
148	171.967	293.236	293.436	0.00618455
149	173.148	293.236	293.436	0.006185142
150	174.299	293.228	293.393	0.006185824
151	175.451	293.228	293.393	0.006184208
152	176.602	293.22	293.409	0.006186077
153	177.749	293.22	293.409	0.006184028
154	178.897	293.212	293.402	0.006186074
155	180.049	293.212	293.402	0.006185818
156	181.201	293.201	293.395	0.006186249
157	182.352	293.201	293.395	0.006185733
158	183.502	293.194	293.396	0.006186579
159	184.653	293.194	293.396	0.006185559
160	185.8	293.186	293.375	0.00618573
161	186.951	293.186	293.375	0.006185729
162	188.102	293.176	293.387	0.00618505
163	189.252	293.176	293.387	0.006184456
164	190.402	293.169	293.353	0.006183861
165	191.552	293.169	293.353	0.006185045
166	192.701	293.159	293.338	0.006183
167	193.854	293.159	293.338	0.006185557
168	195.004	293.151	293.351	0.006185388
169	196.154	293.151	293.351	0.006184368
170	197.315	293.145	293.346	0.00618564
171	198.466	293.145	293.346	0.006184194
172	199.616	293.135	293.339	0.006185215
173	200.763	293.135	293.339	0.006184198
174	201.943	293.126	293.325	0.006183005
175	203.127	293.126	293.325	0.006183599
176	204.279	293.117	293.322	0.006184536
177	205.433	293.117	293.322	0.006184616
178	206.582	293.108	293.312	0.006182661
179	207.733	293.108	293.312	0.006183169
180	208.881	293.099	293.312	0.00618292
181	210.029	293.099	293.312	0.0061836
182	211.18	293.089	293.283	0.006183935
183	212.331	293.089	293.283	0.006183
184	213.478	293.08	293.304	0.006183777
185	214.629	293.08	293.304	0.006183256
186	215.789	293.071	293.282	0.00618317
187	216.941	293.071	293.282	0.006182744
188	218.091	293.063	293.284	0.006183255
189	219.238	293.063	293.284	0.006183168
190	220.402	293.054	293.26	0.006182063
191	221.556	293.054	293.26	0.006182401
192	222.706	293.045	293.259	0.006182398
193	223.889	293.045	293.259	0.006183677
194	225.039	293.035	293.242	0.006183507
195	226.194	293.035	293.242	0.006182913
196	227.346	293.027	293.26	0.006183928
197	228.495	293.027	293.26	0.006183418
198	229.646	293.017	293.248	0.006182994
199	230.8	293.017	293.248	0.006183504
200	231.952	293.008	293.223	0.006183331
201	233.12	293.008	293.223	0.006183158
202	234.273	293.0	293.201	0.006183841
203	235.425	293.0	293.201	0.006183254
204	236.576	292.989	293.226	0.006184778
205	237.741	292.989	293.226	0.006184014
206	238.906	292.981	293.193	0.006184179
207	240.059	292.981	293.193	0.006181972
208	241.213	292.969	293.17	0.006182651
209	242.377	292.969	293.17	0.006183158
210	243.542	292.96	293.166	0.006184518
211	244.697	292.96	293.166	0.00618264
212	245.878	292.95	293.163	0.006182733
213	247.042	292.95	293.163	0.006182984
214	248.194	292.94	293.157	0.006183155
215	249.358	292.94	293.157	0.00618426
216	250.516	292.932	293.182	0.006182902
217	251.681	292.932	293.182	0.006182561
218	252.833	292.921	293.145	0.006181031
219	253.984	292.921	293.145	0.006181373
220	255.136	292.911	293.112	0.006182563
221	256.304	292.911	293.112	0.006182731
222	257.469	292.901	293.119	0.006182048
223	258.635	292.901	293.119	0.006180518
224	259.802	292.892	293.122	0.006181711
225	260.995	292.892	293.122	0.006181116
226	262.163	292.883	293.12	0.006181457
227	263.33	292.883	293.12	0.006181373
228	264.492	292.872	293.116	0.006181451
229	265.657	292.872	293.116	0.006181197
230	266.823	292.862	293.083	0.006181025
231	267.988	292.862	293.083	0.006182218
232	269.157	292.852	293.082	0.006181626
233	270.324	292.852	293.082	0.006180945
234	271.489	292.841	293.066	0.006180351
235	272.656	292.841	293.066	0.00618009
236	273.823	292.831	293.053	0.006179667
237	275.006	292.831	293.053	0.006180435
238	276.204	292.819	293.052	0.006180686
239	277.46	292.808	293.051	0.006178899
240	278.629	292.808	293.051	0.00617856
241	279.795	292.798	293.027	0.006180686
242	280.988	292.798	293.027	0.006180773
243	282.156	292.788	293.043	0.00617941
244	283.321	292.788	293.043	0.006179831
245	284.484	292.779	293.024	0.006181195
246	285.651	292.779	293.024	0.006180344
247	286.831	292.768	293.004	0.006179665
248	287.999	292.768	293.004	0.006179408
249	289.166	292.757	293.004	0.006177538
250	290.33	292.757	293.004	0.006178983
251	291.495	292.746	292.995	0.00617941
252	292.66	292.746	292.995	0.006178223
253	293.826	292.737	292.971	0.006178982
254	294.992	292.737	292.971	0.006179491
255	296.157	292.726	292.987	0.006177964
256	297.322	292.726	292.987	0.006179328
257	298.475	292.715	292.947	0.006176939
258	299.657	292.715	292.947	0.006179492
259	300.822	292.704	292.925	0.006179323
260	301.974	292.704	292.925	0.006177198
261	303.123	292.693	292.93	0.006178812
262	304.276	292.693	292.93	0.006177711
263	305.424	292.683	292.927	0.00617711
264	306.576	292.683	292.927	0.00617703
265	307.726	292.67	292.94	0.006176943
266	308.887	292.67	292.94	0.006177616
267	310.038	292.658	292.907	0.006176764
268	311.186	292.658	292.907	0.006178644
269	312.336	292.649	292.907	0.006176515
270	313.491	292.649	292.907	0.006175407
271	314.65	292.636	292.891	0.006177535
272	315.803	292.636	292.891	0.006177278
273	316.964	292.625	292.889	0.00617711
274	318.148	292.625	292.889	0.00617473
275	319.299	292.616	292.87	0.006174302
276	320.464	292.616	292.87	0.006176251
277	321.615	292.602	292.862	0.006177962
278	322.767	292.602	292.862	0.006176678
279	323.92	292.592	292.868	0.006177106
280	325.074	292.592	292.868	0.006176599
281	326.225	292.58	292.837	0.006176509
282	327.388	292.58	292.837	0.006177107
283	328.55	292.568	292.832	0.006177358
284	329.719	292.568	292.832	0.006175996
285	330.881	292.555	292.834	0.006177194
286	332.046	292.555	292.834	0.006176937
287	333.213	292.546	292.805	0.006176594
288	334.379	292.546	292.805	0.006174471
289	335.548	292.536	292.793	0.006176339
290	336.712	292.536	292.793	0.006176508
291	337.877	292.522	292.79	0.006177186
292	339.028	292.522	292.79	0.006176513
293	340.194	292.508	292.78	0.006175485
294	341.359	292.508	292.78	0.00617481
295	342.524	292.498	292.784	0.006175061
296	343.677	292.498	292.784	0.006175997
297	344.842	292.486	292.763	0.006174894
298	346.009	292.486	292.763	0.006175738
299	347.176	292.474	292.764	0.006175567
300	348.326	292.474	292.764	0.006175146
301	349.48	292.461	292.72	0.006175482
302	350.646	292.461	292.72	0.006174296
303	351.812	292.449	292.713	0.006174552
304	352.978	292.449	292.713	0.006174971
305	354.144	292.437	292.704	0.006176419
306	355.313	292.437	292.704	0.006175063
307	356.48	292.426	292.697	0.006175907
308	357.738	292.412	292.679	0.006174805
309	358.901	292.412	292.679	0.006174546
310	360.067	292.401	292.666	0.006174717
311	361.231	292.401	292.666	0.006175652
312	362.397	292.39	292.687	0.006174462
313	363.552	292.39	292.687	0.006173614
314	364.703	292.378	292.65	0.006174374
315	365.872	292.378	292.65	0.006173359
316	367.039	292.365	292.646	0.006173781
317	368.203	292.365	292.646	0.006174294
318	369.368	292.354	292.656	0.006174124
319	370.533	292.354	292.656	0.006173271
320	371.702	292.338	292.601	0.006174203
321	372.883	292.338	292.601	0.006172422
322	374.049	292.327	292.611	0.006172847
323	375.215	292.327	292.611	0.006173875
324	376.381	292.313	292.609	0.00617157
325	377.529	292.313	292.609	0.006173437
326	378.678	292.301	292.575	0.006174374
327	379.829	292.301	292.575	0.006175225
328	381.011	292.289	292.564	0.006175814
329	382.161	292.289	292.564	0.006174797
330	383.311	292.276	292.574	0.006173615
331	384.464	292.276	292.574	0.006173775
332	385.615	292.264	292.535	0.006172759
333	386.783	292.264	292.535	0.006173097
334	387.948	292.25	292.54	0.00617233
335	389.113	292.25	292.54	0.006171985
336	390.282	292.238	292.528	0.006172586
337	391.437	292.238	292.528	0.006175138
338	392.602	292.224	292.532	0.006173355
339	393.768	292.224	292.532	0.006173354
340	394.93	292.213	292.501	0.006172755
341	396.099	292.213	292.501	0.006172752
342	397.261	292.198	292.504	0.006171732
343	398.43	292.198	292.504	0.006172164
344	399.597	292.186	292.468	0.00617386
345	400.764	292.186	292.468	0.006171906
346	401.933	292.174	292.478	0.006171479
347	403.096	292.174	292.478	0.006172496
348	404.263	292.16	292.44	0.006174281
349	405.428	292.16	292.44	0.006172589
350	406.595	292.145	292.451	0.006171557
351	407.761	292.145	292.451	0.00617301
352	408.921	292.133	292.428	0.006171987
353	410.077	292.133	292.428	0.006170884
354	411.244	292.119	292.415	0.006170881
355	412.408	292.119	292.415	0.006169348
356	413.558	292.106	292.406	0.006171144
357	414.713	292.106	292.406	0.006171393
358	415.866	292.092	292.405	0.006170207
359	417.014	292.092	292.405	0.006170537
360	418.166	292.079	292.373	0.00616927
361	419.317	292.079	292.373	0.006169603
362	420.468	292.065	292.357	0.00616876
363	421.62	292.065	292.357	0.006169861
364	422.767	292.051	292.36	0.006168505
365	423.921	292.051	292.36	0.00617063
366	425.106	292.037	292.33	0.006169177
367	426.272	292.037	292.33	0.006170128
368	427.44	292.025	292.358	0.006170038
369	428.602	292.025	292.358	0.006169697
370	429.771	292.011	292.322	0.006168077
371	430.921	292.011	292.322	0.006169097
372	432.072	291.999	292.311	0.006168159
373	433.221	291.999	292.311	0.006169269
374	434.373	291.984	292.294	0.006169266
375	435.525	291.984	292.294	0.006167655
376	436.672	291.969	292.286	0.006170121
377	437.821	291.969	292.286	0.006168162
378	438.973	291.954	292.252	0.006168924
379	440.122	291.954	292.252	0.006169604
380	441.274	291.944	292.248	0.006169863
381	442.427	291.944	292.248	0.006167055
382	443.577	291.927	292.242	0.006167482
383	444.74	291.927	292.242	0.006166882
384	445.891	291.915	292.232	0.006169266
385	447.041	291.915	292.232	0.006169609
386	448.192	291.899	292.203	0.0061685
387	449.35	291.899	292.203	0.006167226
388	450.506	291.885	292.197	0.006167392
389	451.768	291.871	292.164	0.006167142
390	452.956	291.871	292.164	0.006167821
391	454.108	291.857	292.164	0.00616884
392	455.257	291.857	292.164	0.00616757
393	456.421	291.843	292.161	0.006167142
394	457.573	291.843	292.161	0.006169265
395	458.728	291.829	292.145	0.006168921
396	459.878	291.829	292.145	0.006169009
397	461.041	291.813	292.139	0.006167648
398	462.204	291.813	292.139	0.006167904
399	463.353	291.798	292.128	0.00616587
400	464.503	291.798	292.128	0.006167134
401	465.668	291.785	292.114	0.006168331
402	466.83	291.785	292.114	0.006165951
403	467.978	291.771	292.1	0.006168496
404	469.132	291.771	292.1	0.00616799
405	470.293	291.757	292.073	0.006164756
406	471.46	291.757	292.073	0.006165691
407	472.613	291.738	292.079	0.006164927
408	473.768	291.738	292.079	0.00616773
409	474.937	291.724	292.035	0.006165778
410	476.101	291.724	292.035	0.006165015
411	477.256	291.709	292.031	0.006165179
412	478.419	291.709	292.031	0.006164411
413	479.585	291.695	292.035	0.006165095
414	480.753	291.695	292.035	0.006164583
415	481.92	291.681	292.013	0.006165942
416	483.083	291.681	292.013	0.00616595
417	484.238	291.665	292.006	0.006165693
418	485.391	291.665	292.006	0.00616459
419	486.555	291.649	291.991	0.006162459
420	487.718	291.649	291.991	0.006164839
421	488.882	291.635	291.963	0.00616433
422	490.037	291.635	291.963	0.006164161
423	491.224	291.62	291.961	0.006165603
424	492.378	291.62	291.961	0.006163989
425	493.527	291.605	291.94	0.006163389
426	494.679	291.605	291.94	0.00616255
427	495.847	291.59	291.945	0.006165608
428	497.012	291.59	291.945	0.006165521
429	498.163	291.576	291.906	0.006164838
430	499.316	291.576	291.906	0.006165003
431	500.478	291.56	291.892	0.006165779
432	501.628	291.56	291.892	0.00616322
433	502.782	291.544	291.88	0.006163474
434	503.949	291.544	291.88	0.006162887
435	505.101	291.528	291.862	0.006164919
436	506.264	291.528	291.862	0.006164333
437	507.416	291.513	291.859	0.00616322
438	508.568	291.513	291.859	0.006165343
439	509.719	291.495	291.85	0.006163218
440	510.898	291.495	291.85	0.006163564
441	512.062	291.482	291.842	0.0061622
442	513.224	291.482	291.842	0.006164073
443	514.376	291.465	291.819	0.006162626
444	515.528	291.465	291.819	0.006162461
445	516.69	291.454	291.8	0.00616339
446	517.844	291.454	291.8	0.006162626
447	519.006	291.435	291.782	0.006163731
448	520.172	291.435	291.782	0.006161608
449	521.336	291.419	291.774	0.006162883
450	522.489	291.419	291.774	0.00616212
451	523.653	291.403	291.745	0.006161525
452	524.803	291.403	291.745	0.00616076
453	525.967	291.388	291.727	0.006161261
454	527.131	291.388	291.727	0.006159999
455	528.284	291.372	291.735	0.006161102
456	529.448	291.372	291.735	0.006161775
457	530.601	291.355	291.72	0.006162376
458	531.765	291.355	291.72	0.006161183
459	532.948	291.34	291.695	0.006161609
460	534.108	291.34	291.695	0.006160073
461	535.258	291.324	291.685	0.0061611
462	536.41	291.324	291.685	0.00615965
463	537.562	291.306	291.654	0.006162462
464	538.713	291.306	291.654	0.00616152
465	539.863	291.29	291.651	0.006160839
466	541.016	291.29	291.651	0.006161944
467	542.178	291.274	291.641	0.006160587
468	543.343	291.274	291.641	0.006160839
469	544.495	291.257	291.616	0.006161097
470	545.646	291.257	291.616	0.006161102
471	546.803	291.243	291.607	0.006160073
472	548.079	291.226	291.591	0.006158801
473	549.267	291.226	291.591	0.006159053
474	550.435	291.211	291.576	0.006158122
475	551.622	291.211	291.576	0.006158208
476	552.787	291.194	291.557	0.006159055
477	553.951	291.194	291.557	0.006159566
478	555.117	291.177	291.528	0.006159653
479	556.267	291.177	291.528	0.00615753
480	557.431	291.161	291.524	0.006158458
481	558.597	291.161	291.524	0.00615702
482	559.763	291.144	291.514	0.006159307
483	560.929	291.144	291.514	0.006158377
484	562.094	291.128	291.51	0.006156505
485	563.279	291.128	291.51	0.006158119
486	564.445	291.112	291.481	0.006158204
487	565.61	291.112	291.481	0.006158207
488	566.766	291.095	291.457	0.006158035
489	567.931	291.095	291.457	0.006157607
490	569.083	291.076	291.463	0.006156932
491	570.249	291.076	291.463	0.006156842
492	571.411	291.059	291.437	0.006157013
493	572.579	291.059	291.437	0.006156594
494	573.732	291.041	291.407	0.00615557
495	574.915	291.041	291.407	0.006157183
496	576.083	291.024	291.405	0.006156339
497	577.249	291.024	291.405	0.006156764
498	578.417	291.01	291.397	0.006157435
499	579.587	291.01	291.397	0.006156422
500	580.747	290.993	291.363	0.006157184
501	581.916	290.993	291.363	0.006156591
502	583.078	290.974	291.357	0.0061576
503	584.244	290.974	291.357	0.006156846
504	585.407	290.959	291.338	0.006155313
505	586.56	290.959	291.338	0.006155139
506	587.723	290.941	291.341	0.006155397
507	588.886	290.941	291.341	0.006156507
508	590.054	290.923	291.327	0.006155993
509	591.22	290.923	291.327	0.006154716
510	592.386	290.91	291.289	0.006154981
511	593.553	290.91	291.289	0.006154205
512	594.723	290.89	291.282	0.006154887
513	595.892	290.89	291.282	0.006154971
514	597.058	290.872	291.261	0.006155906
515	598.227	290.872	291.261	0.006157188
516	599.393	290.855	291.252	0.006155819
517	600.559	290.855	291.252	0.006155734
518	601.712	290.835	291.239	0.006156755
519	602.877	290.835	291.239	0.006155392
520	604.04	290.818	291.216	0.006154719
521	605.204	290.818	291.216	0.006155056
522	606.371	290.802	291.181	0.006155652
523	607.524	290.802	291.181	0.006154205
524	608.686	290.784	291.174	0.006155479
525	609.839	290.784	291.174	0.006153439
526	610.993	290.767	291.165	0.006153529
527	612.145	290.767	291.165	0.006155225
528	613.297	290.749	291.169	0.006154973
529	614.451	290.749	291.169	0.006154547
530	615.617	290.732	291.136	0.006155309
531	616.77	290.732	291.136	0.006154119
532	617.932	290.714	291.125	0.006154462
533	619.178	290.696	291.079	0.006155562
534	620.34	290.696	291.079	0.006155225
535	621.497	290.677	291.073	0.006154459
536	622.664	290.677	291.073	0.006155394
537	623.827	290.659	291.064	0.00615327
538	624.992	290.659	291.064	0.006152765
539	626.159	290.642	291.033	0.006153187
540	627.328	290.642	291.033	0.006152503
541	628.483	290.625	291.02	0.006153955
542	629.651	290.625	291.02	0.006154375
543	630.819	290.606	291.019	0.006152848
544	631.986	290.606	291.019	0.006152929
545	633.152	290.586	290.987	0.006153359
546	634.317	290.586	290.987	0.006152246
547	635.482	290.567	290.976	0.006153613
548	636.637	290.567	290.976	0.00615183
549	637.803	290.549	290.945	0.006152503
550	638.957	290.549	290.945	0.006151144
551	640.127	290.532	290.932	0.006152757
552	641.276	290.532	290.932	0.006152679
553	642.426	290.512	290.916	0.006153009
554	643.576	290.512	290.916	0.006152336
555	644.738	290.496	290.906	0.006151403
556	645.889	290.496	290.906	0.006151996
557	647.054	290.477	290.875	0.006153099
558	648.206	290.477	290.875	0.006154294
559	649.357	290.46	290.855	0.00615259
560	650.508	290.46	290.855	0.006152247
561	651.671	290.442	290.845	0.006153181
562	652.823	290.442	290.845	0.00615191
563	653.975	290.423	290.831	0.006153608
564	655.127	290.423	290.831	0.006151482
565	656.279	290.404	290.797	0.006151144
566	657.429	290.404	290.797	0.006152165
567	658.579	290.385	290.786	0.006152077
568	659.728	290.385	290.786	0.006152673
569	660.876	290.368	290.775	0.006150979
570	662.027	290.368	290.775	0.006152334
571	663.178	290.347	290.745	0.006152755
572	664.327	290.347	290.745	0.006152504
573	665.48	290.33	290.748	0.006152418
574	666.632	290.33	290.748	0.006151739
575	667.784	290.307	290.724	0.006150204
576	668.968	290.307	290.724	0.006150973
577	670.119	290.291	290.689	0.006149783
578	671.269	290.291	290.689	0.006150381
579	672.428	290.271	290.692	0.006151904
580	673.581	290.271	290.692	0.006150884
581	674.727	290.252	290.66	0.006151391
582	675.88	290.252	290.66	0.006149954
583	677.061	290.233	290.669	0.006149694
584	678.243	290.233	290.669	0.006150291
585	679.389	290.214	290.639	0.006149278
586	680.542	290.214	290.639	0.006150632
587	681.693	290.195	290.619	0.00614936
588	682.845	290.195	290.619	0.006149108
589	683.995	290.176	290.604	0.006149778
590	685.146	290.176	290.604	0.006149697
591	686.33	290.157	290.569	0.006149523
592	687.481	290.157	290.569	0.006149694
593	688.629	290.136	290.553	0.006150546
594	689.778	290.136	290.553	0.006148938
595	690.93	290.119	290.537	0.006149522
596	692.081	290.119	290.537	0.00615046
597	693.231	290.1	290.542	0.006150288
598	694.382	290.1	290.542	0.006148256
599	695.535	290.08	290.492	0.006149699
600	696.687	290.08	290.492	0.006149867
601	697.837	290.062	290.492	0.006151819
602	698.988	290.062	290.492	0.006148754
603	700.167	290.04	290.464	0.00614842
604	701.321	290.04	290.464	0.006151141
605	702.474	290.02	290.454	0.006148762
606	703.627	290.02	290.454	0.006150287
607	704.784	290.001	290.429	0.00615012
608	705.942	290.001	290.429	0.006149864
609	707.101	289.981	290.413	0.006148337
610	708.251	289.981	290.413	0.006148503
611	709.407	289.962	290.407	0.006149272
612	710.558	289.962	290.407	0.006148842
613	711.712	289.943	290.379	0.006149609
614	712.876	289.943	290.379	0.006150208
615	714.027	289.924	290.354	0.006147907
616	715.18	289.924	290.354	0.00614765
617	716.331	289.903	290.348	0.006147315
618	717.496	289.903	290.348	0.006147742
619	718.645	289.883	290.324	0.006147563
620	719.798	289.883	290.324	0.006146551
621	720.983	289.864	290.338	0.006147391
622	722.134	289.864	290.338	0.006148755
623	723.283	289.844	290.286	0.006147059
624	724.437	289.844	290.286	0.006148755
625	725.59	289.825	290.277	0.00614935
626	726.738	289.825	290.277	0.006148332
627	727.893	289.804	290.237	0.006146632
628	729.045	289.804	290.237	0.00614621
629	730.197	289.784	290.237	0.006146373
630	731.346	289.784	290.237	0.006145016
631	732.498	289.761	290.207	0.006147658
632	733.649	289.761	290.207	0.006146373
633	734.799	289.742	290.187	0.006146295
634	735.948	289.742	290.187	0.006145874
635	737.097	289.722	290.17	0.006147231
636	738.263	289.722	290.17	0.006145617
637	739.412	289.702	290.17	0.006145102
638	740.565	289.702	290.17	0.006146463
639	741.718	289.68	290.119	0.006146208
640	742.896	289.68	290.119	0.006146299
641	744.048	289.661	290.107	0.00614663
642	745.199	289.661	290.107	0.006145274
643	746.348	289.641	290.085	0.006144593
644	747.953	289.621	290.068	0.006144675
645	749.117	289.621	290.068	0.006144933
646	750.304	289.6	290.07	0.006144761
647	751.458	289.6	290.07	0.006144338
648	752.621	289.579	290.036	0.006145187
649	753.773	289.579	290.036	0.00614383
650	754.956	289.559	290.011	0.006143314
651	756.107	289.559	290.011	0.006143063
652	757.27	289.54	289.988	0.006141965
653	758.418	289.54	289.988	0.006142131
654	759.569	289.519	289.964	0.00614332
655	760.752	289.519	289.964	0.006143235
656	761.901	289.498	289.961	0.006142721
657	763.053	289.498	289.961	0.00614315
658	764.212	289.474	289.931	0.00614298
659	765.364	289.474	289.931	0.006142124
660	766.517	289.453	289.909	0.006141786
661	767.666	289.453	289.909	0.00614213
662	768.816	289.433	289.899	0.006141276
663	769.981	289.433	289.899	0.006141792
664	771.134	289.411	289.871	0.006140515
665	772.285	289.411	289.871	0.006142047
666	773.437	289.396	289.839	0.006141957
667	774.588	289.396	289.839	0.006141281
668	775.742	289.37	289.83	0.006142554
669	776.892	289.37	289.83	0.006140686
670	778.042	289.349	289.807	0.006141197
671	779.204	289.349	289.807	0.006141368
672	780.357	289.329	289.796	0.006137709
673	781.51	289.329	289.796	0.006140005
674	782.663	289.308	289.779	0.00613915
675	783.815	289.308	289.779	0.006140857
676	785.003	289.286	289.764	0.006140344
677	786.157	289.286	289.764	0.00614077
678	787.307	289.266	289.736	0.006139752
679	788.459	289.266	289.736	0.006140179
680	789.61	289.245	289.727	0.006138478
681	790.764	289.245	289.727	0.006139159
682	791.916	289.223	289.701	0.006138048
683	793.064	289.223	289.701	0.006139243
684	794.215	289.203	289.678	0.006138986
685	795.368	289.203	289.678	0.006139752
686	796.521	289.177	289.659	0.006138053
687	797.674	289.177	289.659	0.006140518
688	798.839	289.156	289.637	0.00613839
689	799.993	289.156	289.637	0.006138738
690	801.152	289.135	289.619	0.006138648
691	802.304	289.135	289.619	0.006138562
692	803.457	289.113	289.599	0.006138818
693	804.61	289.113	289.599	0.006138645
694	805.761	289.093	289.585	0.006137288
695	806.944	289.093	289.585	0.006136609
696	808.109	289.072	289.556	0.006137205
697	809.28	289.072	289.556	0.006138306
698	810.432	289.049	289.541	0.006139838
699	811.583	289.049	289.541	0.006137374
700	812.737	289.028	289.525	0.006137372
701	813.888	289.028	289.525	0.006138145
702	815.04	289.006	289.493	0.006137203
703	816.191	289.006	289.493	0.006137711
704	817.341	288.985	289.476	0.006135761
705	818.494	288.985	289.476	0.00613593
706	819.645	288.962	289.447	0.006136352
707	820.797	288.962	289.447	0.006135847
708	821.962	288.94	289.431	0.00613627
709	823.114	288.94	289.431	0.006136777
710	824.267	288.918	289.403	0.006136011
711	825.422	288.918	289.403	0.006135162
712	826.577	288.897	289.371	0.006134911
713	827.73	288.897	289.371	0.006133805
714	828.883	288.872	289.341	0.006133635
715	830.035	288.872	289.341	0.006134485
716	831.199	288.85	289.33	0.00613482
717	832.35	288.85	289.33	0.006134738
718	833.5	288.826	289.334	0.006134397
719	834.752	288.806	289.292	0.006132863
720	835.902	288.806	289.292	0.006135081
721	837.058	288.783	289.272	0.006134138
722	838.208	288.783	289.272	0.006135078
723	839.359	288.761	289.255	0.006134655
724	840.524	288.761	289.255	0.006132955
725	841.688	288.739	289.233	0.006134488
726	842.843	288.739	289.233	0.006134316
727	843.994	288.716	289.196	0.006133039
728	845.159	288.716	289.196	0.006133974
729	846.311	288.696	289.199	0.006132529
730	847.458	288.696	289.199	0.006133202
731	848.613	288.678	289.163	0.006132275
732	849.771	288.678	289.163	0.00613389
733	850.964	288.65	289.139	0.006132449
734	852.113	288.65	289.139	0.006134819
735	853.267	288.628	289.125	0.0061327
736	854.419	288.628	289.125	0.006130575
737	855.573	288.606	289.113	0.006132105
738	856.726	288.606	289.113	0.006131339
739	857.908	288.584	289.086	0.006131681
740	859.068	288.584	289.086	0.006132023
741	860.232	288.557	289.062	0.006131423
742	861.385	288.557	289.062	0.006131598
743	862.551	288.535	289.054	0.006130488
744	863.706	288.535	289.054	0.00612998
745	864.862	288.512	289.018	0.006131851
746	866.045	288.512	289.018	0.006131591
747	867.212	288.489	288.984	0.006131002
748	868.361	288.489	288.984	0.006131002
749	869.517	288.467	288.986	0.006130066
750	870.668	288.467	288.986	0.006131339
751	871.822	288.443	288.955	0.006130489
752	872.984	288.443	288.955	0.006130317
753	874.149	288.422	288.933	0.006128706
754	875.313	288.422	288.933	0.006130829
755	876.496	288.398	288.891	0.006130488
756	877.652	288.398	288.891	0.006129639
757	878.805	288.377	288.884	0.006129893
758	879.956	288.377	288.884	0.006129216
759	881.124	288.353	288.87	0.00613015
760	882.276	288.353	288.87	0.006130238
761	883.427	288.33	288.838	0.006128026
762	884.582	288.33	288.838	0.006129812
763	885.734	288.306	288.811	0.006129302
764	886.921	288.306	288.811	0.006128536
765	888.072	288.284	288.805	0.006129561
766	889.233	288.284	288.805	0.006129133
767	890.399	288.26	288.786	0.006129217
768	891.551	288.26	288.786	0.006127261
769	892.703	288.234	288.758	0.006128962
770	893.857	288.234	288.758	0.006127516
771	895.009	288.21	288.743	0.006128026
772	896.162	288.21	288.743	0.006128024
773	897.318	288.187	288.714	0.006128363
774	898.47	288.187	288.714	0.006127599
775	899.653	288.164	288.681	0.006128195
776	900.806	288.164	288.681	0.006128878
777	901.954	288.142	288.656	0.006127345
778	903.11	288.142	288.656	0.00612803
779	904.264	288.118	288.648	0.006127428
780	905.417	288.118	288.648	0.006127263
781	906.57	288.094	288.622	0.006128201
782	907.726	288.094	288.622	0.006127774
783	908.892	288.071	288.604	0.006127009
784	910.052	288.071	288.604	0.006127518
785	911.218	288.048	288.548	0.006126587
786	912.366	288.048	288.548	0.006125989
787	913.52	288.024	288.561	0.006125647
788	914.685	288.024	288.561	0.006127345
789	915.842	288.0	288.533	0.006125564
790	917.024	288.0	288.533	0.006126326
791	918.207	287.976	288.493	0.006127354
792	919.373	287.976	288.493	0.006126498
793	920.528	287.953	288.485	0.006126663
794	921.694	287.953	288.485	0.006125739
795	922.858	287.929	288.458	0.006126242
796	924.025	287.929	288.458	0.006124367
797	925.19	287.902	288.42	0.006125393
798	926.345	287.902	288.42	0.006125141
799	927.509	287.878	288.399	0.006124211
800	928.662	287.878	288.399	0.006123443
801	929.815	287.854	288.361	0.006125309
802	931.083	287.83	288.35	0.006124805
803	932.244	287.83	288.35	0.006124288
804	933.401	287.806	288.325	0.006122852
805	934.552	287.806	288.325	0.006122675
806	935.707	287.782	288.312	0.006124203
807	936.863	287.782	288.312	0.006124453
808	938.041	287.758	288.275	0.00612658
809	939.191	287.758	288.275	0.006123779
810	940.346	287.734	288.254	0.006123437
811	941.508	287.734	288.254	0.006124374
812	942.659	287.709	288.238	0.006122331
813	943.82	287.709	288.238	0.006124712
814	945.005	287.686	288.202	0.006123858
815	946.161	287.686	288.202	0.006124962
816	947.312	287.662	288.194	0.006123355
817	948.464	287.662	288.194	0.006124209
818	949.629	287.637	288.17	0.006123266
819	950.783	287.637	288.17	0.006122075
820	951.935	287.613	288.143	0.006122415
821	953.097	287.613	288.143	0.006121148
822	954.267	287.589	288.129	0.006123272
823	955.432	287.589	288.129	0.006122594
824	956.599	287.564	288.097	0.006122756
825	957.767	287.564	288.097	0.006122924
826	958.923	287.536	288.083	0.006121996
827	960.088	287.536	288.083	0.006120715
828	961.242	287.511	288.062	0.006122588
829	962.41	287.511	288.062	0.006121313
830	963.58	287.487	288.021	0.006122764
831	964.746	287.487	288.021	0.00612259
832	965.898	287.462	287.994	0.006122506
833	967.066	287.462	287.994	0.006120549
834	968.233	287.437	287.976	0.006121062
835	969.39	287.437	287.976	0.006121316
836	970.544	287.413	287.941	0.006120884
837	971.698	287.413	287.941	0.006120547
838	972.864	287.388	287.939	0.006120034
839	974.035	287.388	287.939	0.006121312
840	975.204	287.363	287.918	0.006121228
841	976.371	287.363	287.918	0.006120037
842	977.537	287.339	287.889	0.006119278
843	978.704	287.339	287.889	0.006119193
844	979.87	287.314	287.869	0.006120556
845	981.037	287.314	287.869	0.006118766
846	982.2	287.289	287.85	0.006119869
847	983.366	287.289	287.85	0.006118939
848	984.532	287.264	287.795	0.006121061
849	985.7	287.264	287.795	0.006118851
850	986.863	287.24	287.792	0.006119186
851	988.031	287.24	287.792	0.006119447
852	989.196	287.214	287.762	0.006117923
853	990.348	287.214	287.762	0.006118767
854	991.514	287.185	287.751	0.006120635
855	992.68	287.185	287.751	0.00612021
856	993.844	287.161	287.72	0.006117838
857	995.025	287.161	287.72	0.006118344
858	996.188	287.136	287.703	0.006118683
859	997.355	287.136	287.703	0.006117407
860	998.519	287.111	287.657	0.006118085
861	999.688	287.111	287.657	0.006117835
862	1000.859	287.086	287.642	0.006118258
863	1002.023	287.086	287.642	0.006118937
864	1003.181	287.061	287.623	0.006118339
865	1004.332	287.061	287.623	0.006119872
866	1005.501	287.034	287.599	0.00611741
867	1006.758	287.008	287.558	0.006117234
868	1007.912	287.008	287.558	0.006117743
869	1009.094	286.984	287.534	0.006116477
870	1010.256	286.984	287.534	0.006116048
871	1011.411	286.959	287.507	0.006116896
872	1012.577	286.959	287.507	0.006116304
873	1013.741	286.933	287.485	0.00611537
874	1014.911	286.933	287.485	0.00611639
875	1016.076	286.908	287.465	0.006114604
876	1017.242	286.908	287.465	0.006115874
877	1018.406	286.882	287.455	0.006115707
878	1019.573	286.882	287.455	0.006116563
879	1020.738	286.857	287.438	0.006114346
880	1021.905	286.857	287.438	0.006117324
881	1023.073	286.827	287.393	0.006115288
882	1024.237	286.827	287.393	0.00611596
883	1025.402	286.802	287.367	0.006115537
884	1026.558	286.802	287.367	0.006115117
885	1027.726	286.775	287.335	0.006114858
886	1028.891	286.775	287.335	0.006115625
887	1030.046	286.754	287.325	0.006115875
888	1031.212	286.754	287.325	0.00611545
889	1032.38	286.726	287.287	0.006114433
890	1033.545	286.726	287.287	0.006115885
891	1034.712	286.698	287.263	0.00611494
892	1035.88	286.698	287.263	0.006113927
893	1037.064	286.672	287.252	0.006113756
894	1038.246	286.672	287.252	0.006116133
895	1039.413	286.647	287.21	0.006113841
896	1040.58	286.647	287.21	0.006112312
897	1041.745	286.62	287.196	0.006113926
898	1042.928	286.62	287.196	0.006113839
899	1044.097	286.595	287.175	0.006113495
900	1045.268	286.595	287.175	0.006112739
901	1046.436	286.567	287.13	0.006113417
902	1047.594	286.567	287.13	0.006112317
903	1048.776	286.542	287.128	0.00611214
904	1049.929	286.542	287.128	0.006112904
905	1051.094	286.515	287.079	0.006113663
906	1052.262	286.515	287.079	0.006113417
907	1053.43	286.491	287.071	0.006111206
908	1054.597	286.491	287.071	0.006112904
909	1055.762	286.46	287.041	0.00611206
910	1056.929	286.46	287.041	0.006111885
911	1058.092	286.434	287.018	0.006111204
912	1059.262	286.434	287.018	0.006110525
913	1060.426	286.407	286.978	0.006111288
914	1061.588	286.407	286.978	0.00611138
915	1062.742	286.381	286.951	0.006111037
916	1063.915	286.381	286.951	0.006110364
917	1065.105	286.355	286.95	0.006109766
918	1066.269	286.355	286.95	0.006110103
919	1067.435	286.327	286.927	0.006111121
920	1068.684	286.301	286.891	0.006110782
921	1069.844	286.301	286.891	0.006109847
922	1071.014	286.274	286.863	0.006110445
923	1072.181	286.274	286.863	0.006109081
924	1073.348	286.249	286.841	0.006108234
925	1074.501	286.249	286.841	0.006109169
926	1075.67	286.221	286.817	0.006108406
927	1076.832	286.221	286.817	0.006109171
928	1077.989	286.196	286.777	0.006108826
929	1079.155	286.196	286.777	0.006107894
930	1080.322	286.168	286.745	0.006108746
931	1081.489	286.168	286.745	0.006108318
932	1082.659	286.141	286.723	0.006107722
933	1083.81	286.141	286.723	0.006107045
934	1085.004	286.116	286.704	0.006107212
935	1086.172	286.116	286.704	0.006109172
936	1087.34	286.084	286.695	0.006108826
937	1088.524	286.084	286.695	0.006106707
938	1089.689	286.057	286.653	0.00610815
939	1090.856	286.057	286.653	0.006108152
940	1092.023	286.029	286.618	0.006107381
941	1093.185	286.029	286.618	0.006107131
942	1094.35	286.003	286.589	0.006106196
943	1095.517	286.003	286.589	0.006107048
944	1096.684	285.977	286.572	0.006106452
945	1097.848	285.977	286.572	0.006106879
946	1099.018	285.949	286.542	0.006107046
947	1100.186	285.949	286.542	0.006104834
948	1101.341	285.921	286.517	0.00610594
949	1102.509	285.921	286.517	0.006106453
950	1103.678	285.896	286.507	0.006103814
951	1104.835	285.896	286.507	0.006104751
952	1105.994	285.872	286.461	0.006105179
953	1107.162	285.872	286.461	0.006104582
954	1108.33	285.841	286.437	0.006105172
955	1109.499	285.841	286.437	0.006104328
956	1110.664	285.814	286.401	0.006105687
957	1111.83	285.814	286.401	0.00610467
958	1112.996	285.787	286.407	0.006103904
959	1114.162	285.787	286.407	0.006103651
960	1115.329	285.759	286.356	0.006103481
961	1116.5	285.759	286.356	0.00610339
962	1117.663	285.733	286.336	0.006103476
963	1118.831	285.733	286.336	0.00610229
964	1119.996	285.7	286.302	0.006103819
965	1121.167	285.7	286.302	0.00610373
966	1122.319	285.672	286.283	0.006103477
967	1123.49	285.672	286.283	0.006103991
968	1124.656	285.646	286.221	0.006103393
969	1125.826	285.646	286.221	0.006102454
970	1126.978	285.618	286.193	0.00610246
971	1128.145	285.618	286.193	0.006101612
972	1129.314	285.59	286.202	0.006102206
973	1130.482	285.59	286.202	0.006101182
974	1131.647	285.563	286.17	0.006102715
975	1132.904	285.535	286.149	0.006103991
976	1134.062	285.535	286.149	0.006103227
977	1135.228	285.507	286.107	0.006102121
978	1136.396	285.507	286.107	0.006102126
979	1137.564	285.48	286.092	0.006100842
980	1138.735	285.48	286.092	0.006101273
981	1139.897	285.453	286.049	0.006101607
982	1141.085	285.453	286.049	0.006099574
983	1142.238	285.423	286.01	0.00609889
984	1143.39	285.423	286.01	0.006100246
985	1144.542	285.397	286.009	0.006101353
986	1145.694	285.397	286.009	0.006099997
987	1146.859	285.369	285.975	0.006100336
988	1148.011	285.369	285.975	0.006098978
989	1149.164	285.341	285.96	0.006099062
990	1150.316	285.341	285.96	0.006099408
991	1151.474	285.312	285.926	0.006097707
992	1152.627	285.312	285.926	0.006098723
993	1153.786	285.28	285.901	0.006099397
994	1154.938	285.28	285.901	0.006098469
995	1156.09	285.252	285.862	0.006099821
996	1157.241	285.252	285.862	0.006099062
997	1158.392	285.224	285.835	0.006097278
998	1159.542	285.224	285.835	0.006098809
999	1160.708	285.196	285.815	0.006097788
1000	1161.862	285.196	285.815	0.006099742
1001	1163.062	285.167	285.797	0.006100593
1002	1164.228	285.167	285.797	0.006097959
1003	1165.393	285.139	285.763	0.00609855
1004	1166.555	285.139	285.763	0.006097959
1005	1167.725	285.111	285.754	0.006098215
1006	1168.905	285.111	285.754	0.006100253
1007	1170.075	285.083	285.706	0.006096684
1008	1171.243	285.083	285.706	0.006095494
1009	1172.395	285.053	285.677	0.006095834
1010	1173.559	285.053	285.677	0.006094737
1011	1174.729	285.026	285.654	0.00609601
1012	1175.894	285.026	285.654	0.006094647
1013	1177.092	284.998	285.64	0.006094566
1014	1178.26	284.998	285.64	0.006093119
1015	1179.412	284.97	285.591	0.006093546
1016	1180.573	284.97	285.591	0.006093801
1017	1181.732	284.945	285.556	0.006093967
1018	1182.884	284.945	285.556	0.006093457
1019	1184.035	284.913	285.558	0.006092861
1020	1185.185	284.913	285.558	0.006094056
1021	1186.339	284.88	285.511	0.006094993
1022	1187.488	284.88	285.511	0.006093207
1023	1188.646	284.852	285.49	0.006092356
1024	1189.793	284.852	285.49	0.006093288
1025	1190.972	284.824	285.444	0.006093967
1026	1192.125	284.824	285.444	0.006092863
1027	1193.276	284.795	285.448	0.006093715
1028	1194.428	284.795	285.448	0.006093205
1029	1195.579	284.765	285.399	0.006091929
1030	1196.731	284.765	285.399	0.006091417
1031	1197.885	284.737	285.381	0.006091513
1032	1199.042	284.737	285.381	0.006093287
1033	1200.208	284.709	285.342	0.00609193
1034	1201.359	284.709	285.342	0.006091844
1035	1202.523	284.678	285.317	0.00609151
1036	1203.69	284.678	285.317	0.006090576
1037	1204.856	284.65	285.299	0.006091258
1038	1206.015	284.65	285.299	0.006091001
1039	1207.178	284.622	285.259	0.006091
1040	1208.326	284.622	285.259	0.006091168
1041	1209.486	284.592	285.237	0.006091593
1042	1210.651	284.592	285.237	0.006089384
1043	1211.808	284.563	285.221	0.006090397
1044	1212.969	284.563	285.221	0.006088786
1045	1214.131	284.535	285.188	0.006088874
1046	1215.295	284.535	285.188	0.006090147
1047	1216.459	284.506	285.15	0.006090831
1048	1217.621	284.506	285.15	0.006089638
1049	1218.785	284.47	285.098	0.006089209
1050	1220.275	284.442	285.066	0.006090062
1051	1221.428	284.442	285.066	0.006089719
1052	1222.579	284.413	285.053	0.00608904
1053	1223.732	284.413	285.053	0.006087941
1054	1224.9	284.385	285.032	0.006088362
1055	1226.053	284.385	285.032	0.006087601
1056	1227.203	284.356	284.995	0.006086241
1057	1228.367	284.356	284.995	0.006088028
1058	1229.519	284.326	284.972	0.006088026
1059	1230.672	284.326	284.972	0.006087598
1060	1231.833	284.295	284.908	0.006086328
1061	1232.982	284.295	284.908	0.006085221
1062	1234.15	284.266	284.904	0.006086926
1063	1235.312	284.266	284.904	0.006085901
1064	1236.465	284.237	284.864	0.006084377
1065	1237.632	284.237	284.864	0.006085904
1066	1238.783	284.208	284.85	0.006086077
1067	1239.949	284.208	284.85	0.006085816
1068	1241.113	284.178	284.823	0.006085895
1069	1242.265	284.178	284.823	0.006085563
1070	1243.427	284.149	284.793	0.006085392
1071	1244.578	284.149	284.793	0.006084208
1072	1245.729	284.119	284.756	0.006086072
1073	1246.892	284.119	284.756	0.006085649
1074	1248.056	284.089	284.739	0.006083697
1075	1249.205	284.089	284.739	0.006085988
1076	1250.356	284.056	284.682	0.006084884
1077	1251.521	284.056	284.682	0.006082762
1078	1252.684	284.026	284.675	0.006083527
1079	1253.839	284.026	284.675	0.006082329
1080	1255.022	283.995	284.664	0.006084291
1081	1256.174	283.995	284.664	0.006084711
1082	1257.325	283.965	284.62	0.006083696
1083	1258.476	283.965	284.62	0.006083439
1084	1259.638	283.935	284.589	0.006082674
1085	1260.788	283.935	284.589	0.006083015
1086	1261.94	283.905	284.57	0.006083352
1087	1263.089	283.905	284.57	0.006080211
1088	1264.248	283.876	284.516	0.006082165
1089	1265.411	283.876	284.516	0.006082505
1090	1266.567	283.848	284.507	0.006081487
1091	1267.719	283.848	284.507	0.006081911
1092	1268.885	283.816	284.457	0.006080291
1093	1270.04	283.816	284.457	0.006079782
1094	1271.193	283.787	284.457	0.006081316
1095	1272.344	283.787	284.457	0.006080554
1096	1273.511	283.756	284.407	0.006080044
1097	1274.662	283.756	284.407	0.006079193
1098	1275.829	283.727	284.366	0.006080301
1099	1276.999	283.727	284.366	0.006081061
1100	1278.153	283.696	284.353	0.006080632
1101	1279.305	283.696	284.353	0.006080466
1102	1280.469	283.665	284.327	0.006079782
1103	1281.634	283.665	284.327	0.006081235
1104	1282.8	283.63	284.306	0.006079281
1105	1283.952	283.63	284.306	0.006079532
1106	1285.106	283.601	284.256	0.006080383
1107	1286.256	283.601	284.256	0.006078599
1108	1287.418	283.575	284.236	0.006077919
1109	1288.573	283.575	284.236	0.006078852
1110	1289.723	283.54	284.227	0.006078175
1111	1290.874	283.54	284.227	0.006078681
1112	1292.037	283.508	284.186	0.00607877
1113	1293.201	283.508	284.186	0.006077067
1114	1294.35	283.477	284.156	0.006078856
1115	1295.502	283.477	284.156	0.006078598
1116	1296.655	283.449	284.124	0.006078352
1117	1297.807	283.449	284.124	0.006076557
1118	1298.992	283.418	284.103	0.006078347
1119	1300.145	283.418	284.103	0.006076899
1120	1301.309	283.387	284.072	0.006078516
1121	1302.462	283.387	284.072	0.006076387
1122	1303.628	283.355	284.022	0.00607588
1123	1304.783	283.355	284.022	0.006077581
1124	1305.949	283.325	283.998	0.006077577
1125	1307.195	283.296	283.964	0.006075202
1126	1308.375	283.296	283.964	0.006074522
1127	1309.541	283.264	283.942	0.006076648
1128	1310.694	283.264	283.942	0.006075711
1129	1311.842	283.234	283.918	0.006075205
1130	1313.024	283.234	283.918	0.006075887
1131	1314.18	283.198	283.86	0.006074015
1132	1315.328	283.198	283.86	0.006075543
1133	1316.474	283.167	283.854	0.006075033
1134	1317.623	283.167	283.854	0.006076143
1135	1318.769	283.136	283.83	0.006075546
1136	1319.922	283.136	283.83	0.006074101
1137	1321.07	283.105	283.754	0.006075039
1138	1322.217	283.105	283.754	0.006075206
1139	1323.365	283.073	283.76	0.006073505
1140	1324.515	283.073	283.76	0.006074102
1141	1325.665	283.044	283.737	0.0060741
1142	1326.817	283.044	283.737	0.00607359
1143	1327.971	283.011	283.688	0.006074098
1144	1329.121	283.011	283.688	0.006073763
1145	1330.266	282.981	283.66	0.006073508
1146	1331.414	282.981	283.66	0.006072911
1147	1332.566	282.95	283.621	0.006072573
1148	1333.713	282.95	283.621	0.00607393
1149	1334.862	282.92	283.588	0.006072908
1150	1336.009	282.92	283.588	0.006071211
1151	1337.162	282.888	283.571	0.006071041
1152	1338.343	282.888	283.571	0.006071466
1153	1339.488	282.856	283.57	0.006070108
1154	1340.641	282.856	283.57	0.006070366
1155	1341.787	282.826	283.513	0.006071811
1156	1342.97	282.826	283.513	0.006069858
1157	1344.154	282.794	283.467	0.00607266
1158	1345.332	282.794	283.467	0.006073172
1159	1346.478	282.762	283.435	0.006068751
1160	1347.63	282.762	283.435	0.006069945
1161	1348.781	282.726	283.411	0.006069347
1162	1349.934	282.726	283.411	0.006070364
1163	1351.082	282.694	283.401	0.006069171
1164	1352.233	282.694	283.401	0.006068756
1165	1353.378	282.663	283.353	0.006068754
1166	1354.528	282.663	283.353	0.006069178
1167	1355.676	282.632	283.304	0.006069179
1168	1356.826	282.632	283.304	0.006068071
1169	1357.975	282.6	283.277	0.00606841
1170	1359.125	282.6	283.277	0.006067818
1171	1360.276	282.569	283.274	0.006067981
1172	1361.424	282.569	283.274	0.006069689
1173	1362.574	282.542	283.214	0.006068068
1174	1363.727	282.542	283.214	0.006068324
1175	1364.875	282.505	283.196	0.00606748
1176	1366.023	282.505	283.196	0.006066801
1177	1367.172	282.474	283.173	0.006066969
1178	1368.324	282.474	283.173	0.006068163
1179	1369.472	282.442	283.145	0.006066121
1180	1370.624	282.442	283.145	0.00606748
1181	1371.773	282.41	283.098	0.006065782
1182	1372.922	282.41	283.098	0.006066628
1183	1374.078	282.378	283.067	0.006064929
1184	1375.229	282.378	283.067	0.006066373
1185	1376.377	282.347	283.034	0.006067051
1186	1377.528	282.347	283.034	0.006065357
1187	1378.677	282.315	283.016	0.006065952
1188	1379.825	282.315	283.016	0.006064759
1189	1381.004	282.277	282.998	0.006066545
1190	1382.153	282.277	282.998	0.006065607
1191	1383.307	282.245	282.932	0.006064842
1192	1384.457	282.245	282.932	0.006063906
1193	1385.609	282.214	282.936	0.006062811
1194	1386.762	282.214	282.936	0.006063235
1195	1387.909	282.182	282.882	0.006064084
1196	1389.065	282.182	282.882	0.006064335
1197	1390.216	282.148	282.853	0.006062982
1198	1391.364	282.148	282.853	0.006062722
1199	1392.515	282.117	282.821	0.006063745
1200	1393.668	282.117	282.821	0.006065434
1201	1394.816	282.086	282.808	0.006065268
1202	1395.969	282.086	282.808	0.006062294
1203	1397.117	282.053	282.755	0.006062974
1204	1398.3	282.053	282.755	0.006063067
1205	1399.45	282.021	282.733	0.006064681
1206	1400.599	282.021	282.733	0.006062724
1207	1401.781	281.989	282.709	0.006062044
1208	1402.93	281.989	282.709	0.006061282
1209	1404.082	281.956	282.651	0.006061614
1210	1405.236	281.956	282.651	0.006062551
1211	1406.384	281.924	282.639	0.006061026
1212	1407.54	281.924	282.639	0.006061362
1213	1408.69	281.893	282.606	0.006060767
1214	1409.84	281.893	282.606	0.006062208
1215	1411.022	281.859	282.564	0.006062383
1216	1412.175	281.859	282.564	0.006060516
1217	1413.329	281.822	282.516	0.006060851
1218	1414.477	281.822	282.516	0.006062727
1219	1415.628	281.789	282.502	0.006062217
1220	1416.779	281.789	282.502	0.006061025
1221	1417.925	281.757	282.469	0.006060514
1222	1419.107	281.757	282.469	0.006060005
1223	1420.259	281.724	282.421	0.006060855
1224	1421.408	281.724	282.421	0.006060604
1225	1422.561	281.692	282.389	0.006061448
1226	1423.713	281.692	282.389	0.006058559
1227	1424.861	281.661	282.374	0.006059749
1228	1426.013	281.661	282.374	0.006058731
1229	1427.161	281.628	282.336	0.006059746
1230	1428.31	281.628	282.336	0.006059834
1231	1429.458	281.594	282.31	0.006059918
1232	1430.607	281.594	282.31	0.006060264
1233	1431.758	281.562	282.28	0.006059412
1234	1432.911	281.562	282.28	0.006059323
1235	1434.059	281.529	282.246	0.006058984
1236	1435.209	281.529	282.246	0.006058301
1237	1436.361	281.497	282.204	0.006058308
1238	1437.541	281.497	282.204	0.00605788
1239	1438.691	281.468	282.156	0.006056606
1240	1439.845	281.468	282.156	0.006057119
1241	1441.028	281.431	282.141	0.006058813
1242	1442.185	281.431	282.141	0.006058476
1243	1443.338	281.397	282.118	0.006055679
1244	1444.483	281.397	282.118	0.006056698
1245	1445.633	281.358	282.094	0.006056182
1246	1446.782	281.358	282.094	0.006056697
1247	1447.932	281.328	282.049	0.006057797
1248	1449.08	281.328	282.049	0.006057195
1249	1450.229	281.294	282.021	0.006056182
1250	1451.382	281.294	282.021	0.006056355
1251	1452.532	281.26	281.983	0.006055757
1252	1453.686	281.26	281.983	0.006057877
1253	1454.836	281.228	281.963	0.00605457
1254	1455.985	281.228	281.963	0.006056014
1255	1457.141	281.193	281.928	0.006055505
1256	1458.316	281.193	281.928	0.006055843
1257	1459.466	281.162	281.888	0.006053803
1258	1460.616	281.162	281.888	0.006054234
1259	1461.792	281.128	281.844	0.006053215
1260	1462.963	281.128	281.844	0.006055253
1261	1464.114	281.095	281.831	0.006054484
1262	1465.267	281.095	281.831	0.006053807
1263	1466.42	281.061	281.799	0.006054997
1264	1467.57	281.061	281.799	0.006054319
1265	1468.723	281.027	281.751	0.006053724
1266	1469.875	281.027	281.751	0.006054061
1267	1471.031	280.995	281.729	0.006052276
1268	1472.179	280.995	281.729	0.006054231
1269	1473.329	280.962	281.69	0.006051339
1270	1474.478	280.962	281.69	0.006051942
1271	1475.633	280.928	281.682	0.006052189
1272	1476.783	280.928	281.682	0.006052276
1273	1477.932	280.889	281.638	0.006052106
1274	1479.082	280.889	281.638	0.006053125
1275	1480.231	280.855	281.595	0.006052363
1276	1481.499	280.821	281.562	0.006053038
1277	1482.657	280.821	281.562	0.006052704
1278	1483.81	280.789	281.533	0.00605126
1279	1484.992	280.789	281.533	0.006050831
1280	1486.139	280.755	281.493	0.006051516
1281	1487.29	280.755	281.493	0.006050071
1282	1488.441	280.72	281.464	0.00605177
1283	1489.589	280.72	281.464	0.006053044
1284	1490.741	280.687	281.428	0.006052703
1285	1491.927	280.687	281.428	0.006050747
1286	1493.082	280.653	281.399	0.006050415
1287	1494.235	280.653	281.399	0.006052111
1288	1495.387	280.618	281.364	0.006051092
1289	1496.534	280.618	281.364	0.006050239
1290	1497.683	280.585	281.326	0.006050152
1291	1498.835	280.585	281.326	0.006051941
1292	1499.987	280.551	281.292	0.006051856
1293	1501.142	280.551	281.292	0.006049476
1294	1502.294	280.517	281.26	0.006049052
1295	1503.446	280.517	281.26	0.006051176
1296	1504.6	280.484	281.242	0.006048286
1297	1505.755	280.484	281.242	0.006047602
1298	1506.905	280.45	281.2	0.006047436
1299	1508.059	280.45	281.2	0.00604752
1300	1509.214	280.415	281.155	0.006049057
1301	1510.368	280.415	281.155	0.006048798
1302	1511.525	280.376	281.12	0.006049815
1303	1512.709	280.376	281.12	0.006047088
1304	1513.862	280.342	281.088	0.00604718
1305	1515.014	280.342	281.088	0.006048116
1306	1516.169	280.308	281.041	0.006048544
1307	1517.324	280.308	281.041	0.006048114
1308	1518.479	280.274	281.006	0.006048628
1309	1519.651	280.274	281.006	0.006046926
1310	1520.807	280.24	280.99	0.006048798
1311	1521.959	280.24	280.99	0.006048371
1312	1523.113	280.206	280.943	0.006046591
1313	1524.269	280.206	280.943	0.006046081
1314	1525.425	280.171	280.909	0.006046078
1315	1526.567	280.171	280.909	0.006048122
1316	1527.72	280.137	280.887	0.006045993
1317	1528.87	280.137	280.887	0.006047694
1318	1530.025	280.103	280.857	0.006046164
1319	1531.18	280.103	280.857	0.006045572
1320	1532.332	280.069	280.815	0.006046928
1321	1533.488	280.069	280.815	0.006045397
1322	1534.642	280.034	280.774	0.006044377
1323	1535.784	280.034	280.774	0.006046077
1324	1536.952	280.0	280.733	0.006043954
1325	1538.103	280.0	280.733	0.006043954
1326	1539.259	279.964	280.726	0.006043186
1327	1540.411	279.964	280.726	0.006043784
1328	1541.561	279.931	280.686	0.006045142
1329	1542.712	279.931	280.686	0.006045232
1330	1543.863	279.895	280.647	0.006043272
1331	1545.017	279.895	280.647	0.006042681
1332	1546.17	279.856	280.621	0.006042847
1333	1547.321	279.856	280.621	0.006042853
1334	1548.471	279.823	280.575	0.006042683
1335	1549.611	279.823	280.575	0.006042934
1336	1550.764	279.788	280.555	0.006044724
1337	1551.919	279.788	280.555	0.006042765
1338	1553.072	279.753	280.51	0.006042854
1339	1554.228	279.753	280.51	0.006041239
1340	1555.381	279.717	280.469	0.006042422
1341	1556.536	279.717	280.469	0.006042686
1342	1557.687	279.683	280.431	0.006042259
1343	1558.841	279.683	280.431	0.006042768
1344	1559.995	279.648	280.417	0.006042001
1345	1561.148	279.648	280.417	0.006042349
1346	1562.299	279.614	280.383	0.006042681
1347	1563.453	279.614	280.383	0.0060409
1348	1564.601	279.579	280.33	0.006040222
1349	1565.785	279.579	280.33	0.006041663
1350	1566.968	279.544	280.308	0.006040984
1351	1568.121	279.544	280.308	0.006039458
1352	1569.275	279.508	280.257	0.006040558
1353	1570.429	279.508	280.257	0.006040984
1354	1571.583	279.473	280.221	0.00604175
1355	1572.739	279.473	280.221	0.006040132
1356	1573.887	279.439	280.201	0.006039795
1357	1575.058	279.439	280.201	0.006039025
1358	1576.21	279.399	280.174	0.006039116
1359	1577.367	279.399	280.174	0.006039544
1360	1578.521	279.365	280.126	0.006039628
1361	1579.675	279.365	280.126	0.006039625
1362	1580.834	279.329	280.095	0.006036985
1363	1581.986	279.329	280.095	0.006037756
1364	1583.139	279.293	280.068	0.006038693
1365	1584.287	279.293	280.068	0.006038346
1366	1585.44	279.259	280.032	0.00603827
1367	1586.591	279.259	280.032	0.006038947
1368	1587.747	279.222	279.985	0.006036905
1369	1588.929	279.222	279.985	0.006036908
1370	1590.08	279.187	279.973	0.006037162
1371	1591.24	279.187	279.973	0.006037077
1372	1592.385	279.153	279.935	0.006036738
1373	1593.536	279.153	279.935	0.006037331
1374	1594.687	279.116	279.882	0.00603674
1375	1595.842	279.116	279.882	0.006036062
1376	1596.996	279.082	279.849	0.006037504
1377	1598.152	279.082	279.849	0.006037844
1378	1599.307	279.046	279.829	0.006036229
1379	1600.46	279.046	279.829	0.006036825
1380	1601.614	279.011	279.802	0.006035805
1381	1602.784	279.011	279.802	0.006035636
1382	1603.935	278.974	279.76	0.006035206
1383	1605.078	278.974	279.76	0.006035893
1384	1606.229	278.941	279.724	0.006035292
1385	1607.384	278.941	279.724	0.00603742
1386	1608.536	278.899	279.664	0.006036226
1387	1609.689	278.899	279.664	0.00603572
1388	1610.833	278.863	279.64	0.006036904
1389	1611.989	278.863	279.64	0.006034021
1390	1613.142	278.828	279.607	0.006033937
1391	1614.291	278.828	279.607	0.00603428
1392	1615.443	278.791	279.577	0.006035552
1393	1616.594	278.791	279.577	0.006034779
1394	1617.745	278.755	279.526	0.006033761
1395	1618.899	278.755	279.526	0.006034616
1396	1620.052	278.726	279.476	0.006034696
1397	1621.204	278.726	279.476	0.006034954
1398	1622.384	278.684	279.455	0.006034105
1399	1623.537	278.684	279.455	0.006033259
1400	1624.689	278.649	279.428	0.006034187
1401	1625.832	278.649	279.428	0.006034105
1402	1626.983	278.612	279.402	0.006032914
1403	1628.138	278.612	279.402	0.006033095
1404	1629.291	278.578	279.345	0.006034621
1405	1630.445	278.578	279.345	0.006033252
1406	1631.597	278.541	279.321	0.006032407
1407	1632.874	278.505	279.278	0.006033428
1408	1634.016	278.505	279.278	0.006033599
1409	1635.171	278.469	279.245	0.006031733
1410	1636.322	278.469	279.245	0.006033596
1411	1637.474	278.434	279.218	0.006033513
1412	1638.63	278.434	279.218	0.006032155
1413	1639.819	278.391	279.187	0.006031557
1414	1640.968	278.391	279.187	0.006030363
1415	1642.118	278.356	279.153	0.006031639
1416	1643.27	278.356	279.153	0.006030452
1417	1644.425	278.32	279.098	0.006031216
1418	1645.578	278.32	279.098	0.006030455
1419	1646.734	278.283	279.072	0.006030367
1420	1647.882	278.283	279.072	0.006031136
1421	1649.055	278.246	279.027	0.006031046
1422	1650.205	278.246	279.027	0.006031559
1423	1651.357	278.211	279.003	0.006030365
1424	1652.51	278.211	279.003	0.006029772
1425	1653.692	278.175	278.978	0.006030114
1426	1654.848	278.175	278.978	0.006029179
1427	1656.001	278.139	278.936	0.006029264
1428	1657.154	278.139	278.936	0.00602859
1429	1658.301	278.102	278.915	0.006029857
1430	1659.454	278.102	278.915	0.006027908
1431	1660.607	278.067	278.86	0.006029006
1432	1661.758	278.067	278.86	0.006029003
1433	1662.911	278.029	278.831	0.006026379
1434	1664.064	278.029	278.831	0.00602586
1435	1665.217	277.993	278.791	0.006027484
1436	1666.367	277.993	278.791	0.006025785
1437	1667.521	277.956	278.766	0.006026548
1438	1668.673	277.956	278.766	0.006025436
1439	1669.821	277.92	278.724	0.006027139
1440	1671.004	277.92	278.724	0.006026636
1441	1672.155	277.877	278.682	0.006025697
1442	1673.307	277.877	278.682	0.006026206
1443	1674.461	277.842	278.661	0.006023488
1444	1675.609	277.842	278.661	0.006022727
1445	1676.765	277.805	278.602	0.006024178
1446	1677.915	277.805	278.602	0.006024591
1447	1679.065	277.768	278.591	0.006025709
1448	1680.216	277.768	278.591	0.006025102
1449	1681.398	277.731	278.543	0.00602256
1450	1682.556	277.731	278.543	0.006024513
1451	1683.731	277.694	278.503	0.006023155
1452	1684.881	277.694	278.503	0.006023664
1453	1686.029	277.657	278.461	0.006023152
1454	1687.181	277.657	278.461	0.006024006
1455	1688.331	277.621	278.424	0.006023925
1456	1689.484	277.621	278.424	0.006023578
1457	1690.638	277.583	278.39	0.006021711
1458	1691.785	277.583	278.39	0.006021623
1459	1692.936	277.548	278.368	0.006021113
1460	1694.101	277.548	278.368	0.006021796
1461	1695.251	277.515	278.312	0.006021543
1462	1696.403	277.515	278.312	0.0060212
1463	1697.555	277.472	278.266	0.006022302
1464	1698.707	277.472	278.266	0.006020096
1465	1699.859	277.436	278.261	0.006020264
1466	1701.043	277.436	278.261	0.006020689
1467	1702.194	277.399	278.222	0.006019671
1468	1703.345	277.399	278.222	0.006021377
1469	1704.494	277.363	278.168	0.006020521
1470	1705.645	277.363	278.168	0.006021456
1471	1706.799	277.318	278.13	0.006021372
1472	1707.952	277.318	278.13	0.006020007
1473	1709.102	277.282	278.07	0.006019328
1474	1710.251	277.282	278.07	0.006019418
1475	1711.402	277.245	278.046	0.006018571
1476	1712.554	277.245	278.046	0.006019074
1477	1713.701	277.207	277.997	0.006020441
1478	1714.855	277.207	277.997	0.006019
1479	1716.008	277.17	277.969	0.006019334
1480	1717.157	277.17	277.969	0.006018651
1481	1718.31	277.133	277.935	0.006019076
1482	1719.462	277.133	277.935	0.006018227
1483	1720.614	277.096	277.909	0.006016699
1484	1721.764	277.096	277.909	0.006016622
1485	1722.917	277.059	277.862	0.006017298
1486	1724.066	277.059	277.862	0.0060167
1487	1725.214	277.021	277.841	0.00601687
1488	1726.361	277.021	277.841	0.006014658
1489	1727.512	276.984	277.795	0.006016443
1490	1728.66	276.984	277.795	0.00601636
1491	1729.839	276.947	277.761	0.006016443
1492	1731.009	276.947	277.761	0.006016531
1493	1732.163	276.908	277.719	0.006015596
1494	1733.315	276.908	277.719	0.006014834
1495	1734.465	276.871	277.696	0.006015174
1496	1735.615	276.871	277.696	0.006015004
1497	1736.767	276.834	277.642	0.006015682
1498	1737.921	276.834	277.642	0.006012707
1499	1739.074	276.79	277.602	0.006013979
1500	1740.223	276.79	277.602	0.006012624
1501	1741.373	276.753	277.56	0.006014921
1502	1742.523	276.753	277.56	0.006014066
1503	1743.672	276.716	277.543	0.006014663
1504	1744.823	276.716	277.543	0.00601186
1505	1745.969	276.678	277.503	0.00601483
1506	1747.121	276.678	277.503	0.006012118
1507	1748.272	276.639	277.48	0.006012881
1508	1749.42	276.639	277.48	0.006011688
1509	1750.571	276.602	277.426	0.00601322
1510	1751.725	276.602	277.426	0.006011433
1511	1752.878	276.564	277.382	0.006012201
1512	1754.03	276.564	277.382	0.006010586
1513	1755.181	276.526	277.353	0.006011775
1514	1756.334	276.526	277.353	0.006011436
1515	1757.481	276.488	277.32	0.006011353
1516	1758.633	276.488	277.32	0.00601186
1517	1759.778	276.45	277.267	0.006012117
1518	1760.933	276.45	277.267	0.006009486
1519	1762.085	276.413	277.245	0.006009991
1520	1763.236	276.413	277.245	0.006011013
1521	1764.387	276.375	277.195	0.006010252
1522	1765.537	276.375	277.195	0.006010079
1523	1766.689	276.337	277.152	0.006009906
1524	1767.84	276.337	277.152	0.006010845
1525	1769.022	276.298	277.134	0.006011609
1526	1770.173	276.298	277.134	0.006010331
1527	1771.327	276.255	277.086	0.006008548
1528	1772.478	276.255	277.086	0.006010169
1529	1773.627	276.216	277.046	0.006009482
1530	1774.779	276.216	277.046	0.006009655
1531	1775.935	276.179	277.011	0.006008125
1532	1777.116	276.179	277.011	0.006007873
1533	1778.268	276.14	276.983	0.006007443
1534	1779.419	276.14	276.983	0.006007447
1535	1780.567	276.102	276.935	0.006008125
1536	1781.714	276.102	276.935	0.006006853
1537	1782.865	276.064	276.902	0.006008303
1538	1784.018	276.064	276.902	0.006009908
1539	1785.169	276.026	276.856	0.006006168
1540	1786.319	276.026	276.856	0.006006936
1541	1787.501	275.987	276.842	0.006006766
1542	1788.65	275.987	276.842	0.006007022
1543	1789.801	275.949	276.8	0.006006167
1544	1790.953	275.949	276.8	0.006006256
1545	1792.103	275.911	276.772	0.006007363
1546	1793.255	275.911	276.772	0.006006428
1547	1794.407	275.872	276.735	0.006006085
1548	1795.561	275.872	276.735	0.006004978
1549	1796.711	275.834	276.663	0.006005828
1550	1797.861	275.834	276.663	0.006005834
1551	1799.043	275.795	276.634	0.006006688
1552	1800.284	275.757	276.589	0.006006853
1553	1801.436	275.757	276.589	0.006004563
1554	1802.645	275.72	276.549	0.006005326
1555	1803.836	275.72	276.549	0.006003117
1556	1805.017	275.674	276.499	0.006003207
1557	1806.169	275.674	276.499	0.006002436
1558	1807.321	275.634	276.468	0.006003285
1559	1808.471	275.634	276.468	0.006003373
1560	1809.626	275.597	276.422	0.006002604
1561	1810.782	275.597	276.422	0.006001924
1562	1811.93	275.558	276.389	0.006003964
1563	1813.097	275.558	276.389	0.006002524
1564	1814.247	275.519	276.358	0.006003288
1565	1815.396	275.519	276.358	0.006002862
1566	1816.548	275.48	276.323	0.006003628
1567	1817.697	275.48	276.323	0.006003537
1568	1818.846	275.442	276.288	0.006002949
1569	1820.0	275.442	276.288	0.006002859
1570	1821.151	275.402	276.231	0.006000822
1571	1822.302	275.402	276.231	0.006000233
1572	1823.451	275.365	276.193	0.006001675
1573	1824.602	275.365	276.193	0.005999804
1574	1825.749	275.327	276.174	0.006001844
1575	1826.9	275.327	276.174	0.006000053
1576	1828.048	275.288	276.115	0.00600176
1577	1829.202	275.288	276.115	0.006001758
1578	1830.35	275.249	276.091	0.006001418
1579	1831.498	275.249	276.091	0.006000578
1580	1832.648	275.211	276.04	0.006001509
1581	1833.8	275.211	276.04	0.00600074
1582	1834.95	275.174	275.993	0.006000063
1583	1836.105	275.174	275.993	0.005997683
1584	1837.258	275.126	275.98	0.006000572
1585	1838.411	275.126	275.98	0.005999637
1586	1839.561	275.088	275.921	0.006000316
1587	1840.713	275.088	275.921	0.00599964
1588	1841.862	275.05	275.882	0.005999386
1589	1843.013	275.05	275.882	0.005998956
1590	1844.16	275.011	275.854	0.005996582
1591	1845.313	275.011	275.854	0.005998111
1592	1846.461	274.971	275.819	0.005996919
1593	1847.614	274.971	275.819	0.005996326
1594	1848.764	274.933	275.765	0.005997857
1595	1849.916	274.933	275.765	0.005995732
1596	1851.064	274.893	275.736	0.005996665
1597	1852.217	274.893	275.736	0.005994878
1598	1853.367	274.856	275.713	0.005997089
1599	1854.519	274.856	275.713	0.005995737
1600	1855.668	274.816	275.672	0.005996411
1601	1856.824	274.816	275.672	0.005995478
1602	1857.977	274.778	275.65	0.005996322
1603	1859.16	274.778	275.65	0.005995478
1604	1860.31	274.739	275.581	0.005995812
1605	1861.459	274.739	275.581	0.005995988
1606	1862.612	274.698	275.547	0.005995816
1607	1863.764	274.698	275.547	0.005995133
1608	1864.912	274.66	275.524	0.005996323
1609	1866.06	274.66	275.524	0.005995298
1610	1867.21	274.622	275.465	0.005995895
1611	1868.361	274.622	275.465	0.00599488
1612	1869.545	274.576	275.409	0.005994538
1613	1870.696	274.576	275.409	0.005992843
1614	1871.844	274.537	275.385	0.00599403
1615	1872.997	274.537	275.385	0.005994712
1616	1874.149	274.498	275.365	0.005993016
1617	1875.297	274.498	275.365	0.005994544
1618	1876.445	274.465	275.326	0.005993093
1619	1877.597	274.465	275.326	0.005992336
1620	1878.748	274.419	275.279	0.005994286
1621	1879.896	274.419	275.279	0.005993268
1622	1881.041	274.38	275.248	0.005992758
1623	1882.191	274.38	275.248	0.005990807
1624	1883.343	274.34	275.213	0.00599157
1625	1884.492	274.34	275.213	0.005990471
1626	1885.643	274.302	275.169	0.005991742
1627	1886.794	274.302	275.169	0.005991819
1628	1887.946	274.262	275.117	0.005992078
1629	1889.096	274.262	275.117	0.005991401
1630	1890.247	274.223	275.087	0.005990636
1631	1891.399	274.223	275.087	0.005991819
1632	1892.547	274.184	275.056	0.005990723
1633	1893.7	274.184	275.056	0.005988854
1634	1894.848	274.144	275.009	0.005989024
1635	1896.0	274.144	275.009	0.005988259
1636	1897.162	274.104	274.962	0.005990549
1637	1898.311	274.104	274.962	0.005988684
1638	1899.461	274.063	274.924	0.005988515
1639	1900.611	274.063	274.924	0.005988511
1640	1901.765	274.026	274.891	0.005990467
1641	1902.916	274.026	274.891	0.005988596
1642	1904.066	273.98	274.84	0.005989532
1643	1905.218	273.98	274.84	0.005988679
1644	1906.368	273.941	274.789	0.005987919
1645	1907.523	273.941	274.789	0.005987917
1646	1908.677	273.901	274.759	0.005986902
1647	1909.822	273.901	274.759	0.005986558
1648	1911.007	273.861	274.711	0.005986135
1649	1912.154	273.861	274.711	0.005985965
1650	1913.305	273.821	274.677	0.005985881
1651	1914.468	273.821	274.677	0.005985634
1652	1915.652	273.784	274.644	0.005985289
1653	1916.8	273.784	274.644	0.005986054
1654	1917.946	273.743	274.577	0.005985631
1655	1919.098	273.743	274.577	0.005986814
1656	1920.252	273.704	274.543	0.005984609
1657	1921.399	273.704	274.543	0.00598597
1658	1922.549	273.664	274.504	0.005984183
1659	1923.703	273.664	274.504	0.005985624
1660	1924.855	273.623	274.476	0.005986053
1661	1926.002	273.623	274.476	0.005986146
1662	1927.154	273.584	274.453	0.005982997
1663	1928.32	273.584	274.453	0.0059841
1664	1929.491	273.545	274.425	0.005984951
1665	1930.644	273.545	274.425	0.005984781
1666	1931.795	273.505	274.369	0.005982907
1667	1932.954	273.505	274.369	0.00598266
1668	1934.116	273.464	274.301	0.005983678
1669	1935.28	273.464	274.301	0.005982404
1670	1936.429	273.418	274.292	0.005983507
1671	1937.581	273.418	274.292	0.005982745
1672	1938.76	273.38	274.248	0.00598291
1673	1939.912	273.38	274.248	0.005983253
1674	1941.098	273.339	274.203	0.005982825
1675	1942.264	273.339	274.203	0.005982487
1676	1943.428	273.299	274.169	0.005983163
1677	1944.579	273.299	274.169	0.005982997
1678	1945.733	273.26	274.139	0.005980959
1679	1946.9	273.26	274.139	0.005981806
1680	1948.067	273.22	274.088	0.005980786
1681	1949.217	273.22	274.088	0.005982148
1682	1950.378	273.18	274.044	0.00598215
1683	1951.715	273.146	274.014	0.005981137
1684	1952.868	273.146	274.014	0.005980959
1685	1954.022	273.099	273.964	0.005980365
1686	1955.173	273.099	273.964	0.005980705
1687	1956.325	273.06	273.945	0.005978321
1688	1957.477	273.06	273.945	0.005981043
1689	1958.622	273.02	273.891	0.00597909
1690	1959.773	273.02	273.891	0.005977306
1691	1960.923	272.98	273.867	0.005979178
1692	1962.103	272.98	273.867	0.005979173
1693	1963.253	272.939	273.801	0.005977561
1694	1964.406	272.939	273.801	0.005979348
1695	1965.556	272.899	273.769	0.005978159
1696	1966.706	272.899	273.769	0.00597867
1697	1967.861	272.86	273.731	0.005976967
1698	1969.042	272.86	273.731	0.005977394
1699	1970.191	272.813	273.688	0.005977821
1700	1971.345	272.813	273.688	0.005974679
1701	1972.493	272.773	273.654	0.005977137
1702	1973.644	272.773	273.654	0.005976461
1703	1974.795	272.732	273.649	0.005977653
1704	1975.944	272.732	273.649	0.005976027
1705	1977.094	272.692	273.587	0.00597629
1706	1978.246	272.692	273.587	0.005976035
1707	1979.395	272.651	273.538	0.005974342
1708	1980.544	272.651	273.538	0.005976633
1709	1981.697	272.61	273.488	0.005976457
1710	1982.849	272.61	273.488	0.005976204
1711	1983.997	272.57	273.449	0.005974248
1712	1985.149	272.57	273.449	0.005976122
1713	1986.297	272.53	273.418	0.005974933
1714	1987.445	272.53	273.418	0.005975694
1715	1988.595	272.49	273.363	0.005976035
1716	1989.748	272.49	273.363	0.005973571
1717	1990.898	272.449	273.344	0.005974595
1718	1992.057	272.449	273.344	0.005973657
1719	1993.209	272.409	273.284	0.005974338
1720	1994.36	272.409	273.284	0.005974086
1721	1995.51	272.368	273.258	0.005973236
1722	1996.659	272.368	273.258	0.005973828
1723	1997.812	272.327	273.219	0.005973571
1724	1998.977	272.327	273.219	0.005972726
1725	2000.128	272.287	273.163	0.005971701
1726	2001.278	272.287	273.163	0.005974003
1727	2002.442	272.241	273.107	0.00597247
1728	2003.595	272.241	273.107	0.005971453
1729	2004.757	272.199	273.074	0.005972043
1730	2005.911	272.199	273.074	0.005972556
1731	2007.096	272.16	273.03	0.005972981
1732	2008.249	272.16	273.03	0.005971357
1733	2009.415	272.119	272.993	0.005971875
1734	2010.578	272.119	272.993	0.005971538
1735	2011.744	272.077	272.953	0.005972726
1736	2012.896	272.077	272.953	0.005970515
1737	2014.046	272.037	272.916	0.005970006
1738	2015.199	272.037	272.916	0.005970088
1739	2016.352	271.997	272.868	0.005971112
1740	2017.504	271.997	272.868	0.005970176
1741	2018.657	271.955	272.85	0.005969839
1742	2019.809	271.955	272.85	0.005968733
1743	2020.977	271.914	272.815	0.00597035
1744	2022.127	271.914	272.815	0.005968565
1745	2023.278	271.873	272.749	0.005968907
1746	2024.426	271.873	272.749	0.005968392
1747	2025.576	271.833	272.712	0.005966442
1748	2026.727	271.833	272.712	0.005968397
1749	2027.88	271.799	272.683	0.005966867
1750	2029.061	271.799	272.683	0.00596763
1751	2030.211	271.752	272.627	0.005968739
1752	2031.361	271.752	272.627	0.005966108
1753	2032.51	271.711	272.571	0.005967122
1754	2033.66	271.711	272.571	0.005966784
1755	2034.809	271.671	272.56	0.00596746
1756	2035.962	271.671	272.56	0.005967377
1757	2037.111	271.622	272.538	0.005967546
1758	2038.26	271.622	272.538	0.005966785
1759	2039.409	271.582	272.469	0.005965088
1760	2040.56	271.582	272.469	0.005964405
1761	2041.709	271.542	272.428	0.00596645
1762	2042.863	271.542	272.428	0.005964829
1763	2044.012	271.5	272.398	0.005965425
1764	2045.16	271.5	272.398	0.005965508
1765	2046.312	271.46	272.354	0.005967034
1766	2047.466	271.46	272.354	0.005965081
1767	2048.644	271.418	272.327	0.005964573
1768	2049.794	271.418	272.327	0.005964746
1769	2050.944	271.376	272.272	0.005964578
1770	2052.108	271.376	272.272	0.005965514
1771	2053.271	271.336	272.236	0.005963641
1772	2054.422	271.336	272.236	0.005963639
1773	2055.573	271.295	272.188	0.005965257
1774	2056.722	271.295	272.188	0.00596398
1775	2057.872	271.253	272.166	0.005963472
1776	2059.036	271.253	272.166	0.005964658
1777	2060.186	271.213	272.101	0.005963557
1778	2061.335	271.213	272.101	0.00596254
1779	2062.501	271.171	272.06	0.005963129
1780	2063.665	271.171	272.06	0.005962877
1781	2064.83	271.13	272.039	0.005962285
1782	2065.995	271.13	272.039	0.005963307
1783	2067.16	271.09	271.993	0.005962797
1784	2068.323	271.09	271.993	0.005960668
1785	2069.475	271.041	271.937	0.005962363
1786	2070.623	271.041	271.937	0.00596092
1787	2071.776	271.0	271.903	0.005963136
1788	2072.93	271.0	271.903	0.005961517
1789	2074.077	270.959	271.857	0.005961351
1790	2075.24	270.959	271.857	0.005960586
1791	2076.42	270.918	271.833	0.00596177
1792	2077.573	270.918	271.833	0.005960414
1793	2078.725	270.876	271.79	0.005959818
1794	2079.876	270.876	271.79	0.005961007
1795	2081.023	270.835	271.743	0.005960588
1796	2082.17	270.835	271.743	0.005960842
1797	2083.323	270.793	271.708	0.005957694
1798	2084.47	270.793	271.708	0.005959311
1799	2085.618	270.753	271.652	0.005959058
1800	2086.768	270.753	271.652	0.005958975
1801	2087.916	270.711	271.623	0.00595897
1802	2089.101	270.711	271.623	0.005958461
1803	2090.253	270.669	271.571	0.005958629
1804	2091.404	270.669	271.571	0.005958208
1805	2092.553	270.628	271.538	0.005958124
1806	2093.704	270.628	271.538	0.005958037
1807	2094.856	270.586	271.5	0.005957274
1808	2096.005	270.586	271.5	0.005957615
1809	2097.157	270.545	271.466	0.005957611
1810	2098.433	270.504	271.426	0.00595736
1811	2099.582	270.504	271.426	0.005957445
1812	2100.791	270.463	271.342	0.005958041
1813	2101.947	270.463	271.342	0.005957188
1814	2103.128	270.414	271.325	0.005955575
1815	2104.278	270.414	271.325	0.005956427
1816	2105.432	270.372	271.272	0.005956766
1817	2106.583	270.372	271.272	0.005955915
1818	2107.732	270.33	271.227	0.005956002
1819	2108.879	270.33	271.227	0.005953708
1820	2110.031	270.288	271.193	0.00595533
1821	2111.183	270.288	271.193	0.005954476
1822	2112.333	270.248	271.163	0.005954556
1823	2113.491	270.248	271.163	0.005955325
1824	2114.648	270.206	271.101	0.005954219
1825	2115.797	270.206	271.101	0.005952864
1826	2116.947	270.163	271.077	0.005952687
1827	2118.111	270.163	271.077	0.005953031
1828	2119.263	270.122	271.02	0.00595133
1829	2120.426	270.122	271.02	0.005952943
1830	2121.578	270.08	270.987	0.005953451
1831	2122.741	270.08	270.987	0.005951926
1832	2123.904	270.039	270.941	0.005952091
1833	2125.058	270.039	270.941	0.005950656
1834	2126.223	269.997	270.894	0.005952859
1835	2127.374	269.997	270.894	0.005952013
1836	2128.524	269.954	270.858	0.005952092
1837	2129.681	269.954	270.858	0.005950565
1838	2130.871	269.913	270.826	0.005950056
1839	2132.022	269.913	270.826	0.0059521
1840	2133.185	269.872	270.782	0.005951341
1841	2134.346	269.872	270.782	0.005951503
1842	2135.498	269.823	270.734	0.005951247
1843	2136.662	269.823	270.734	0.005948612
1844	2137.813	269.781	270.694	0.005950313
1845	2138.977	269.781	270.694	0.005951161
1846	2140.126	269.739	270.635	0.005951508
1847	2141.276	269.739	270.635	0.005950397
1848	2142.439	269.697	270.613	0.005949465
1849	2143.592	269.697	270.613	0.005949722
1850	2144.773	269.656	270.573	0.005949805
1851	2145.924	269.656	270.573	0.005949383
1852	2147.106	269.612	270.523	0.00594836
1853	2148.257	269.612	270.523	0.005948873
1854	2149.406	269.571	270.477	0.005947682
1855	2150.561	269.571	270.477	0.005948532
1856	2151.71	269.528	270.447	0.005948612
1857	2152.862	269.528	270.447	0.005947681
1858	2154.009	269.486	270.43	0.005946579
1859	2155.161	269.486	270.43	0.005945047
1860	2156.311	269.445	270.388	0.005945473
1861	2157.461	269.445	270.388	0.005946154
1862	2158.612	269.403	270.32	0.005945818
1863	2159.759	269.403	270.32	0.005944622
1864	2160.91	269.362	270.293	0.005945819
1865	2162.06	269.362	270.293	0.005946916
1866	2163.209	269.318	270.247	0.005945395
1867	2164.363	269.318	270.247	0.005946074
1868	2165.524	269.275	270.195	0.005944876
1869	2166.674	269.275	270.195	0.005946582
1870	2167.824	269.228	270.147	0.005944369
1871	2168.987	269.228	270.147	0.00594437
1872	2170.14	269.183	270.123	0.00594386
1873	2171.294	269.183	270.123	0.005945898
1874	2172.443	269.142	270.067	0.005946239
1875	2173.592	269.142	270.067	0.005944967
1876	2174.741	269.101	270.035	0.005944628
1877	2175.89	269.101	270.035	0.005943944
1878	2177.04	269.057	269.993	0.005944029
1879	2178.189	269.057	269.993	0.005943097
1880	2179.337	269.015	269.939	0.005944034
1881	2180.488	269.015	269.939	0.005942757
1882	2181.639	268.974	269.907	0.005944124
1883	2182.79	268.974	269.907	0.005942419
1884	2183.94	268.931	269.864	0.00594403
1885	2185.123	268.931	269.864	0.00594072
1886	2186.282	268.888	269.836	0.005941145
1887	2187.433	268.888	269.836	0.005940889
1888	2188.585	268.845	269.778	0.005940803
1889	2189.737	268.845	269.778	0.005941148
1890	2190.899	268.803	269.732	0.005939704
1891	2192.051	268.803	269.732	0.005941571
1892	2193.202	268.761	269.695	0.005940382
1893	2194.366	268.761	269.695	0.005940885
1894	2195.531	268.717	269.638	0.005940893
1895	2196.695	268.717	269.638	0.005939784
1896	2197.847	268.675	269.609	0.005939278
1897	2199.027	268.675	269.609	0.005940634
1898	2200.179	268.634	269.571	0.005940215
1899	2201.331	268.634	269.571	0.005939704
1900	2202.48	268.583	269.489	0.005939445
1901	2203.629	268.583	269.489	0.005939953
1902	2204.778	268.541	269.452	0.005938517
1903	2205.929	268.541	269.452	0.005938679
1904	2207.109	268.498	269.419	0.005939875
1905	2208.265	268.498	269.419	0.005939026
1906	2209.412	268.462	269.381	0.005938093
1907	2210.563	268.462	269.381	0.005937754
1908	2211.711	268.412	269.331	0.005938766
1909	2212.886	268.412	269.331	0.005937159
1910	2214.039	268.37	269.284	0.005938256
1911	2215.207	268.37	269.284	0.005938859
1912	2216.358	268.328	269.244	0.005938265
1913	2217.51	268.328	269.244	0.00593699
1914	2218.66	268.285	269.198	0.00593589
1915	2219.809	268.285	269.198	0.005936733
1916	2220.967	268.243	269.162	0.005936136
1917	2222.119	268.243	269.162	0.005935709
1918	2223.271	268.2	269.128	0.005935034
1919	2224.423	268.2	269.128	0.00593555
1920	2225.577	268.156	269.066	0.005934868
1921	2226.726	268.156	269.066	0.005935542
1922	2227.877	268.115	269.037	0.005934097
1923	2229.155	268.071	269.004	0.005933929
1924	2230.307	268.071	269.004	0.005935209
1925	2231.46	268.028	268.958	0.005934014
1926	2232.612	268.028	268.958	0.005933847
1927	2233.766	267.978	268.917	0.005933843
1928	2234.918	267.978	268.917	0.005933422
1929	2236.069	267.934	268.875	0.005934358
1930	2237.222	267.934	268.875	0.00593452
1931	2238.373	267.892	268.826	0.005933419
1932	2239.524	267.892	268.826	0.005933587
1933	2240.676	267.85	268.785	0.005933166
1934	2241.828	267.85	268.785	0.005933423
1935	2242.977	267.805	268.742	0.005933166
1936	2244.126	267.805	268.742	0.005932915
1937	2245.276	267.763	268.691	0.005932657
1938	2246.429	267.763	268.691	0.005932915
1939	2247.593	267.721	268.656	0.005930705
1940	2248.764	267.721	268.656	0.005931635
1941	2249.927	267.677	268.614	0.005931814
1942	2251.119	267.677	268.614	0.005931554
1943	2252.272	267.633	268.574	0.005931305
1944	2253.423	267.633	268.574	0.005930361
1945	2254.587	267.591	268.52	0.005930193
1946	2255.75	267.591	268.52	0.005930535
1947	2256.9	267.547	268.491	0.005929604
1948	2258.052	267.547	268.491	0.005929518
1949	2259.205	267.504	268.442	0.005931135
1950	2260.356	267.504	268.442	0.005930962
1951	2261.507	267.462	268.403	0.00592884
1952	2262.659	267.462	268.403	0.005930111
1953	2263.81	267.418	268.343	0.005928836
1954	2264.96	267.418	268.343	0.005927643
1955	2266.109	267.374	268.326	0.005928241
1956	2267.259	267.374	268.326	0.00592825
1957	2268.409	267.325	268.274	0.005928157
1958	2269.561	267.325	268.274	0.005927908
1959	2270.71	267.282	268.23	0.005929263
1960	2271.867	267.282	268.23	0.005928245
1961	2273.029	267.239	268.182	0.005927391
1962	2274.217	267.239	268.182	0.00592816
1963	2275.373	267.194	268.139	0.00592722
1964	2276.525	267.194	268.139	0.005926459
1965	2277.676	267.151	268.12	0.005927222
1966	2278.829	267.151	268.12	0.005927222
1967	2279.986	267.108	268.049	0.005926967
1968	2281.138	267.108	268.049	0.005925952
1969	2282.292	267.064	268.01	0.005925953
1970	2283.445	267.064	268.01	0.005925524
1971	2284.599	267.028	267.99	0.00592501
1972	2285.75	267.028	267.99	0.00592544
1973	2286.902	266.977	267.93	0.005924166
1974	2288.054	266.977	267.93	0.005924769
1975	2289.217	266.934	267.883	0.005926376
1976	2290.374	266.934	267.883	0.005924253
1977	2291.525	266.891	267.853	0.005925533
1978	2292.683	266.891	267.853	0.005923658
1979	2293.845	266.847	267.815	0.00592332
1980	2295.02	266.847	267.815	0.005921958
1981	2296.173	266.803	267.763	0.005922472
1982	2297.328	266.803	267.763	0.005921368
1983	2298.494	266.76	267.709	0.005922809
1984	2299.645	266.76	267.709	0.005921537
1985	2300.798	266.708	267.66	0.005922894
1986	2301.95	266.708	267.66	0.005923747
1987	2303.125	266.665	267.615	0.005920685
1988	2304.276	266.665	267.615	0.005921023
1989	2305.432	266.621	267.571	0.005921451
1990	2306.584	266.621	267.571	0.005921109
1991	2307.737	266.579	267.517	0.00592069
1992	2308.897	266.579	267.517	0.005920092
1993	2310.062	266.534	267.461	0.005919747
1994	2311.213	266.534	267.461	0.005918647
1995	2312.389	266.491	267.427	0.005917713
1996	2313.549	266.491	267.427	0.005918733
1997	2314.701	266.448	267.392	0.005917125
1998	2315.858	266.448	267.392	0.005920008
1999	2317.01	266.403	267.36	0.005916781
2000	2318.163	266.403	267.36	0.005917972
2001	2319.315	266.36	267.303	0.005919586
2002	2320.466	266.36	267.303	0.005916608
2003	2321.63	266.316	267.255	0.005918477
2004	2322.786	266.316	267.255	0.005917547
2005	2323.939	266.273	267.203	0.005917384
2006	2325.118	266.273	267.203	0.005916697
2007	2326.275	266.229	267.186	0.005916361
2008	2327.437	266.229	267.186	0.005917722
2009	2328.59	266.184	267.135	0.005916866
2010	2329.743	266.184	267.135	0.00591627
2011	2330.9	266.139	267.084	0.005916019
2012	2332.055	266.139	267.084	0.005915091
2013	2333.211	266.096	267.054	0.005915004
2014	2334.362	266.096	267.054	0.005915086
2015	2335.511	266.052	266.994	0.005914318
2016	2336.666	266.052	266.994	0.005914745
2017	2337.822	266.001	266.966	0.005914322
2018	2338.99	266.001	266.966	0.005913555
2019	2340.142	265.956	266.919	0.005915934
2020	2341.299	265.956	266.919	0.005915249
2021	2342.454	265.912	266.868	0.005915339
2022	2343.608	265.912	266.868	0.005914579
2023	2344.761	265.868	266.815	0.005915258
2024	2345.909	265.868	266.815	0.005914065
2025	2347.064	265.825	266.8	0.005914495
2026	2348.216	265.825	266.8	0.005912109
2027	2349.369	265.78	266.733	0.00591322
2028	2350.519	265.78	266.733	0.005912276
2029	2351.675	265.736	266.694	0.005913892
2030	2352.827	265.736	266.694	0.005911774
2031	2353.981	265.693	266.658	0.005911007
2032	2355.13	265.693	266.658	0.005911263
2033	2356.284	265.649	266.602	0.005911522
2034	2357.435	265.649	266.602	0.005912622
2035	2358.591	265.605	266.564	0.00591433
2036	2359.744	265.605	266.564	0.005912115
2037	2360.9	265.567	266.529	0.005912114
2038	2362.163	265.515	266.487	0.005910419
2039	2363.315	265.515	266.487	0.005910418
2040	2364.468	265.472	266.43	0.005909826
2041	2365.62	265.472	266.43	0.005912291
2042	2366.772	265.428	266.385	0.005910758
2043	2367.956	265.428	266.385	0.005907868
2044	2369.14	265.377	266.334	0.005910504
2045	2370.305	265.377	266.334	0.005907621
2046	2371.465	265.332	266.312	0.005908294
2047	2372.619	265.332	266.312	0.005907447
2048	2373.772	265.288	266.262	0.005909572
2049	2374.928	265.288	266.262	0.005909569
2050	2376.081	265.244	266.22	0.005909226
2051	2377.23	265.244	266.22	0.005907876
2052	2378.384	265.199	266.177	0.005908724
2053	2379.535	265.199	266.177	0.005906939
2054	2380.684	265.155	266.123	0.005908808
2055	2381.839	265.155	266.123	0.00590779
2056	2383.009	265.111	266.104	0.005906339
2057	2384.164	265.111	266.104	0.005907108
2058	2385.32	265.065	266.037	0.005906168
2059	2386.475	265.065	266.037	0.005906005
2060	2387.626	265.021	265.991	0.005907108
2061	2388.781	265.021	265.991	0.005904301
2062	2389.942	264.977	265.96	0.00590447
2063	2391.126	264.977	265.96	0.005905066
2064	2392.282	264.933	265.918	0.005905577
2065	2393.435	264.933	265.918	0.005904477
2066	2394.588	264.888	265.866	0.005905326
2067	2395.737	264.888	265.866	0.005903204
2068	2396.893	264.843	265.82	0.005904811
2069	2398.047	264.843	265.82	0.005903371
2070	2399.198	264.799	265.783	0.005903965
2071	2400.358	264.799	265.783	0.005902774
2072	2401.51	264.754	265.736	0.005905073
2073	2402.663	264.754	265.736	0.005902265
2074	2403.815	264.702	265.711	0.005903289
2075	2404.967	264.702	265.711	0.005904394
2076	2406.12	264.656	265.631	0.005902864
2077	2407.285	264.656	265.631	0.005903542
2078	2408.439	264.611	265.587	0.00590295
2079	2409.593	264.611	265.587	0.005903627
2080	2410.777	264.568	265.543	0.005901677
2081	2411.931	264.568	265.543	0.005901081
2082	2413.117	264.523	265.498	0.005900738
2083	2414.271	264.523	265.498	0.005899294
2084	2415.427	264.478	265.453	0.005901507
2085	2416.581	264.478	265.453	0.005901763
2086	2417.736	264.433	265.404	0.005898443
2087	2418.89	264.433	265.404	0.005898446
2088	2420.043	264.389	265.365	0.005901085
2089	2421.195	264.389	265.365	0.005898698
2090	2422.347	264.344	265.369	0.005900319
2091	2423.5	264.344	265.369	0.005898786
2092	2424.656	264.298	265.255	0.005899127
2093	2425.809	264.298	265.255	0.005897259
2094	2426.966	264.255	265.219	0.005899216
2095	2428.148	264.255	265.219	0.005897679
2096	2429.302	264.209	265.186	0.005897088
2097	2430.456	264.209	265.186	0.00589777
2098	2431.609	264.163	265.139	0.005897009
2099	2432.772	264.163	265.139	0.005895389
2100	2433.925	264.118	265.101	0.005896575
2101	2435.11	264.118	265.101	0.00589658
2102	2436.264	264.067	265.045	0.005896071
2103	2437.416	264.067	265.045	0.005896404
2104	2438.572	264.021	265.001	0.005893692
2105	2439.723	264.021	265.001	0.005896493
2106	2440.874	263.977	264.957	0.005895899
2107	2442.026	263.977	264.957	0.005896577
2108	2443.177	263.931	264.927	0.005896072
2109	2444.335	263.931	264.927	0.005894803
2110	2445.486	263.886	264.88	0.005894721
2111	2446.638	263.886	264.88	0.005895989
2112	2447.79	263.842	264.832	0.005894709
2113	2448.94	263.842	264.832	0.005893435
2114	2450.093	263.797	264.787	0.005893268
2115	2451.247	263.797	264.787	0.005892846
2116	2452.401	263.752	264.743	0.005894626
2117	2453.556	263.752	264.743	0.00589276
2118	2454.706	263.707	264.698	0.005891572
2119	2455.858	263.707	264.698	0.005891482
2120	2457.008	263.662	264.653	0.00589361
2121	2458.161	263.662	264.653	0.005890636
2122	2459.316	263.616	264.609	0.00589208
2123	2460.482	263.616	264.609	0.005891234
2124	2461.633	263.571	264.563	0.00589072
2125	2462.785	263.571	264.563	0.005892256
2126	2463.937	263.526	264.519	0.005893278
2127	2465.118	263.526	264.519	0.005890723
2128	2466.27	263.48	264.473	0.005890562
2129	2467.422	263.48	264.473	0.005888855
2130	2468.586	263.427	264.429	0.00589098
2131	2469.739	263.427	264.429	0.005889873
2132	2470.891	263.381	264.384	0.00588894
2133	2472.042	263.381	264.384	0.005890638
2134	2473.193	263.337	264.339	0.00588843
2135	2474.371	263.337	264.339	0.00588988
2136	2475.523	263.29	264.295	0.005889873
2137	2476.689	263.29	264.295	0.005889198
2138	2477.856	263.245	264.25	0.005888434
2139	2479.123	263.2	264.205	0.005888008
2140	2480.286	263.2	264.205	0.005888346
2141	2481.439	263.155	264.16	0.005887241
2142	2482.604	263.155	264.16	0.005887073
2143	2483.756	263.108	264.115	0.005886731
2144	2484.924	263.108	264.115	0.005886735
2145	2486.089	263.063	264.07	0.005886653
2146	2487.241	263.063	264.07	0.005885035
2147	2488.398	263.018	264.025	0.005886148
2148	2489.563	263.018	264.025	0.005885973
2149	2490.714	262.972	263.979	0.005883848
2150	2491.886	262.972	263.979	0.005885383
2151	2493.078	262.927	263.934	0.005885293
2152	2494.244	262.927	263.934	0.005887332
2153	2495.407	262.881	263.889	0.005885637
2154	2496.563	262.881	263.889	0.005882569
2155	2497.73	262.836	263.845	0.00588674
2156	2498.893	262.836	263.845	0.005884451
2157	2500.058	262.789	263.798	0.005884611
2158	2501.208	262.789	263.798	0.005883337
2159	2502.361	262.736	263.731	0.005882486
2160	2503.515	262.736	263.731	0.00588368
2161	2504.68	262.691	263.686	0.005882913
2162	2505.829	262.691	263.686	0.005884188
2163	2507.008	262.645	263.641	0.0058824
2164	2508.162	262.645	263.641	0.00588207
2165	2509.315	262.599	263.596	0.005882998
2166	2510.467	262.599	263.596	0.005881215
2167	2511.626	262.553	263.55	0.005880453
2168	2512.781	262.553	263.55	0.005883254
2169	2513.937	262.507	263.504	0.005882238
2170	2515.087	262.507	263.504	0.005882146
2171	2516.239	262.462	263.458	0.005882579
2172	2517.391	262.462	263.458	0.005881896
2173	2518.557	262.416	263.436	0.005881728
2174	2519.708	262.416	263.436	0.005883429
2175	2520.86	262.37	263.368	0.005881308
2176	2522.025	262.37	263.368	0.005881131
2177	2523.188	262.323	263.322	0.005879777
2178	2524.34	262.323	263.322	0.005881215
2179	2525.508	262.278	263.277	0.005879861
2180	2526.669	262.278	263.277	0.005879944
2181	2527.835	262.232	263.223	0.00587961
2182	2529.002	262.232	263.223	0.005879434
2183	2530.168	262.186	263.176	0.005878245
2184	2531.32	262.186	263.176	0.005880198
2185	2532.487	262.14	263.136	0.005877397
2186	2533.649	262.14	263.136	0.005878669
2187	2534.813	262.094	263.089	0.005878842
2188	2535.974	262.094	263.089	0.005876379
2189	2537.154	262.041	263.041	0.005876541
2190	2538.315	262.041	263.041	0.005877059
2191	2539.469	261.992	263.0	0.005876719
2192	2540.634	261.992	263.0	0.005877572
2193	2541.795	261.955	262.949	0.005875442
2194	2542.96	261.955	262.949	0.005875868
2195	2544.112	261.902	262.905	0.005876889
2196	2545.273	261.902	262.905	0.005875534
2197	2546.42	261.855	262.866	0.005875441
2198	2547.586	261.855	262.866	0.005875357
2199	2548.75	261.81	262.818	0.00587596
2200	2549.91	261.81	262.818	0.005875872
2201	2551.081	261.763	262.771	0.005877736
2202	2552.245	261.763	262.771	0.005874767
2203	2553.397	261.718	262.721	0.005874935
2204	2554.548	261.718	262.721	0.005874092
2205	2555.701	261.67	262.678	0.005874339
2206	2556.852	261.67	262.678	0.00587452
2207	2558.004	261.623	262.629	0.005875025
2208	2559.167	261.623	262.629	0.005872904
2209	2560.332	261.577	262.588	0.005874342
2210	2561.498	261.577	262.588	0.005872812
2211	2562.652	261.532	262.539	0.005873411
2212	2563.817	261.532	262.539	0.005872303
2213	2564.982	261.484	262.514	0.005871879
2214	2566.144	261.484	262.514	0.005871793
2215	2567.309	261.438	262.454	0.005872987
2216	2568.565	261.393	262.408	0.005872055
2217	2569.722	261.393	262.408	0.005872816
2218	2570.888	261.339	262.362	0.005870352
2219	2572.052	261.339	262.362	0.005870013
2220	2573.215	261.292	262.314	0.005871885
2221	2574.382	261.292	262.314	0.005869845
2222	2575.547	261.246	262.257	0.005869761
2223	2576.708	261.246	262.257	0.005870615
2224	2577.868	261.199	262.224	0.005871375
2225	2579.033	261.199	262.224	0.00586976
2226	2580.187	261.152	262.172	0.005870949
2227	2581.336	261.152	262.172	0.00586806
2228	2582.503	261.105	262.123	0.005868907
2229	2583.667	261.105	262.123	0.005867467
2230	2584.833	261.058	262.08	0.005868564
2231	2585.998	261.058	262.08	0.005871207
2232	2587.179	261.012	262.032	0.005869079
2233	2588.346	261.012	262.032	0.005868823
2234	2589.51	260.965	261.989	0.005869166
2235	2590.663	260.965	261.989	0.005868151
2236	2591.829	260.919	261.935	0.005867042
2237	2592.982	260.919	261.935	0.005867725
2238	2594.144	260.871	261.9	0.005867895
2239	2595.308	260.871	261.9	0.005866784
2240	2596.474	260.826	261.855	0.005866455
2241	2597.624	260.826	261.855	0.005866789
2242	2598.791	260.778	261.808	0.005864918
2243	2599.944	260.778	261.808	0.005865603
2244	2601.11	260.732	261.762	0.00586526
2245	2602.272	260.732	261.762	0.005866452
2246	2603.42	260.684	261.715	0.005864838
2247	2604.574	260.684	261.715	0.005865179
2248	2605.737	260.63	261.646	0.005865008
2249	2606.899	260.63	261.646	0.005862628
2250	2608.05	260.583	261.6	0.005863737
2251	2609.216	260.583	261.6	0.005863219
2252	2610.382	260.536	261.554	0.0058645
2253	2611.548	260.536	261.554	0.005863738
2254	2612.729	260.489	261.506	0.005862372
2255	2613.883	260.489	261.506	0.005863059
2256	2615.062	260.442	261.46	0.005863991
2257	2616.225	260.442	261.46	0.00586255
2258	2617.389	260.404	261.413	0.005861776
2259	2618.543	260.404	261.413	0.005863906
2260	2619.707	260.349	261.367	0.005861867
2261	2620.858	260.349	261.367	0.005862631
2262	2622.024	260.302	261.32	0.0058634
2263	2623.181	260.302	261.32	0.005862206
2264	2624.348	260.253	261.273	0.005861702
2265	2625.511	260.253	261.273	0.005861101
2266	2626.675	260.207	261.227	0.00586119
2267	2627.846	260.207	261.227	0.005860763
2268	2629.028	260.159	261.181	0.005861278
2269	2630.181	260.159	261.181	0.005859487
2270	2631.335	260.113	261.134	0.005859318
2271	2632.487	260.113	261.134	0.005861532
2272	2633.651	260.066	261.087	0.005860337
2273	2634.817	260.066	261.087	0.005859832
2274	2635.983	260.017	261.033	0.00585847
2275	2637.164	260.017	261.033	0.005860429
2276	2638.317	259.963	260.988	0.005857795
2277	2639.485	259.963	260.988	0.005857114
2278	2640.648	259.916	260.95	0.005857118
2279	2641.814	259.916	260.95	0.00585804
2280	2642.98	259.869	260.896	0.00585873
2281	2644.253	259.821	260.84	0.005857874
2282	2645.413	259.821	260.84	0.005855926
2283	2646.568	259.774	260.805	0.005856689
2284	2647.734	259.774	260.805	0.005857709
2285	2648.9	259.726	260.761	0.005857288
2286	2650.054	259.726	260.761	0.005856947
2287	2651.204	259.678	260.71	0.005856178
2288	2652.357	259.678	260.71	0.005855844
2289	2653.521	259.631	260.666	0.005855334
2290	2654.672	259.631	260.666	0.00585593
2291	2655.854	259.582	260.616	0.005854819
2292	2657.006	259.582	260.616	0.005853971
2293	2658.17	259.536	260.556	0.005854061
2294	2659.322	259.536	260.556	0.005854229
2295	2660.501	259.488	260.517	0.005854654
2296	2661.652	259.488	260.517	0.005852867
2297	2662.817	259.441	260.46	0.005853724
2298	2663.981	259.441	260.46	0.005850745
2299	2665.165	259.393	260.422	0.005853126
2300	2666.33	259.393	260.422	0.005852616
2301	2667.494	259.346	260.366	0.00585338
2302	2668.66	259.346	260.366	0.005853377
2303	2669.825	259.298	260.337	0.005851344
2304	2670.992	259.298	260.337	0.005853717
2305	2672.154	259.244	260.289	0.005853469
2306	2673.323	259.244	260.289	0.005852194
2307	2674.488	259.195	260.238	0.005853129
2308	2675.656	259.195	260.238	0.005853547
2309	2676.821	259.147	260.192	0.005851259
2310	2677.973	259.147	260.192	0.005850836
2311	2679.152	259.1	260.139	0.005851005
2312	2680.316	259.1	260.139	0.005849643
2313	2681.482	259.052	260.101	0.005849817
2314	2682.649	259.052	260.101	0.005848711
2315	2683.802	259.003	260.053	0.005848793
2316	2684.968	259.003	260.053	0.005849047
2317	2686.133	258.956	260.001	0.00584846
2318	2687.299	258.956	260.001	0.005848802
2319	2688.466	258.908	259.945	0.005849219
2320	2689.633	258.908	259.945	0.005846332
2321	2690.798	258.859	259.905	0.005847783
2322	2691.951	258.859	259.905	0.005848197
2323	2693.132	258.82	259.854	0.005846844
2324	2694.285	258.82	259.854	0.005849563
2325	2695.447	258.764	259.809	0.005847265
2326	2696.614	258.764	259.809	0.00584684
2327	2697.781	258.718	259.756	0.005847104
2328	2698.945	258.718	259.756	0.005845398
2329	2700.109	258.669	259.717	0.005845231
2330	2701.262	258.669	259.717	0.005845659
2331	2702.427	258.621	259.661	0.005845826
2332	2703.591	258.621	259.661	0.005845061
2333	2704.758	258.572	259.619	0.005845568
2334	2705.921	258.572	259.619	0.005844047
2335	2707.073	258.516	259.552	0.005844472
2336	2708.237	258.516	259.552	0.005844043
2337	2709.405	258.468	259.5	0.005843871
2338	2710.555	258.468	259.5	0.005842005
2339	2711.721	258.419	259.46	0.005844127
2340	2712.883	258.419	259.46	0.005844642
2341	2714.047	258.37	259.412	0.005843454
2342	2715.214	258.37	259.412	0.005843954
2343	2716.379	258.323	259.365	0.005843108
2344	2717.635	258.275	259.317	0.005841578
2345	2718.791	258.275	259.317	0.005841918
2346	2719.942	258.226	259.269	0.005842514
2347	2721.11	258.226	259.269	0.005842266
2348	2722.275	258.179	259.221	0.005841067
2349	2723.442	258.179	259.221	0.005840139
2350	2724.596	258.13	259.173	0.005842517
2351	2725.76	258.13	259.173	0.005841151
2352	2726.925	258.082	259.126	0.005841666
2353	2728.091	258.082	259.126	0.005840822
2354	2729.258	258.033	259.078	0.005841665
2355	2730.424	258.033	259.078	0.005840477
2356	2731.586	257.986	259.029	0.005840817
2357	2732.752	257.986	259.029	0.00584201
2358	2733.917	257.937	258.982	0.005839968
2359	2735.1	257.937	258.982	0.005839287
2360	2736.267	257.889	258.934	0.005840736
2361	2737.417	257.889	258.934	0.00583887
2362	2738.582	257.832	258.886	0.005838521
2363	2739.745	257.832	258.886	0.005839798
2364	2740.928	257.783	258.837	0.005838185
2365	2742.093	257.783	258.837	0.005837935
2366	2743.246	257.735	258.79	0.005837848
2367	2744.41	257.735	258.79	0.00583572
2368	2745.575	257.686	258.766	0.005838274
2369	2746.727	257.686	258.766	0.005835638
2370	2747.879	257.638	258.693	0.005836492
2371	2749.075	257.638	258.693	0.00583717
2372	2750.223	257.59	258.645	0.005837595
2373	2751.407	257.59	258.645	0.005837422
2374	2752.557	257.54	258.597	0.005836236
2375	2753.722	257.54	258.597	0.005835557
2376	2754.873	257.492	258.548	0.005835472
2377	2756.035	257.492	258.548	0.005835475
2378	2757.198	257.443	258.499	0.005833603
2379	2758.361	257.443	258.499	0.005833943
2380	2759.526	257.395	258.451	0.005834032
2381	2760.69	257.395	258.451	0.005834192
2382	2761.845	257.345	258.404	0.005833522
2383	2763.007	257.345	258.404	0.005833179
2384	2764.173	257.297	258.355	0.005832579
2385	2765.327	257.297	258.355	0.005831392
2386	2766.49	257.247	258.307	0.005832497
2387	2767.656	257.247	258.307	0.005832584
2388	2768.822	257.206	258.258	0.005833013
2389	2769.989	257.206	258.258	0.005833436
2390	2771.182	257.15	258.209	0.005832839
2391	2772.337	257.15	258.209	0.005831816
2392	2773.5	257.093	258.161	0.005832926
2393	2774.665	257.093	258.161	0.005831993
2394	2775.832	257.044	258.113	0.005831992
2395	2776.998	257.044	258.113	0.005831307
2396	2778.16	256.994	258.064	0.005829948
2397	2779.325	256.994	258.064	0.005830452
2398	2780.49	256.946	258.015	0.005830118
2399	2781.654	256.946	258.015	0.005830037
2400	2782.819	256.896	257.967	0.005830548
2401	2783.976	256.896	257.967	0.005831227
2402	2785.129	256.848	257.918	0.005829443
2403	2786.284	256.848	257.918	0.005828088
2404	2787.448	256.797	257.87	0.005828346
2405	2788.614	256.797	257.87	0.005827316
2406	2789.779	256.75	257.821	0.00582902
2407	2791.026	256.701	257.796	0.005829015
2408	2792.189	256.701	257.796	0.005829021
2409	2793.338	256.651	257.723	0.005829785
2410	2794.505	256.651	257.723	0.005826983
2411	2795.667	256.602	257.674	0.005825024
2412	2796.834	256.602	257.674	0.00582698
2413	2797.999	256.552	257.625	0.005827412
2414	2799.165	256.552	257.625	0.005824687
2415	2800.331	256.503	257.577	0.005826988
2416	2801.495	256.503	257.577	0.005827747
2417	2802.657	256.453	257.528	0.005826812
2418	2803.812	256.453	257.528	0.005826901
2419	2804.977	256.404	257.479	0.0058263
2420	2806.14	256.404	257.479	0.005826812
2421	2807.305	256.346	257.405	0.005824859
2422	2808.471	256.346	257.405	0.005825878
2423	2809.632	256.297	257.356	0.005824776
2424	2810.796	256.297	257.356	0.005824692
2425	2811.955	256.247	257.306	0.005825031
2426	2813.126	256.247	257.306	0.005823926
2427	2814.287	256.198	257.257	0.005823335
2428	2815.454	256.198	257.257	0.005823843
2429	2816.62	256.149	257.208	0.005824012
2430	2817.781	256.149	257.208	0.005821886
2431	2818.941	256.099	257.159	0.005821546
2432	2820.109	256.099	257.159	0.005823162
2433	2821.276	256.048	257.11	0.005822058
2434	2822.44	256.048	257.11	0.005822487
2435	2823.606	255.999	257.061	0.005821549
2436	2824.771	255.999	257.061	0.005822398
2437	2825.927	255.949	257.011	0.005821296
2438	2827.115	255.949	257.011	0.005819933
2439	2828.283	255.9	256.962	0.005820191
2440	2829.447	255.9	256.962	0.005821891
2441	2830.611	255.85	256.913	0.005822482
2442	2831.777	255.85	256.913	0.005819338
2443	2832.942	255.8	256.863	0.005818745
2444	2834.104	255.8	256.863	0.005818066
2445	2835.269	255.751	256.814	0.005819937
2446	2836.434	255.751	256.814	0.005820875
2447	2837.598	255.701	256.764	0.005819172
2448	2838.761	255.701	256.764	0.00582053
2449	2839.927	255.651	256.715	0.005816027
2450	2841.093	255.651	256.715	0.005817302
2451	2842.259	255.593	256.665	0.005818069
2452	2843.425	255.593	256.665	0.005818324
2453	2844.59	255.542	256.616	0.005816969
2454	2845.757	255.542	256.616	0.005816374
2455	2846.92	255.491	256.567	0.005816283
2456	2848.083	255.491	256.567	0.005815784
2457	2849.234	255.442	256.517	0.00581722
2458	2850.395	255.442	256.517	0.005814759
2459	2851.562	255.391	256.467	0.005816372
2460	2852.726	255.391	256.467	0.005815953
2461	2853.891	255.342	256.418	0.005813144
2462	2855.076	255.342	256.418	0.005813821
2463	2856.24	255.29	256.368	0.005814421
2464	2857.403	255.29	256.368	0.005814675
2465	2858.567	255.241	256.318	0.005814169
2466	2859.827	255.191	256.268	0.005813661
2467	2860.985	255.191	256.268	0.005815353
2468	2862.149	255.142	256.219	0.005815016
2469	2863.319	255.142	256.219	0.005814338
2470	2864.481	255.09	256.168	0.005811702
2471	2865.646	255.09	256.168	0.00581281
2472	2866.809	255.041	256.118	0.005812129
2473	2867.973	255.041	256.118	0.005811023
2474	2869.157	254.99	256.068	0.00581179
2475	2870.326	254.99	256.068	0.00581221
2476	2871.492	254.939	256.018	0.005812211
2477	2872.653	254.939	256.018	0.005811453
2478	2873.803	254.889	255.969	0.00581255
2479	2874.969	254.889	255.969	0.005811878
2480	2876.133	254.829	255.919	0.005809493
2481	2877.295	254.829	255.919	0.00580941
2482	2878.461	254.779	255.869	0.005811283
2483	2879.625	254.779	255.869	0.005810519
2484	2880.789	254.73	255.818	0.005811875
2485	2881.957	254.73	255.818	0.005811026
2486	2883.119	254.679	255.768	0.005809841
2487	2884.284	254.679	255.768	0.005807627
2488	2885.452	254.628	255.718	0.005807969
2489	2886.616	254.628	255.718	0.005809674
2490	2887.781	254.578	255.667	0.00581086
2491	2888.941	254.578	255.667	0.005809758
2492	2890.107	254.527	255.617	0.00580933
2493	2891.275	254.527	255.617	0.005808139
2494	2892.44	254.476	255.567	0.005808739
2495	2893.608	254.476	255.567	0.005806019
2496	2894.774	254.425	255.517	0.005808906
2497	2895.935	254.425	255.517	0.005807123
2498	2897.118	254.374	255.466	0.005806611
2499	2898.284	254.374	255.466	0.005806702
2500	2899.447	254.323	255.416	0.005807292
2501	2900.611	254.323	255.416	0.005806194
2502	2901.776	254.272	255.365	0.005806018
2503	2902.939	254.272	255.365	0.005805087
2504	2904.092	254.221	255.315	0.005804239
2505	2905.259	254.221	255.315	0.005804659
2506	2906.421	254.171	255.264	0.005804491
2507	2907.583	254.171	255.264	0.005803812
2508	2908.748	254.112	255.188	0.00580407
2509	2909.912	254.112	255.188	0.005803307
2510	2911.076	254.06	255.138	0.005804491
2511	2912.24	254.06	255.138	0.00580322
2512	2913.406	254.009	255.087	0.005803639
2513	2914.568	254.009	255.087	0.005803812
2514	2915.734	253.957	255.037	0.005801092
2515	2916.897	253.957	255.037	0.005799392
2516	2918.066	253.906	254.986	0.005802362
2517	2919.231	253.906	254.986	0.005801608
2518	2920.397	253.856	254.935	0.005800671
2519	2921.563	253.856	254.935	0.005801437
2520	2922.731	253.805	254.885	0.005800926
2521	2923.892	253.805	254.885	0.005799226
2522	2925.055	253.754	254.834	0.005799993
2523	2926.207	253.754	254.834	0.005800671
2524	2927.37	253.702	254.808	0.005800082
2525	2928.628	253.651	254.732	0.005800923
2526	2929.795	253.651	254.732	0.005801779
2527	2930.956	253.598	254.681	0.005800674
2528	2932.118	253.598	254.681	0.00579872
2529	2933.271	253.548	254.63	0.005798467
2530	2934.434	253.548	254.63	0.005799232
2531	2935.629	253.497	254.579	0.005798297
2532	2936.794	253.497	254.579	0.005798721
2533	2937.958	253.445	254.528	0.005798806
2534	2939.154	253.445	254.528	0.005797958
2535	2940.319	253.393	254.477	0.005797789
2536	2941.482	253.393	254.477	0.005797024
2537	2942.664	253.333	254.426	0.005797023
2538	2943.827	253.333	254.426	0.005796601
2539	2944.992	253.282	254.375	0.00579634
2540	2946.156	253.282	254.375	0.005797276
2541	2947.322	253.23	254.324	0.005796432
2542	2948.483	253.23	254.324	0.005795242
2543	2949.647	253.187	254.273	0.005795064
2544	2950.814	253.187	254.273	0.005794222
2545	2951.977	253.126	254.222	0.005794732
2546	2953.161	253.126	254.222	0.005795409
2547	2954.327	253.076	254.171	0.005795403
2548	2955.492	253.076	254.171	0.005792433
2549	2956.655	253.024	254.12	0.005793627
2550	2957.819	253.024	254.12	0.00579371
2551	2958.974	252.972	254.068	0.005793543
2552	2960.139	252.972	254.068	0.005793119
2553	2961.334	252.92	254.016	0.005791843
2554	2962.498	252.92	254.016	0.005793113
2555	2963.663	252.869	253.965	0.005792862
2556	2964.826	252.869	253.965	0.005792863
2557	2965.989	252.817	253.914	0.005792186
2558	2967.156	252.817	253.914	0.00579159
2559	2968.32	252.766	253.863	0.005790908
2560	2969.487	252.766	253.863	0.005790059
2561	2970.653	252.713	253.812	0.005790911
2562	2971.816	252.713	253.812	0.00579091
2563	2972.979	252.661	253.786	0.005790403
2564	2974.146	252.661	253.786	0.005789887
2565	2975.312	252.607	253.709	0.005790405
2566	2976.478	252.607	253.709	0.005788615
2567	2977.641	252.547	253.657	0.00578938
2568	2978.805	252.547	253.657	0.005788285
2569	2979.958	252.495	253.605	0.005787084
2570	2981.151	252.495	253.605	0.005789037
2571	2982.314	252.443	253.554	0.005789302
2572	2983.499	252.443	253.554	0.005788275
2573	2984.662	252.391	253.501	0.005786492
2574	2985.828	252.391	253.501	0.005787602
2575	2986.992	252.339	253.45	0.005785557
2576	2988.256	252.287	253.398	0.005787084
2577	2989.417	252.287	253.398	0.005787428
2578	2990.583	252.235	253.346	0.005786752
2579	2991.746	252.235	253.346	0.005786067
2580	2992.912	252.182	253.294	0.005787685
2581	2994.077	252.182	253.294	0.005787513
2582	2995.241	252.13	253.242	0.005786583
2583	2996.408	252.13	253.242	0.005787006
2584	2997.564	252.077	253.19	0.00578879
2585	2998.729	252.077	253.19	0.00578454
2586	2999.899	252.026	253.138	0.005784035
2587	3001.079	252.026	253.138	0.005785643
2588	3002.264	251.972	253.086	0.005782502
2589	3003.429	251.972	253.086	0.005786244
2590	3004.597	251.92	253.034	0.005784709
2591	3005.76	251.92	253.034	0.005786075
2592	3006.922	251.868	252.982	0.005785472
2593	3008.088	251.868	252.982	0.005782425
2594	3009.251	251.816	252.93	0.005784376
2595	3010.405	251.816	252.93	0.005783101
2596	3011.568	251.753	252.851	0.005783434
2597	3012.733	251.753	252.851	0.005781829
2598	3013.901	251.7	252.8	0.005782592
2599	3015.065	251.7	252.8	0.005782593
2600	3016.231	251.648	252.748	0.005782252
2601	3017.395	251.648	252.748	0.005781235
2602	3018.579	251.596	252.695	0.005781405
2603	3019.745	251.596	252.695	0.005781575
2604	3020.911	251.543	252.643	0.005780978
2605	3022.078	251.543	252.643	0.005781572
2606	3023.241	251.49	252.59	0.00577996
2607	3024.408	251.49	252.59	0.005779871
2608	3025.572	251.445	252.538	0.00577979
2609	3026.737	251.445	252.538	0.005779621
2610	3027.907	251.383	252.486	0.005779109
2611	3029.086	251.383	252.486	0.005778519
2612	3030.248	251.331	252.433	0.005779875
2613	3031.415	251.331	252.433	0.005776559
2614	3032.58	251.277	252.382	0.005780051
2615	3033.745	251.277	252.382	0.005778605
2616	3034.896	251.225	252.329	0.005778343
2617	3036.065	251.225	252.329	0.005777586
2618	3037.227	251.172	252.276	0.005777588
2619	3038.391	251.172	252.276	0.005776906
2620	3039.558	251.119	252.224	0.005777414
2621	3040.725	251.119	252.224	0.005775803
2622	3041.887	251.066	252.171	0.005777163
2623	3043.083	251.066	252.171	0.005775461
2624	3044.247	251.005	252.118	0.005775717
2625	3045.414	251.005	252.118	0.005775297
2626	3046.58	250.951	252.065	0.005773682
2627	3047.747	250.951	252.065	0.005775211
2628	3048.917	250.898	252.012	0.00577394
2629	3050.182	250.844	251.96	0.005774443
2630	3051.339	250.844	251.96	0.00577283
2631	3052.505	250.791	251.907	0.005774024
2632	3053.671	250.791	251.907	0.005773337
2633	3054.841	250.739	251.854	0.005774023
2634	3056.0	250.739	251.854	0.005772747
2635	3057.165	250.685	251.801	0.005773513
2636	3058.33	250.685	251.801	0.005772327
2637	3059.493	250.631	251.748	0.005772239
2638	3060.659	250.631	251.748	0.005772406
2639	3061.815	250.577	251.695	0.005772912
2640	3062.973	250.577	251.695	0.0057702
2641	3064.128	250.524	251.642	0.005769604
2642	3065.292	250.524	251.642	0.00577105
2643	3066.46	250.47	251.589	0.00577071
2644	3067.622	250.47	251.589	0.005770284
2645	3068.776	250.416	251.536	0.005769693
2646	3069.943	250.416	251.536	0.005769351
2647	3071.141	250.363	251.482	0.005770117
2648	3072.307	250.363	251.482	0.005768506
2649	3073.461	250.309	251.429	0.005767822
2650	3074.628	250.309	251.429	0.005768335
2651	3075.796	250.256	251.375	0.00576757
2652	3076.966	250.256	251.375	0.005766974
2653	3078.132	250.202	251.322	0.005766723
2654	3079.29	250.202	251.322	0.005767143
2655	3080.456	250.139	251.268	0.005765104
2656	3081.625	250.139	251.268	0.005764425
2657	3082.792	250.085	251.215	0.005765446
2658	3083.958	250.085	251.215	0.005767401
2659	3085.143	250.032	251.162	0.005766553
2660	3086.312	250.032	251.162	0.005764594
2661	3087.483	249.978	251.109	0.005765195
2662	3088.654	249.978	251.109	0.00576545
2663	3089.824	249.925	251.056	0.005764601
2664	3090.994	249.925	251.056	0.005764513
2665	3092.158	249.871	251.002	0.005764514
2666	3093.328	249.871	251.002	0.005765448
2667	3094.495	249.816	250.948	0.005763835
2668	3095.664	249.816	250.948	0.005764595
2669	3096.834	249.763	250.895	0.005764514
2670	3097.99	249.763	250.895	0.005762988
2671	3099.156	249.71	250.841	0.005762819
2672	3100.323	249.71	250.841	0.005762305
2673	3101.49	249.665	250.787	0.005763241
2674	3102.646	249.665	250.787	0.005761204
2675	3103.804	249.602	250.734	0.005762393
2676	3104.968	249.602	250.734	0.005760945
2677	3106.135	249.55	250.68	0.005763069
2678	3107.293	249.55	250.68	0.005760519
2679	3108.448	249.495	250.626	0.005761034
2680	3109.613	249.495	250.626	0.005760948
2681	3110.805	249.442	250.572	0.005760526
2682	3111.973	249.442	250.572	0.00575882
2683	3113.13	249.379	250.492	0.005761121
2684	3114.468	249.324	250.437	0.005761206
2685	3115.622	249.324	250.437	0.005758311
2686	3116.778	249.272	250.384	0.005760439
2687	3117.94	249.272	250.384	0.005759506
2688	3119.122	249.218	250.33	0.005760438
2689	3120.278	249.218	250.33	0.005760101
2690	3121.448	249.163	250.276	0.005759591
2691	3122.617	249.163	250.276	0.005758147
2692	3123.784	249.11	250.222	0.005758489
2693	3124.951	249.11	250.222	0.005758145
2694	3126.135	249.057	250.168	0.005755343
2695	3127.304	249.057	250.168	0.005756874
2696	3128.464	249.002	250.114	0.005756962
2697	3129.62	249.002	250.114	0.005757042
2698	3130.789	248.947	250.06	0.005757382
2699	3131.957	248.947	250.06	0.00575568
2700	3133.128	248.894	250.006	0.005757209
2701	3134.293	248.894	250.006	0.005756106
2702	3135.461	248.84	249.952	0.005754752
2703	3136.628	248.84	249.952	0.005754665
2704	3137.785	248.786	249.897	0.005756197
2705	3138.948	248.786	249.897	0.005755264
2706	3140.119	248.732	249.843	0.005755937
2707	3141.285	248.732	249.843	0.005756277
2708	3142.452	248.678	249.79	0.005754245
2709	3143.619	248.678	249.79	0.005752965
2710	3144.789	248.624	249.736	0.005754752
2711	3145.956	248.624	249.736	0.005754075
2712	3147.123	248.571	249.682	0.005754922
2713	3148.293	248.571	249.682	0.005752123
2714	3149.459	248.508	249.628	0.00575152
2715	3150.629	248.508	249.628	0.005752886
2716	3151.797	248.453	249.574	0.005750595
2717	3152.966	248.453	249.574	0.005752546
2718	3154.134	248.4	249.547	0.00575034
2719	3155.3	248.4	249.547	0.005751784
2720	3156.468	248.346	249.466	0.005749914
2721	3157.636	248.346	249.466	0.00574932
2722	3158.788	248.291	249.412	0.005750252
2723	3159.943	248.291	249.412	0.005751528
2724	3161.124	248.237	249.359	0.005751529
2725	3162.29	248.237	249.359	0.005750176
2726	3163.457	248.182	249.305	0.00574966
2727	3164.625	248.182	249.305	0.005748811
2728	3165.781	248.127	249.251	0.005749152
2729	3166.947	248.127	249.251	0.005749405
2730	3168.116	248.074	249.196	0.005747454
2731	3169.283	248.074	249.196	0.005747454
2732	3170.45	248.019	249.141	0.0057472
2733	3171.729	247.965	249.088	0.005747285
2734	3172.888	247.965	249.088	0.005748305
2735	3174.099	247.91	249.033	0.005746861
2736	3175.256	247.91	249.033	0.005747882
2737	3176.423	247.866	248.979	0.005746343
2738	3177.591	247.866	248.979	0.005747539
2739	3178.761	247.802	248.925	0.005747287
2740	3179.928	247.802	248.925	0.005745923
2741	3181.115	247.739	248.871	0.005747288
2742	3182.284	247.739	248.871	0.005745073
2743	3183.453	247.684	248.817	0.005745072
2744	3184.621	247.684	248.817	0.00574329
2745	3185.789	247.63	248.762	0.005745243
2746	3186.958	247.63	248.762	0.005744313
2747	3188.115	247.575	248.708	0.005744737
2748	3189.312	247.575	248.708	0.005744484
2749	3190.485	247.52	248.654	0.005742018
2750	3191.655	247.52	248.654	0.005743553
2751	3192.823	247.465	248.599	0.005741509
2752	3193.991	247.465	248.599	0.005742104
2753	3195.178	247.413	248.545	0.005742785
2754	3196.345	247.413	248.545	0.005743553
2755	3197.511	247.356	248.49	0.005742361
2756	3198.698	247.356	248.49	0.00574338
2757	3199.862	247.302	248.463	0.005739132
2758	3201.029	247.302	248.463	0.005741591
2759	3202.196	247.247	248.381	0.005741767
2760	3203.367	247.247	248.381	0.005740494
2761	3204.534	247.193	248.327	0.005741174
2762	3205.704	247.193	248.327	0.00574075
2763	3206.869	247.138	248.272	0.005738366
2764	3208.034	247.138	248.272	0.005740156
2765	3209.189	247.083	248.217	0.005741346
2766	3210.356	247.083	248.217	0.005738713
2767	3211.522	247.029	248.163	0.00573905
2768	3212.691	247.029	248.163	0.005740579
2769	3213.857	246.974	248.108	0.005738117
2770	3215.026	246.974	248.108	0.005739136
2771	3216.195	246.919	248.026	0.00573803
2772	3217.363	246.919	248.026	0.005738881
2773	3218.528	246.854	247.972	0.005737775
2774	3219.697	246.854	247.972	0.005737612
2775	3220.874	246.8	247.917	0.005734801
2776	3222.037	246.8	247.917	0.005737356
2777	3223.205	246.745	247.862	0.005736423
2778	3224.476	246.691	247.807	0.005736843
2779	3225.632	246.691	247.807	0.00573574
2780	3226.828	246.635	247.753	0.005736422
2781	3227.995	246.635	247.753	0.005735826
2782	3229.162	246.579	247.698	0.005735914
2783	3230.329	246.579	247.698	0.005735743
2784	3231.497	246.525	247.643	0.005734723
2785	3232.658	246.525	247.643	0.005735315
2786	3233.823	246.47	247.588	0.005732601
2787	3234.986	246.47	247.588	0.005734126
2788	3236.157	246.416	247.534	0.005734215
2789	3237.315	246.416	247.534	0.005734385
2790	3238.484	246.36	247.479	0.005733876
2791	3239.637	246.36	247.479	0.005734556
2792	3240.804	246.305	247.424	0.005733449
2793	3241.957	246.305	247.424	0.005733365
2794	3243.123	246.25	247.369	0.005733114
2795	3244.276	246.25	247.369	0.005732094
2796	3245.447	246.195	247.314	0.005731756
2797	3246.598	246.195	247.314	0.005730987
2798	3247.764	246.139	247.259	0.005730566
2799	3248.916	246.139	247.259	0.005731247
2800	3250.074	246.076	247.203	0.005729799
2801	3251.226	246.076	247.203	0.005729462
2802	3252.39	246.021	247.148	0.005729715
2803	3253.542	246.021	247.148	0.005729971
2804	3254.695	245.966	247.093	0.005728606
2805	3255.845	245.966	247.093	0.005729716
2806	3257.014	245.909	247.038	0.005727503
2807	3258.164	245.909	247.038	0.00572938
2808	3259.332	245.855	246.983	0.005727594
2809	3260.494	245.855	246.983	0.005728868
2810	3261.648	245.798	246.928	0.005729122
2811	3262.798	245.798	246.928	0.005729295
2812	3263.956	245.744	246.873	0.005727509
2813	3265.103	245.744	246.873	0.005726574
2814	3266.27	245.688	246.818	0.00572683
2815	3267.419	245.688	246.818	0.005726071
2816	3268.587	245.633	246.763	0.005725896
2817	3269.738	245.633	246.763	0.005726405
2818	3270.891	245.577	246.708	0.00572717
2819	3272.043	245.577	246.708	0.005726152
2820	3273.229	245.523	246.652	0.00572505
2821	3274.377	245.523	246.652	0.005725221
2822	3275.527	245.467	246.597	0.005725388
2823	3276.676	245.467	246.597	0.005723776
2824	3277.827	245.412	246.542	0.005722502
2825	3278.989	245.412	246.542	0.005723605
2826	3280.139	245.355	246.487	0.005722412
2827	3281.29	245.355	246.487	0.005724116
2828	3282.442	245.301	246.432	0.005721908
2829	3283.592	245.301	246.432	0.005722502
2830	3284.743	245.244	246.376	0.005721314
2831	3285.923	245.244	246.376	0.005721569
2832	3287.089	245.179	246.321	0.005721741
2833	3288.253	245.179	246.321	0.00572216
2834	3289.402	245.124	246.266	0.005722166
2835	3290.566	245.124	246.266	0.005722162
2836	3291.731	245.068	246.21	0.005721656
2837	3292.898	245.068	246.21	0.005721824
2838	3294.06	245.012	246.155	0.005719958
2839	3295.245	245.012	246.155	0.005721479
2840	3296.407	244.957	246.099	0.005720892
2841	3297.569	244.957	246.099	0.005721063
2842	3298.721	244.901	246.044	0.005720296
2843	3299.873	244.901	246.044	0.005719701
2844	3301.036	244.847	245.988	0.005721061
2845	3302.185	244.847	245.988	0.005719107
2846	3303.337	244.79	245.932	0.005717488
2847	3304.488	244.79	245.932	0.005719705
2848	3305.64	244.734	245.877	0.005720046
2849	3306.79	244.734	245.877	0.005717583
2850	3307.939	244.679	245.821	0.005720042
2851	3309.1	244.679	245.821	0.005718685
2852	3310.253	244.623	245.766	0.005718006
2853	3311.405	244.623	245.766	0.005718347
2854	3312.558	244.568	245.71	0.005716983
2855	3313.708	244.568	245.71	0.005714777
2856	3314.871	244.512	245.654	0.005716647
2857	3316.022	244.512	245.654	0.005716902
2858	3317.175	244.455	245.598	0.005714263
2859	3318.324	244.455	245.598	0.005715207
2860	3319.489	244.399	245.542	0.005713425
2861	3320.653	244.399	245.542	0.00571376
2862	3321.818	244.335	245.459	0.005713506
2863	3322.969	244.335	245.459	0.005714439
2864	3324.132	244.278	245.403	0.005714273
2865	3325.384	244.223	245.348	0.005713337
2866	3326.538	244.223	245.348	0.005711806
2867	3327.702	244.166	245.292	0.005713419
2868	3328.863	244.166	245.292	0.00571283
2869	3330.028	244.11	245.236	0.005711556
2870	3331.194	244.11	245.236	0.005712572
2871	3332.347	244.054	245.181	0.005713596
2872	3333.497	244.054	245.181	0.005711723
2873	3334.676	243.999	245.152	0.005710961
2874	3335.829	243.999	245.152	0.005712066
2875	3336.981	243.941	245.068	0.005710965
2876	3338.132	243.941	245.068	0.005709936
2877	3339.292	243.886	245.012	0.005711385
2878	3340.442	243.886	245.012	0.005710112
2879	3341.594	243.831	244.957	0.005709263
2880	3342.747	243.831	244.957	0.00570884
2881	3343.909	243.773	244.9	0.005708241
2882	3345.062	243.773	244.9	0.005709181
2883	3346.241	243.717	244.844	0.005710199
2884	3347.389	243.717	244.844	0.005708246
2885	3348.552	243.66	244.788	0.005707823
2886	3349.71	243.66	244.788	0.005707991
2887	3350.863	243.604	244.732	0.005709349
2888	3352.011	243.604	244.732	0.005705525
2889	3353.174	243.548	244.677	0.005707903
2890	3354.322	243.548	244.677	0.005708162
2891	3355.475	243.482	244.621	0.005706292
2892	3356.639	243.482	244.621	0.005707229
2893	3357.803	243.436	244.565	0.005706804
2894	3358.96	243.436	244.565	0.005708162
2895	3360.113	243.37	244.509	0.005706973
2896	3361.262	243.37	244.509	0.005705444
2897	3362.414	243.313	244.453	0.005705022
2898	3363.564	243.313	244.453	0.005704513
2899	3364.716	243.258	244.396	0.005703748
2900	3365.885	243.258	244.396	0.005703578
2901	3367.044	243.201	244.34	0.005705107
2902	3368.209	243.201	244.34	0.005703152
2903	3369.373	243.145	244.284	0.005703239
2904	3370.524	243.145	244.284	0.0057029
2905	3371.71	243.089	244.228	0.005701879
2906	3372.861	243.089	244.228	0.005700944
2907	3374.025	243.032	244.172	0.005700351
2908	3375.179	243.032	244.172	0.00570188
2909	3376.341	242.974	244.115	0.005702305
2910	3377.494	242.974	244.115	0.005700777
2911	3378.675	242.918	244.059	0.005699078
2912	3379.84	242.918	244.059	0.005699672
2913	3380.993	242.863	244.031	0.005699075
2914	3382.146	242.863	244.031	0.005700356
2915	3383.298	242.805	243.946	0.005700948
2916	3384.451	242.805	243.946	0.005698822
2917	3385.617	242.748	243.889	0.005700353
2918	3386.766	242.748	243.889	0.005699675
2919	3387.929	242.693	243.833	0.005698654
2920	3389.077	242.693	243.833	0.005701038
2921	3390.241	242.627	243.777	0.005699165
2922	3391.407	242.627	243.777	0.0056984
2923	3392.578	242.569	243.72	0.005699249
2924	3393.729	242.569	243.72	0.005699762
2925	3394.877	242.513	243.663	0.005698828
2926	3396.061	242.513	243.663	0.005698062
2927	3397.221	242.455	243.607	0.005697468
2928	3398.378	242.455	243.607	0.005697039
2929	3399.561	242.4	243.55	0.005696707
2930	3400.726	242.4	243.55	0.005696787
2931	3401.879	242.343	243.494	0.005695345
2932	3403.04	242.343	243.494	0.005695178
2933	3404.189	242.287	243.437	0.005695856
2934	3405.341	242.287	243.437	0.005695004
2935	3406.494	242.23	243.38	0.005695344
2936	3407.656	242.23	243.38	0.005692715
2937	3408.808	242.173	243.323	0.005693733
2938	3409.973	242.173	243.323	0.005694753
2939	3411.14	242.115	243.266	0.005693735
2940	3412.304	242.115	243.266	0.005693227
2941	3413.464	242.058	243.21	0.005692376
2942	3414.631	242.058	243.21	0.005693224
2943	3415.815	242.001	243.153	0.005691782
2944	3416.98	242.001	243.153	0.005689659
2945	3418.14	241.945	243.097	0.005690587
2946	3419.292	241.945	243.097	0.005691526
2947	3420.443	241.887	243.04	0.005692207
2948	3421.714	241.83	242.983	0.005691864
2949	3422.886	241.83	242.983	0.005690421
2950	3424.065	241.763	242.898	0.005688725
2951	3425.23	241.763	242.898	0.005688211
2952	3426.382	241.706	242.841	0.005688127
2953	3427.53	241.706	242.841	0.005691015
2954	3428.695	241.649	242.784	0.00568932
2955	3429.847	241.649	242.784	0.00568915
2956	3431.006	241.592	242.727	0.005687536
2957	3432.163	241.592	242.727	0.005688302
2958	3433.327	241.544	242.67	0.005689491
2959	3434.477	241.544	242.67	0.005688554
2960	3435.63	241.479	242.614	0.005689405
2961	3436.779	241.479	242.614	0.00568915
2962	3437.93	241.42	242.557	0.005686766
2963	3439.097	241.42	242.557	0.005687455
2964	3440.248	241.364	242.5	0.005687116
2965	3441.397	241.364	242.5	0.005688727
2966	3442.548	241.306	242.443	0.005686521
2967	3443.698	241.306	242.443	0.005686181
2968	3444.85	241.249	242.386	0.005686179
2969	3446.002	241.249	242.386	0.005685077
2970	3447.179	241.192	242.329	0.005685161
2971	3448.341	241.192	242.329	0.005685841
2972	3449.504	241.135	242.272	0.005684397
2973	3450.655	241.135	242.272	0.005684823
2974	3451.806	241.078	242.216	0.005681934
2975	3452.957	241.078	242.216	0.005685079
2976	3454.115	241.021	242.159	0.005684741
2977	3455.282	241.021	242.159	0.005685844
2978	3456.445	240.963	242.102	0.005683295
2979	3457.611	240.963	242.102	0.00568389
2980	3458.777	240.896	242.044	0.005683803
2981	3459.943	240.896	242.044	0.005683293
2982	3461.109	240.839	241.987	0.005680741
2983	3462.273	240.839	241.987	0.005683388
2984	3463.439	240.781	241.929	0.0056827
2985	3464.591	240.781	241.929	0.005681679
2986	3465.773	240.724	241.873	0.005681424
2987	3466.938	240.724	241.873	0.005682189
2988	3468.122	240.667	241.815	0.005680837
2989	3469.275	240.667	241.815	0.005680501
2990	3470.437	240.61	241.758	0.005679391
2991	3471.627	240.61	241.758	0.005680581
2992	3472.788	240.552	241.7	0.005679816
2993	3473.952	240.552	241.7	0.005679811
2994	3475.105	240.495	241.643	0.005680661
2995	3476.27	240.495	241.643	0.005677773
2996	3477.436	240.436	241.585	0.005679051
2997	3478.599	240.436	241.585	0.005678627
2998	3479.766	240.38	241.528	0.005677948
2999	3480.928	240.38	241.528	0.005678208
3000	3482.081	240.321	241.471	0.005677606
3001	3483.265	240.321	241.471	0.005675994
3002	3484.43	240.263	241.413	0.005677187
3003	3485.597	240.263	241.413	0.005675483
3004	3486.764	240.207	241.355	0.005676418
3005	3487.917	240.207	241.355	0.005676509
3006	3489.07	240.148	241.298	0.00567548
3007	3490.22	240.148	241.298	0.005676507
3008	3491.371	240.091	241.24	0.005673788
3009	3492.534	240.091	241.24	0.005672939
3010	3493.686	240.024	241.183	0.005673109
3011	3494.851	240.024	241.183	0.005674639
3012	3496.035	239.965	241.125	0.005673788
3013	3497.229	239.965	241.125	0.005674301
3014	3498.393	239.908	241.068	0.00567124
3015	3499.559	239.908	241.068	0.005672683
3016	3500.725	239.85	241.01	0.005673534
3017	3502.06	239.792	240.952	0.005671747
3018	3503.209	239.792	240.952	0.005672089
3019	3504.377	239.734	240.895	0.005671749
3020	3505.558	239.734	240.895	0.005671829
3021	3506.71	239.677	240.837	0.005670903
3022	3507.862	239.677	240.837	0.005671582
3023	3509.023	239.629	240.779	0.005671667
3024	3510.182	239.629	240.779	0.00567065
3025	3511.342	239.561	240.722	0.005669883
3026	3512.503	239.561	240.722	0.005670216
3027	3513.668	239.504	240.664	0.005671072
3028	3514.832	239.504	240.664	0.005669288
3029	3516.01	239.445	240.606	0.005670141
3030	3517.194	239.445	240.606	0.005666396
3031	3518.34	239.387	240.548	0.005668607
3032	3519.493	239.387	240.548	0.005668187
3033	3520.644	239.329	240.49	0.005667423
3034	3521.81	239.329	240.49	0.005669032
3035	3522.959	239.271	240.433	0.00566793
3036	3524.113	239.271	240.433	0.005666234
3037	3525.278	239.203	240.346	0.005665977
3038	3526.442	239.203	240.346	0.005668105
3039	3527.595	239.146	240.288	0.005666066
3040	3528.761	239.146	240.288	0.00566564
3041	3529.915	239.086	240.23	0.005665561
3042	3531.075	239.086	240.23	0.005665042
3043	3532.239	239.03	240.172	0.005664453
3044	3533.386	239.03	240.172	0.005666149
3045	3534.548	238.972	240.115	0.005664198
3046	3535.711	238.972	240.115	0.005662165
3047	3536.861	238.913	240.057	0.00566403
3048	3538.01	238.913	240.057	0.005663522
3049	3539.162	238.855	239.998	0.005662923
3050	3540.329	238.855	239.998	0.005663179
3051	3541.513	238.796	239.941	0.005662499
3052	3542.676	238.796	239.941	0.005662326
3053	3543.839	238.737	239.883	0.005662923
3054	3545.004	238.737	239.883	0.005661991
3055	3546.167	238.679	239.824	0.005663013
3056	3547.333	238.679	239.824	0.005663349
3057	3548.494	238.621	239.766	0.005661139
3058	3549.648	238.621	239.766	0.005658849
3059	3550.796	238.563	239.708	0.005659872
3060	3551.946	238.563	239.708	0.005661061
3061	3553.095	238.504	239.65	0.0056614
3062	3554.241	238.504	239.65	0.00565961
3063	3555.39	238.445	239.591	0.005659527
3064	3556.544	238.445	239.591	0.005658427
3065	3557.693	238.386	239.534	0.005660551
3066	3558.841	238.386	239.534	0.005658846
3067	3559.986	238.319	239.475	0.005659107
3068	3561.165	238.319	239.475	0.005655964
3069	3562.349	238.26	239.446	0.005657829
3070	3563.498	238.26	239.446	0.005657325
3071	3564.648	238.202	239.358	0.005656734
3072	3565.798	238.202	239.358	0.005657407
3073	3566.961	238.143	239.3	0.005657154
3074	3568.126	238.143	239.3	0.005655285
3075	3569.308	238.086	239.242	0.00565605
3076	3570.49	238.086	239.242	0.005655712
3077	3571.654	238.027	239.184	0.005655962
3078	3572.819	238.027	239.184	0.005653584
3079	3573.981	237.968	239.126	0.005653336
3080	3575.127	237.968	239.126	0.005654858
3081	3576.272	237.909	239.068	0.005654781
3082	3577.424	237.909	239.068	0.005653928
3083	3578.577	237.851	239.009	0.005654099
3084	3579.724	237.851	239.009	0.005652909
3085	3580.872	237.792	238.95	0.005652398
3086	3582.02	237.792	238.95	0.005653164
3087	3583.166	237.732	238.892	0.005652238
3088	3584.317	237.732	238.892	0.005651379
3089	3585.469	237.684	238.833	0.005653082
3090	3586.617	237.684	238.833	0.005652484
3091	3587.764	237.616	238.775	0.005650954
3092	3588.901	237.616	238.775	0.00565053
3093	3590.048	237.557	238.716	0.005650281
3094	3591.214	237.557	238.716	0.005650191
3095	3592.363	237.499	238.658	0.005650536
3096	3593.516	237.499	238.658	0.005650871
3097	3594.679	237.43	238.599	0.005649002
3098	3595.819	237.43	238.599	0.005647643
3099	3596.97	237.372	238.541	0.005649089
3100	3598.118	237.372	238.541	0.005648834
3101	3599.254	237.312	238.482	0.005648923
3102	3600.405	237.312	238.482	0.005648158
3103	3601.554	237.253	238.424	0.005648244
3104	3602.702	237.253	238.424	0.005646628
3105	3603.881	237.194	238.365	0.005647056
3106	3605.029	237.194	238.365	0.005648587
3107	3606.179	237.136	238.306	0.005646034
3108	3607.331	237.136	238.306	0.005646459
3109	3608.478	237.076	238.277	0.005645532
3110	3609.63	237.076	238.277	0.005646036
3111	3610.813	237.017	238.189	0.005645954
3112	3612.067	236.958	238.13	0.005644166
3113	3613.239	236.958	238.13	0.005645275
3114	3614.388	236.9	238.071	0.005645272
3115	3615.536	236.9	238.071	0.005645106
3116	3616.682	236.84	238.012	0.005644255
3117	3617.826	236.84	238.012	0.005643067
3118	3618.988	236.782	237.953	0.005643745
3119	3620.143	236.782	237.953	0.005644174
3120	3621.311	236.722	237.895	0.0056423
3121	3622.461	236.722	237.895	0.005642808
3122	3623.607	236.663	237.836	0.005639751
3123	3624.763	236.663	237.836	0.00564171
3124	3625.911	236.605	237.777	0.0056423
3125	3627.059	236.605	237.777	0.005640604
3126	3628.209	236.544	237.718	0.005639674
3127	3629.358	236.544	237.718	0.005638647
3128	3630.506	236.475	237.63	0.00563933
3129	3631.667	236.475	237.63	0.005639585
3130	3632.847	236.416	237.571	0.005640011
3131	3633.991	236.416	237.571	0.005639159
3132	3635.132	236.357	237.512	0.005638392
3133	3636.277	236.357	237.512	0.005638142
3134	3637.426	236.297	237.453	0.005639162
3135	3638.573	236.297	237.453	0.005638141
3136	3639.719	236.238	237.394	0.005637463
3137	3640.869	236.238	237.394	0.005637718
3138	3642.014	236.18	237.364	0.005636439
3139	3643.197	236.18	237.364	0.005638998
3140	3644.354	236.119	237.305	0.00563653
3141	3645.497	236.119	237.305	0.005638312
3142	3646.644	236.06	237.216	0.005636444
3143	3647.8	236.06	237.216	0.005635849
3144	3648.944	236.001	237.187	0.005634491
3145	3650.095	236.001	237.187	0.005636278
3146	3651.249	235.942	237.098	0.005635172
3147	3652.399	235.942	237.098	0.005635002
3148	3653.545	235.882	237.039	0.005633814
3149	3654.697	235.882	237.039	0.005635425
3150	3655.847	235.822	237.009	0.005632963
3151	3656.995	235.822	237.009	0.005634833
3152	3658.143	235.763	236.92	0.005633222
3153	3659.292	235.763	236.92	0.00563186
3154	3660.441	235.714	236.861	0.005631692
3155	3661.588	235.714	236.861	0.005633391
3156	3662.74	235.644	236.802	0.005632797
3157	3663.892	235.644	236.802	0.005632369
3158	3665.042	235.575	236.772	0.005631693
3159	3666.185	235.575	236.772	0.005631948
3160	3667.333	235.516	236.683	0.005629997
3161	3668.486	235.516	236.683	0.005629568
3162	3669.64	235.455	236.624	0.005630504
3163	3670.786	235.455	236.624	0.005630765
3164	3671.935	235.396	236.564	0.005629146
3165	3673.082	235.396	236.564	0.005628978
3166	3674.227	235.337	236.505	0.005629313
3167	3675.378	235.337	236.505	0.005630501
3168	3676.532	235.277	236.475	0.005629059
3169	3677.68	235.277	236.475	0.005628639
3170	3678.825	235.216	236.386	0.005628045
3171	3679.966	235.216	236.386	0.005628213
3172	3681.119	235.157	236.326	0.005627284
3173	3682.269	235.157	236.326	0.005627277
3174	3683.422	235.097	236.266	0.005627703
3175	3684.571	235.097	236.266	0.005625158
3176	3685.718	235.037	236.207	0.005627704
3177	3686.867	235.037	236.207	0.005626855
3178	3688.018	234.977	236.147	0.005624219
3179	3689.171	234.977	236.147	0.005626522
3180	3690.319	234.917	236.118	0.00562711
3181	3691.469	234.917	236.118	0.005627024
3182	3692.62	234.857	236.029	0.005625919
3183	3693.776	234.857	236.029	0.005624223
3184	3694.923	234.798	235.969	0.00562414
3185	3696.073	234.798	235.969	0.005623544
3186	3697.216	234.737	235.91	0.005624139
3187	3698.392	234.737	235.91	0.005624733
3188	3699.538	234.669	235.85	0.005623969
3189	3700.686	234.669	235.85	0.005623287
3190	3701.835	234.608	235.79	0.0056238
3191	3702.986	234.608	235.79	0.005623291
3192	3704.131	234.548	235.73	0.005621255
3193	3705.294	234.548	235.73	0.005620914
3194	3706.441	234.487	235.7	0.005621677
3195	3707.589	234.487	235.7	0.005621846
3196	3708.737	234.427	235.61	0.005621084
3197	3709.884	234.427	235.61	0.005620147
3198	3711.032	234.368	235.551	0.005619721
3199	3712.177	234.368	235.551	0.005621849
3200	3713.329	234.307	235.491	0.005620748
3201	3714.473	234.307	235.491	0.005619308
3202	3715.628	234.247	235.431	0.005620573
3203	3716.778	234.247	235.431	0.00562007
3204	3717.926	234.187	235.371	0.00561939
3205	3719.07	234.187	235.371	0.00561845
3206	3720.221	234.127	235.311	0.005619133
3207	3721.379	234.127	235.311	0.005617777
3208	3722.526	234.067	235.251	0.005618026
3209	3723.711	234.067	235.251	0.005616668
3210	3724.858	234.006	235.221	0.005615484
3211	3726.02	234.006	235.221	0.005615907
3212	3727.196	233.946	235.132	0.005615734
3213	3728.342	233.946	235.132	0.005615821
3214	3729.494	233.887	235.071	0.005616076
3215	3730.646	233.887	235.071	0.005616335
3216	3731.795	233.825	235.011	0.005615901
3217	3732.941	233.825	235.011	0.005615653
3218	3734.088	233.755	234.922	0.005615481
3219	3735.267	233.755	234.922	0.005614978
3220	3736.416	233.695	234.861	0.005616078
3221	3737.562	233.695	234.861	0.005613275
3222	3738.712	233.634	234.801	0.005615057
3223	3739.86	233.634	234.801	0.005612423
3224	3741.005	233.574	234.741	0.005613617
3225	3742.152	233.574	234.741	0.005612936
3226	3743.319	233.513	234.681	0.005612598
3227	3744.468	233.513	234.681	0.005609543
3228	3745.618	233.452	234.62	0.005611408
3229	3746.767	233.452	234.62	0.005612175
3230	3747.932	233.392	234.56	0.005611663
3231	3749.08	233.392	234.56	0.005609714
3232	3750.231	233.331	234.5	0.005609373
3233	3751.378	233.331	234.5	0.005609372
3234	3752.54	233.271	234.439	0.005610052
3235	3753.687	233.271	234.439	0.005609034
3236	3754.839	233.211	234.379	0.005609456
3237	3755.987	233.211	234.379	0.005609034
3238	3757.132	233.149	234.319	0.005606822
3239	3758.28	233.149	234.319	0.005609035
3240	3759.43	233.09	234.258	0.005607251
3241	3760.58	233.09	234.258	0.005606913
3242	3761.729	233.028	234.199	0.005607675
3243	3762.876	233.028	234.199	0.005608107
3244	3764.023	232.967	234.138	0.005605553
3245	3765.188	232.967	234.138	0.005606576
3246	3766.337	232.907	234.078	0.005606066
3247	3767.482	232.907	234.078	0.005605723
3248	3768.629	232.835	234.017	0.005604109
3249	3769.807	232.835	234.017	0.005604621
3250	3770.96	232.774	233.957	0.005604194
3251	3772.108	232.774	233.957	0.005606237
3252	3773.256	232.713	233.896	0.005605472
3253	3774.406	232.713	233.896	0.005605553
3254	3775.551	232.653	233.835	0.00560335
3255	3776.695	232.653	233.835	0.005603515
3256	3777.844	232.592	233.775	0.00560335
3257	3779.003	232.592	233.775	0.005603093
3258	3780.151	232.532	233.714	0.005600801
3259	3781.299	232.532	233.714	0.005600292
3260	3782.478	232.47	233.654	0.005600545
3261	3783.629	232.47	233.654	0.005601395
3262	3784.78	232.41	233.593	0.005600548
3263	3785.93	232.41	233.593	0.005602922
3264	3787.079	232.349	233.532	0.005601653
3265	3788.23	232.349	233.532	0.005600805
3266	3789.379	232.287	233.471	0.005598678
3267	3790.528	232.287	233.471	0.005597912
3268	3791.675	232.226	233.411	0.005600889
3269	3792.822	232.226	233.411	0.005598421
3270	3793.979	232.165	233.35	0.005599104
3271	3795.127	232.165	233.35	0.005599019
3272	3796.275	232.104	233.29	0.00559876
3273	3797.43	232.104	233.29	0.005598341
3274	3798.591	232.042	233.229	0.005596727
3275	3799.75	232.042	233.229	0.005599019
3276	3800.9	231.982	233.168	0.005598257
3277	3802.048	231.982	233.168	0.005596555
3278	3803.218	231.911	233.107	0.005597239
3279	3804.366	231.911	233.107	0.005597237
3280	3805.516	231.85	233.046	0.00559537
3281	3806.668	231.85	233.046	0.005596724
3282	3807.819	231.789	232.985	0.005595793
3283	3808.967	231.789	232.985	0.005594437
3284	3810.114	231.727	232.924	0.005596646
3285	3811.261	231.727	232.924	0.00559579
3286	3812.408	231.666	232.864	0.005594692
3287	3813.554	231.666	232.864	0.005592565
3288	3814.701	231.605	232.803	0.005593079
3289	3815.848	231.605	232.803	0.00559257
3290	3817.014	231.543	232.742	0.005592655
3291	3818.166	231.543	232.742	0.005592739
3292	3819.312	231.481	232.681	0.005592482
3293	3820.464	231.481	232.681	0.005591464
3294	3821.613	231.419	232.62	0.005590022
3295	3822.758	231.419	232.62	0.005591805
3296	3823.906	231.359	232.56	0.005590534
3297	3825.057	231.359	232.56	0.005590192
3298	3826.202	231.298	232.498	0.005589764
3299	3827.348	231.298	232.498	0.0055896
3300	3828.515	231.235	232.437	0.005589856
3301	3829.665	231.235	232.437	0.005590192
3302	3830.816	231.174	232.376	0.005589685
3303	3831.964	231.174	232.376	0.005587982
3304	3833.112	231.111	232.315	0.005588067
3305	3834.293	231.111	232.315	0.005587901
3306	3835.441	231.051	232.254	0.00558892
3307	3836.589	231.051	232.254	0.005587734
3308	3837.736	230.979	232.162	0.005586881
3309	3838.882	230.979	232.162	0.00558603
3310	3840.035	230.916	232.1	0.005587139
3311	3841.203	230.916	232.1	0.005584757
3312	3842.349	230.866	232.039	0.005584251
3313	3843.492	230.866	232.039	0.005583827
3314	3844.642	230.793	231.977	0.005583147
3315	3845.811	230.793	231.977	0.005584344
3316	3846.962	230.732	231.916	0.005582469
3317	3848.107	230.732	231.916	0.00558281
3318	3849.273	230.67	231.885	0.005583404
3319	3850.424	230.67	231.885	0.005583487
3320	3851.573	230.608	231.793	0.005581707
3321	3852.72	230.608	231.793	0.005583066
3322	3853.871	230.546	231.732	0.005584421
3323	3855.172	230.485	231.67	0.00558077
3324	3856.322	230.485	231.67	0.005583068
3325	3857.474	230.423	231.608	0.005581625
3326	3858.62	230.423	231.608	0.005580604
3327	3859.811	230.361	231.546	0.005580597
3328	3860.966	230.361	231.546	0.005580601
3329	3862.128	230.299	231.485	0.005581449
3330	3863.309	230.299	231.485	0.005579588
3331	3864.461	230.237	231.424	0.005578393
3332	3865.643	230.237	231.424	0.00557933
3333	3866.793	230.174	231.362	0.005578392
3334	3867.939	230.174	231.362	0.005578565
3335	3869.084	230.112	231.3	0.005579926
3336	3870.235	230.112	231.3	0.005578481
3337	3871.387	230.04	231.238	0.005579076
3338	3872.538	230.04	231.238	0.005577973
3339	3873.685	229.978	231.177	0.005578313
3340	3874.839	229.978	231.177	0.00557712
3341	3875.991	229.916	231.115	0.005576954
3342	3877.141	229.916	231.115	0.005574491
3343	3878.292	229.854	231.054	0.005574577
3344	3879.446	229.854	231.054	0.00557517
3345	3880.596	229.791	231.022	0.00557636
3346	3881.743	229.791	231.022	0.005574831
3347	3882.928	229.73	230.93	0.005575089
3348	3884.077	229.73	230.93	0.005575347
3349	3885.24	229.667	230.867	0.005575004
3350	3886.423	229.667	230.867	0.005571182
3351	3887.57	229.605	230.805	0.005574326
3352	3888.719	229.605	230.805	0.005571861
3353	3889.867	229.543	230.744	0.005572877
3354	3891.017	229.543	230.744	0.005572115
3355	3892.17	229.48	230.681	0.005572538
3356	3893.318	229.48	230.681	0.005572795
3357	3894.47	229.418	230.619	0.005572035
3358	3895.617	229.418	230.619	0.005572376
3359	3896.77	229.354	230.558	0.005572629
3360	3897.923	229.354	230.558	0.005570923
3361	3899.069	229.293	230.495	0.005570163
3362	3900.252	229.293	230.495	0.005571438
3363	3901.4	229.23	230.433	0.005570758
3364	3902.549	229.23	230.433	0.005569913
3365	3903.703	229.168	230.371	0.005569314
3366	3904.852	229.168	230.371	0.005569656
3367	3906.003	229.106	230.309	0.005568124
3368	3907.151	229.106	230.309	0.005569911
3369	3908.298	229.033	230.246	0.005568891
3370	3909.45	229.033	230.246	0.005569403
3371	3910.599	228.97	230.184	0.005568723
3372	3911.75	228.97	230.184	0.005567875
3373	3912.903	228.906	230.121	0.005566768
3374	3914.052	228.906	230.121	0.005567449
3375	3915.201	228.843	230.091	0.005567363
3376	3916.349	228.843	230.091	0.005566348
3377	3917.5	228.792	229.997	0.005566516
3378	3918.667	228.792	229.997	0.005566939
3379	3919.829	228.718	229.935	0.005567107
3380	3920.981	228.718	229.935	0.005564568
3381	3922.134	228.655	229.873	0.00556541
3382	3923.302	228.655	229.873	0.005564648
3383	3924.45	228.593	229.81	0.005564229
3384	3925.599	228.593	229.81	0.005564481
3385	3926.747	228.531	229.748	0.005564054
3386	3927.897	228.531	229.748	0.005563207
3387	3929.046	228.467	229.685	0.005562532
3388	3930.197	228.467	229.685	0.005563716
3389	3931.347	228.404	229.623	0.0055627
3390	3932.499	228.404	229.623	0.005562785
3391	3933.65	228.342	229.561	0.005562188
3392	3934.804	228.342	229.561	0.00556168
3393	3935.969	228.277	229.498	0.005562018
3394	3937.12	228.277	229.498	0.005560325
3395	3938.269	228.215	229.435	0.005560744
3396	3939.42	228.215	229.435	0.005560663
3397	3940.573	228.153	229.372	0.005560067
3398	3941.753	228.153	229.372	0.005560318
3399	3942.9	228.078	229.278	0.005558962
3400	3944.053	228.078	229.278	0.005559469
3401	3945.227	228.017	229.216	0.00555879
3402	3946.377	228.017	229.216	0.005559557
3403	3947.527	227.952	229.153	0.005558285
3404	3948.673	227.952	229.153	0.005558286
3405	3949.823	227.889	229.091	0.005558885
3406	3950.974	227.889	229.091	0.005558539
3407	3952.119	227.827	229.028	0.005558033
3408	3953.271	227.827	229.028	0.005557442
3409	3954.453	227.762	228.965	0.005556504
3410	3955.602	227.762	228.965	0.005557009
3411	3956.751	227.699	228.902	0.005556164
3412	3957.907	227.699	228.902	0.005555228
3413	3959.052	227.635	228.839	0.005555741
3414	3960.203	227.635	228.839	0.005555319
3415	3961.354	227.573	228.776	0.005554293
3416	3962.505	227.573	228.776	0.005553617
3417	3963.66	227.509	228.713	0.005554295
3418	3964.812	227.509	228.713	0.005555485
3419	3965.962	227.446	228.65	0.005552516
3420	3967.126	227.446	228.65	0.005551746
3421	3968.282	227.383	228.587	0.0055543
3422	3969.448	227.383	228.587	0.005554809
3423	3970.599	227.319	228.524	0.005553107
3424	3971.753	227.319	228.524	0.005553698
3425	3972.898	227.255	228.461	0.005551665
3426	3974.044	227.255	228.461	0.005553365
3427	3975.198	227.192	228.399	0.005551415
3428	3976.354	227.192	228.399	0.005551241
3429	3977.506	227.118	228.335	0.005551155
3430	3978.656	227.118	228.335	0.005549633
3431	3979.806	227.054	228.272	0.005551334
3432	3980.953	227.054	228.272	0.005548186
3433	3982.098	226.991	228.209	0.005549711
3434	3983.278	226.991	228.209	0.00554742
3435	3984.431	226.926	228.146	0.005548866
3436	3985.58	226.926	228.146	0.005547333
3437	3986.735	226.863	228.082	0.005549545
3438	3987.883	226.863	228.082	0.005547929
3439	3989.031	226.799	228.019	0.005547165
3440	3990.18	226.799	228.019	0.005547167
3441	3991.331	226.735	227.955	0.005546235
3442	3992.515	226.735	227.955	0.005545549
3443	3993.667	226.682	227.892	0.005544618
3444	3994.815	226.682	227.892	0.005546829
3445	3995.963	226.607	227.828	0.00554496
3446	3997.115	226.607	227.828	0.00554437
3447	3998.266	226.543	227.765	0.005545892
3448	3999.414	226.543	227.765	0.005544622
3449	4000.562	226.48	227.701	0.005543856
3450	4001.717	226.48	227.701	0.005543602
3451	4002.867	226.415	227.638	0.00554462
3452	4004.015	226.415	227.638	0.005543265
3453	4005.164	226.352	227.574	0.005541309
3454	4006.314	226.352	227.574	0.005543265
3455	4007.464	226.289	227.511	0.005542415
3456	4008.647	226.289	227.511	0.005543773
3457	4009.798	226.225	227.447	0.005541393
3458	4010.947	226.225	227.447	0.005542249
3459	4012.092	226.15	227.383	0.005539101
3460	4013.243	226.15	227.383	0.005540041
3461	4014.392	226.087	227.32	0.00553834
3462	4015.543	226.087	227.32	0.005538679
3463	4016.69	226.023	227.256	0.005540208
3464	4017.837	226.023	227.256	0.005539193
3465	4018.993	225.959	227.192	0.00554021
3466	4020.146	225.959	227.192	0.005538507
3467	4021.296	225.896	227.128	0.0055397
3468	4022.444	225.896	227.128	0.00553843
3469	4023.602	225.832	227.064	0.005537068
3470	4024.75	225.832	227.064	0.005538002
3471	4025.902	225.767	227.0	0.005537152
3472	4027.181	225.705	226.936	0.005536987
3473	4028.336	225.705	226.936	0.00553622
3474	4029.51	225.64	226.872	0.005536051
3475	4030.652	225.64	226.872	0.005535881
3476	4031.802	225.576	226.808	0.005535968
3477	4032.956	225.576	226.808	0.005536476
3478	4034.112	225.513	226.744	0.005535965
3479	4035.257	225.513	226.744	0.005534775
3480	4036.408	225.449	226.68	0.00553376
3481	4037.555	225.449	226.68	0.005535288
3482	4038.702	225.385	226.616	0.005533
3483	4039.855	225.385	226.616	0.005533843
3484	4041.006	225.321	226.551	0.005533591
3485	4042.171	225.321	226.551	0.005532573
3486	4043.325	225.256	226.488	0.005530876
3487	4044.496	225.256	226.488	0.00553172
3488	4045.646	225.182	226.392	0.005530789
3489	4046.799	225.182	226.392	0.005530532
3490	4047.951	225.117	226.328	0.005529514
3491	4049.098	225.117	226.328	0.005529684
3492	4050.25	225.054	226.264	0.005529936
3493	4051.398	225.054	226.264	0.005529684
3494	4052.584	224.99	226.2	0.005528157
3495	4053.763	224.99	226.2	0.005529429
3496	4054.916	224.927	226.137	0.005526884
3497	4056.063	224.927	226.137	0.00552731
3498	4057.218	224.862	226.073	0.005527814
3499	4058.372	224.862	226.073	0.005525187
3500	4059.526	224.798	226.009	0.00552782
3501	4060.679	224.798	226.009	0.005525611
3502	4061.83	224.734	225.945	0.005526542
3503	4062.98	224.734	225.945	0.005525528
3504	4064.131	224.67	225.881	0.005524761
3505	4065.281	224.67	225.881	0.005524675
3506	4066.434	224.605	225.817	0.005525781
3507	4067.614	224.605	225.817	0.005525186
3508	4068.768	224.553	225.752	0.005524422
3509	4069.917	224.553	225.752	0.005522978
3510	4071.072	224.477	225.688	0.005525356
3511	4072.225	224.477	225.688	0.005522552
3512	4073.372	224.413	225.656	0.005525101
3513	4074.525	224.413	225.656	0.005522725
3514	4075.706	224.349	225.56	0.00552434
3515	4076.858	224.349	225.56	0.005522466
3516	4078.011	224.285	225.495	0.005522475
3517	4079.162	224.285	225.495	0.005523067
3518	4080.317	224.211	225.431	0.005521455
3519	4081.462	224.211	225.431	0.00552256
3520	4082.611	224.146	225.367	0.005521368
3521	4083.763	224.146	225.367	0.005521874
3522	4084.93	224.083	225.303	0.005520937
3523	4086.078	224.083	225.303	0.005519586
3524	4087.256	224.018	225.239	0.005521875
3525	4088.404	224.018	225.239	0.005520098
3526	4089.557	223.955	225.175	0.005518993
3527	4090.704	223.955	225.175	0.00552069
3528	4091.854	223.89	225.111	0.005518565
3529	4093.008	223.89	225.111	0.005520261
3530	4094.159	223.826	225.047	0.005518318
3531	4095.311	223.826	225.047	0.005518823
3532	4096.461	223.76	224.982	0.005516103
3533	4097.611	223.76	224.982	0.005518315
3534	4098.777	223.696	224.918	0.005516273
3535	4099.924	223.696	224.918	0.00551806
3536	4101.074	223.632	224.854	0.005517126
3537	4102.224	223.632	224.854	0.005516702
3538	4103.376	223.567	224.789	0.005516869
3539	4104.529	223.567	224.789	0.005515255
3540	4105.679	223.503	224.724	0.005516527
3541	4106.832	223.503	224.724	0.005515002
3542	4107.975	223.439	224.66	0.005514239
3543	4109.122	223.439	224.66	0.005514073
3544	4110.272	223.375	224.596	0.005512285
3545	4111.421	223.375	224.596	0.005512962
3546	4112.573	223.311	224.531	0.005513388
3547	4113.744	223.311	224.531	0.005514666
3548	4114.894	223.235	224.468	0.005513898
3549	4116.043	223.235	224.468	0.005511861
3550	4117.197	223.17	224.403	0.005511691
3551	4118.348	223.17	224.403	0.005512115
3552	4119.5	223.106	224.371	0.005512117
3553	4120.648	223.106	224.371	0.00551161
3554	4121.796	223.042	224.274	0.005510934
3555	4122.946	223.042	224.274	0.005510333
3556	4124.092	222.977	224.21	0.00550957
3557	4125.271	222.977	224.21	0.005510676
3558	4126.423	222.913	224.146	0.005507616
3559	4127.569	222.913	224.146	0.005507194
3560	4128.718	222.849	224.081	0.005507449
3561	4129.871	222.849	224.081	0.005508552
3562	4131.021	222.785	224.016	0.005509826
3563	4132.174	222.785	224.016	0.005508893
3564	4133.339	222.719	223.952	0.005506261
3565	4134.489	222.719	223.952	0.005506943
3566	4135.636	222.655	223.887	0.005508389
3567	4136.786	222.655	223.887	0.005507194
3568	4137.938	222.591	223.823	0.00550643
3569	4139.088	222.591	223.823	0.005508558
3570	4140.239	222.526	223.759	0.005507197
3571	4141.387	222.526	223.759	0.005504476
3572	4142.536	222.461	223.694	0.005506007
3573	4143.691	222.461	223.694	0.005506431
3574	4144.85	222.408	223.63	0.005505325
3575	4145.998	222.408	223.63	0.005504047
3576	4147.146	222.332	223.565	0.005504647
3577	4148.293	222.332	223.565	0.005501336
3578	4149.445	222.256	223.468	0.005502783
3579	4150.595	222.256	223.468	0.005501851
3580	4151.742	222.192	223.404	0.005501252
3581	4152.892	222.192	223.404	0.005500829
3582	4154.041	222.127	223.339	0.005501593
3583	4155.192	222.127	223.339	0.005500832
3584	4156.343	222.063	223.274	0.00550092
3585	4157.492	222.063	223.274	0.005502187
3586	4158.642	221.997	223.21	0.00549981
3587	4159.792	221.997	223.21	0.005499472
3588	4160.976	221.933	223.145	0.005500234
3589	4162.123	221.933	223.145	0.00549879
3590	4163.277	221.868	223.08	0.005500745
3591	4164.422	221.868	223.08	0.005499898
3592	4165.575	221.803	223.015	0.005499139
3593	4166.727	221.803	223.015	0.005496587
3594	4167.874	221.738	222.951	0.005497179
3595	4169.023	221.738	222.951	0.005495226
3596	4170.176	221.674	222.886	0.005496676
3597	4171.323	221.674	222.886	0.005494632
3598	4172.502	221.609	222.821	0.00549693
3599	4173.652	221.609	222.821	0.00549565
3600	4174.801	221.543	222.756	0.005495571
3601	4175.967	221.543	222.756	0.005495227
3602	4177.118	221.479	222.691	0.00549489
3603	4178.267	221.479	222.691	0.0054948
3604	4179.427	221.415	222.627	0.00549387
3605	4180.597	221.415	222.627	0.00549404
3606	4181.75	221.349	222.562	0.005494121
3607	4182.896	221.349	222.562	0.005493783
3608	4184.043	221.274	222.497	0.005492935
3609	4185.208	221.274	222.497	0.005492263
3610	4186.359	221.209	222.433	0.00549277
3611	4187.518	221.209	222.433	0.005493106
3612	4188.668	221.144	222.367	0.00549217
3613	4189.817	221.144	222.367	0.005492848
3614	4190.965	221.08	222.302	0.005492085
3615	4192.113	221.08	222.302	0.005489964
3616	4193.263	221.014	222.237	0.005490647
3617	4194.412	221.014	222.237	0.005490646
3618	4195.563	220.949	222.172	0.005490731
3619	4196.708	220.949	222.172	0.005490223
3620	4197.856	220.883	222.107	0.005490904
3621	4199.025	220.883	222.107	0.005489543
3622	4200.207	220.819	222.042	0.005489375
3623	4201.468	220.754	221.977	0.005489203
3624	4202.644	220.754	221.977	0.005489373
3625	4203.799	220.689	221.912	0.005488439
3626	4204.957	220.689	221.912	0.005487682
3627	4206.111	220.623	221.847	0.005485977
3628	4207.289	220.623	221.847	0.005486491
3629	4208.437	220.558	221.782	0.005486064
3630	4209.589	220.558	221.782	0.005485806
3631	4210.734	220.494	221.716	0.005485379
3632	4211.885	220.494	221.716	0.005486315
3633	4213.039	220.428	221.652	0.005485807
3634	4214.188	220.428	221.652	0.005483008
3635	4215.339	220.363	221.586	0.005485381
3636	4216.491	220.363	221.586	0.005485213
3637	4217.673	220.298	221.522	0.0054836
3638	4218.819	220.298	221.522	0.005483428
3639	4219.979	220.222	221.457	0.005482834
3640	4221.132	220.222	221.457	0.005483346
3641	4222.284	220.156	221.391	0.005483184
3642	4223.439	220.156	221.391	0.005483173
3643	4224.584	220.091	221.326	0.005481984
3644	4225.734	220.091	221.326	0.005482411
3645	4226.884	220.025	221.261	0.005482245
3646	4228.032	220.025	221.261	0.005479441
3647	4229.18	219.96	221.196	0.00548148
3648	4230.332	219.96	221.196	0.005479356
3649	4231.481	219.895	221.13	0.005479952
3650	4232.63	219.895	221.13	0.005478852
3651	4233.797	219.83	221.065	0.005479363
3652	4234.981	219.83	221.065	0.005479443
3653	4236.132	219.765	221.0	0.005478255
3654	4237.282	219.765	221.0	0.005479026
3655	4238.465	219.7	220.934	0.005477657
3656	4239.613	219.7	220.934	0.005477917
3657	4240.76	219.634	220.869	0.005478084
3658	4241.911	219.634	220.869	0.00547715
3659	4243.058	219.569	220.804	0.005476898
3660	4244.206	219.569	220.804	0.005475968
3661	4245.354	219.503	220.739	0.005474356
3662	4246.508	219.503	220.739	0.005474267
3663	4247.654	219.438	220.674	0.005473672
3664	4248.806	219.438	220.674	0.005473843
3665	4249.951	219.373	220.608	0.005472989
3666	4251.103	219.373	220.608	0.005473757
3667	4252.253	219.307	220.51	0.005473415
3668	4253.399	219.307	220.51	0.005474613
3669	4254.548	219.231	220.477	0.005473757
3670	4255.707	219.231	220.477	0.005472744
3671	4256.858	219.166	220.379	0.005473245
3672	4258.023	219.166	220.379	0.005472397
3673	4259.173	219.1	220.314	0.0054724
3674	4260.322	219.1	220.314	0.00547019
3675	4261.472	219.035	220.248	0.00547121
3676	4262.618	219.035	220.248	0.005470788
3677	4263.767	218.968	220.182	0.005469002
3678	4264.917	218.968	220.182	0.005469514
3679	4266.067	218.903	220.117	0.005469264
3680	4267.216	218.903	220.117	0.005469428
3681	4268.395	218.838	220.052	0.005469173
3682	4269.548	218.838	220.052	0.005469682
3683	4270.698	218.772	219.986	0.005468752
3684	4271.848	218.772	219.986	0.005466881
3685	4272.995	218.707	219.921	0.005467907
3686	4274.144	218.707	219.921	0.005465944
3687	4275.291	218.642	219.855	0.005466878
3688	4276.44	218.642	219.855	0.005466878
3689	4277.599	218.575	219.79	0.005467314
3690	4278.778	218.575	219.79	0.005466881
3691	4279.925	218.509	219.724	0.005465859
3692	4281.073	218.509	219.724	0.005465101
3693	4282.223	218.444	219.658	0.005464679
3694	4283.371	218.444	219.658	0.005464841
3695	4284.52	218.378	219.592	0.005466379
3696	4285.67	218.378	219.592	0.00546434
3697	4286.82	218.312	219.527	0.005463489
3698	4287.969	218.312	219.527	0.005462215
3699	4289.121	218.236	219.461	0.005462379
3700	4290.282	218.236	219.461	0.005463412
3701	4291.431	218.17	219.395	0.005461619
3702	4292.583	218.17	219.395	0.005462215
3703	4293.735	218.104	219.33	0.005460687
3704	4294.887	218.104	219.33	0.005460771
3705	4296.036	218.038	219.265	0.00546077
3706	4297.181	218.038	219.265	0.005459496
3707	4298.336	217.973	219.199	0.005461112
3708	4299.488	217.973	219.199	0.005460689
3709	4300.638	217.907	219.166	0.005461027
3710	4301.787	217.907	219.166	0.005460091
3711	4302.947	217.841	219.067	0.005458819
3712	4304.092	217.841	219.067	0.005459245
3713	4305.237	217.775	219.001	0.005459583
3714	4306.389	217.775	219.001	0.005460269
3715	4307.536	217.709	218.935	0.005458055
3716	4308.683	217.709	218.935	0.005456616
3717	4309.835	217.643	218.869	0.005457631
3718	4310.987	217.643	218.869	0.005456702
3719	4312.134	217.578	218.803	0.005457968
3720	4313.313	217.578	218.803	0.005457297
3721	4314.461	217.512	218.737	0.005454747
3722	4315.612	217.512	218.737	0.005456357
3723	4316.76	217.445	218.671	0.005455934
3724	4317.908	217.445	218.671	0.005454669
3725	4319.058	217.379	218.606	0.005454747
3726	4320.207	217.379	218.606	0.00545415
3727	4321.358	217.313	218.54	0.005455007
3728	4322.506	217.313	218.54	0.005453978
3729	4323.66	217.236	218.474	0.005453468
3730	4324.814	217.236	218.474	0.005452877
3731	4325.967	217.181	218.408	0.00545279
3732	4327.131	217.181	218.408	0.005454064
3733	4328.278	217.104	218.342	0.00545356
3734	4329.431	217.104	218.342	0.005452198
3735	4330.579	217.038	218.275	0.005451521
3736	4331.743	217.038	218.275	0.005452029
3737	4332.891	216.972	218.21	0.005452546
3738	4334.043	216.972	218.21	0.005450503
3739	4335.212	216.906	218.144	0.005450584
3740	4336.364	216.906	218.144	0.00544923
3741	4337.511	216.84	218.078	0.005449737
3742	4338.662	216.84	218.078	0.005448805
3743	4339.811	216.773	218.011	0.005449569
3744	4340.959	216.773	218.011	0.005448726
3745	4342.107	216.707	217.945	0.005448044
3746	4343.258	216.707	217.945	0.005448551
3747	4344.408	216.641	217.879	0.005449403
3748	4345.556	216.641	217.879	0.005448553
3749	4346.711	216.574	217.847	0.005447873
3750	4347.857	216.574	217.847	0.005447702
3751	4349.038	216.508	217.747	0.005446684
3752	4350.183	216.508	217.747	0.005447619
3753	4351.344	216.442	217.681	0.005446173
3754	4352.496	216.442	217.681	0.005447446
3755	4353.647	216.375	217.615	0.005444562
3756	4354.794	216.375	217.615	0.00544677
3757	4355.943	216.309	217.548	0.005445242
3758	4357.092	216.309	217.548	0.005443966
3759	4358.239	216.232	217.449	0.005442188
3760	4359.387	216.232	217.449	0.005443968
3761	4360.536	216.166	217.383	0.00544329
3762	4361.688	216.166	217.383	0.005441419
3763	4362.837	216.099	217.317	0.005441761
3764	4363.988	216.099	217.317	0.005442357
3765	4365.134	216.032	217.25	0.005442185
3766	4366.313	216.032	217.25	0.005442102
3767	4367.46	215.966	217.183	0.005440999
3768	4368.608	215.966	217.183	0.005440658
3769	4369.759	215.9	217.117	0.005441168
3770	4370.912	215.9	217.117	0.005439979
3771	4372.071	215.833	217.051	0.005441085
3772	4373.223	215.833	217.051	0.005440659
3773	4374.368	215.767	216.985	0.005440578
3774	4375.52	215.767	216.985	0.005438289
3775	4376.668	215.7	216.918	0.005437607
3776	4377.846	215.7	216.918	0.005438036
3777	4378.996	215.633	216.852	0.005438876
3778	4380.145	215.633	216.852	0.005439048
3779	4381.293	215.566	216.785	0.00543777
3780	4382.472	215.566	216.785	0.00543633
3781	4383.653	215.5	216.719	0.005436585
3782	4384.803	215.5	216.719	0.005435986
3783	4385.953	215.434	216.653	0.005435307
3784	4387.099	215.434	216.653	0.005435735
3785	4388.252	215.367	216.586	0.005435737
3786	4389.536	215.3	216.52	0.005435562
3787	4390.678	215.3	216.52	0.005434894
3788	4391.83	215.223	216.453	0.005434803
3789	4392.977	215.223	216.453	0.005434804
3790	4394.125	215.155	216.387	0.005433616
3791	4395.28	215.155	216.387	0.00543387
3792	4396.474	215.09	216.32	0.005432509
3793	4397.621	215.09	216.32	0.005434634
3794	4398.772	215.022	216.254	0.005432682
3795	4399.923	215.022	216.254	0.005431493
3796	4401.069	214.967	216.187	0.00543268
3797	4402.221	214.967	216.187	0.00543132
3798	4403.367	214.888	216.12	0.005431495
3799	4404.549	214.888	216.12	0.005429966
3800	4405.697	214.822	216.053	0.005431322
3801	4406.848	214.822	216.053	0.005430647
3802	4407.999	214.754	215.987	0.00543005
3803	4409.158	214.754	215.987	0.005431068
3804	4410.308	214.688	215.921	0.005430812
3805	4411.461	214.688	215.921	0.005429714
3806	4412.609	214.621	215.854	0.005428352
3807	4413.757	214.621	215.854	0.005428267
3808	4414.939	214.554	215.787	0.005427928
3809	4416.087	214.554	215.787	0.00542827
3810	4417.259	214.486	215.72	0.005427164
3811	4418.411	214.486	215.72	0.005427417
3812	4419.563	214.42	215.654	0.005426742
3813	4420.717	214.42	215.654	0.005426741
3814	4421.865	214.353	215.587	0.005425891
3815	4423.045	214.353	215.587	0.0054247
3816	4424.192	214.286	215.521	0.005424785
3817	4425.339	214.286	215.521	0.005425129
3818	4426.491	214.207	215.453	0.005425301
3819	4427.64	214.207	215.453	0.005425556
3820	4428.79	214.14	215.387	0.005424789
3821	4429.939	214.14	215.387	0.005423689
3822	4431.086	214.074	215.32	0.005423516
3823	4432.237	214.074	215.32	0.005423347
3824	4433.39	214.006	215.253	0.00542309
3825	4434.541	214.006	215.253	0.005422323
3826	4435.688	213.939	215.186	0.005422838
3827	4436.839	213.939	215.186	0.005422666
3828	4437.991	213.872	215.119	0.005421731
3829	4439.149	213.872	215.119	0.005421989
3830	4440.297	213.805	215.052	0.005420973
3831	4441.452	213.805	215.052	0.005419186
3832	4442.598	213.737	214.993	0.005418421
3833	4443.763	213.737	214.993	0.005419701
3834	4444.926	213.67	214.929	0.005417403
3835	4446.075	213.67	214.929	0.005419102
3836	4447.226	213.603	214.863	0.005418258
3837	4448.377	213.603	214.863	0.005418338
3838	4449.534	213.536	214.796	0.005419871
3839	4450.694	213.536	214.796	0.005418933
3840	4451.841	213.469	214.729	0.00541664
3841	4452.989	213.469	214.729	0.005418092
3842	4454.137	213.401	214.662	0.005416809
3843	4455.289	213.401	214.662	0.005416131
3844	4456.437	213.334	214.595	0.005416048
3845	4457.586	213.334	214.595	0.005416388
3846	4458.76	213.255	214.494	0.005414347
3847	4459.909	213.255	214.494	0.005414016
3848	4461.078	213.187	214.427	0.005413923
3849	4462.226	213.187	214.427	0.005412738
3850	4463.404	213.12	214.36	0.005415115
3851	4464.557	213.12	214.36	0.005411635
3852	4465.704	213.053	214.292	0.005414689
3853	4466.851	213.053	214.292	0.005412991
3854	4468.005	212.985	214.225	0.005413079
3855	4469.152	212.985	214.225	0.005410784
3856	4470.301	212.917	214.158	0.005410953
3857	4471.45	212.917	214.158	0.005410022
3858	4472.598	212.849	214.091	0.005411381
3859	4473.782	212.849	214.091	0.005409679
3860	4474.929	212.782	214.024	0.005408072
3861	4476.077	212.782	214.024	0.005410787
3862	4477.228	212.725	213.956	0.005409344
3863	4478.383	212.725	213.956	0.005409087
3864	4479.531	212.646	213.889	0.005407645
3865	4480.683	212.646	213.889	0.005408407
3866	4481.83	212.579	213.855	0.005407986
3867	4482.98	212.579	213.855	0.005408156
3868	4484.126	212.512	213.754	0.005407822
3869	4485.275	212.512	213.754	0.005407645
3870	4486.424	212.444	213.686	0.005406966
3871	4487.574	212.444	213.686	0.005408498
3872	4488.722	212.376	213.619	0.005406117
3873	4489.872	212.376	213.619	0.005406289
3874	4491.051	212.308	213.551	0.00540595
3875	4492.2	212.308	213.551	0.005406036
3876	4493.348	212.24	213.483	0.005404591
3877	4494.5	212.24	213.483	0.005404846
3878	4495.649	212.162	213.416	0.00540374
3879	4496.8	212.162	213.416	0.005403402
3880	4497.95	212.093	213.348	0.005401024
3881	4499.1	212.093	213.348	0.005401956
3882	4500.253	212.025	213.28	0.005404246
3883	4501.401	212.025	213.28	0.005405016
3884	4502.55	211.957	213.213	0.005402723
3885	4503.698	211.957	213.213	0.005400429
3886	4504.848	211.889	213.145	0.005401023
3887	4505.996	211.889	213.145	0.005400772
3888	4507.148	211.821	213.077	0.00540247
3889	4508.295	211.821	213.077	0.005400605
3890	4509.445	211.753	213.009	0.005401196
3891	4510.595	211.753	213.009	0.005400007
3892	4511.745	211.686	212.942	0.005399416
3893	4512.897	211.686	212.942	0.005398566
3894	4514.048	211.617	212.874	0.005398398
3895	4515.2	211.617	212.874	0.005397543
3896	4516.351	211.548	212.806	0.005396952
3897	4517.5	211.548	212.806	0.005397122
3898	4518.65	211.481	212.738	0.005398567
3899	4519.799	211.481	212.738	0.005397717
3900	4520.945	211.412	212.67	0.005396615
3901	4522.125	211.412	212.67	0.005397378
3902	4523.276	211.345	212.602	0.00539534
3903	4524.425	211.345	212.602	0.005395086
3904	4525.577	211.276	212.534	0.005395509
3905	4526.726	211.276	212.534	0.00539602
3906	4527.875	211.208	212.5	0.005395513
3907	4529.025	211.208	212.5	0.005395512
3908	4530.175	211.128	212.398	0.005393727
3909	4531.355	211.128	212.398	0.005394747
3910	4532.506	211.06	212.33	0.005394063
3911	4533.659	211.06	212.33	0.005393813
3912	4534.809	210.991	212.262	0.005394326
3913	4535.964	210.991	212.262	0.00539271
3914	4537.112	210.924	212.194	0.005393226
3915	4538.262	210.924	212.194	0.005392368
3916	4539.413	210.855	212.127	0.005391015
3917	4540.563	210.855	212.127	0.005390927
3918	4541.71	210.786	212.058	0.005390247
3919	4542.859	210.786	212.058	0.005391182
3920	4544.009	210.72	211.991	0.005389486
3921	4545.159	210.72	211.991	0.005391353
3922	4546.311	210.651	211.922	0.00539059
3923	4547.455	210.651	211.922	0.005389401
3924	4548.602	210.583	211.854	0.005389146
3925	4549.751	210.583	211.854	0.005388974
3926	4550.931	210.513	211.786	0.005387444
3927	4552.084	210.513	211.786	0.005388889
3928	4553.234	210.457	211.721	0.005388041
3929	4554.384	210.457	211.721	0.005388807
3930	4555.535	210.377	211.657	0.005386431
3931	4556.683	210.377	211.657	0.005385579
3932	4557.845	210.308	211.589	0.005386941
3933	4558.995	210.308	211.589	0.00538677
3934	4560.142	210.239	211.52	0.005384733
3935	4561.291	210.239	211.52	0.005384393
3936	4562.452	210.171	211.452	0.005384478
3937	4563.602	210.171	211.452	0.00538431
3938	4564.75	210.09	211.35	0.005384647
3939	4565.896	210.09	211.35	0.005384136
3940	4567.046	210.02	211.281	0.005382355
3941	4568.204	210.02	211.281	0.005383458
3942	4569.361	209.952	211.213	0.005382954
3943	4570.511	209.952	211.213	0.005384056
3944	4571.694	209.883	211.144	0.005381934
3945	4572.84	209.883	211.144	0.005382018
3946	4573.991	209.815	211.075	0.005382442
3947	4575.141	209.815	211.075	0.005381254
3948	4576.294	209.746	211.007	0.005380068
3949	4577.455	209.746	211.007	0.005380911
3950	4578.612	209.676	210.938	0.005380915
3951	4579.875	209.607	210.87	0.005379641
3952	4581.021	209.607	210.87	0.005378622
3953	4582.179	209.538	210.8	0.005378878
3954	4583.332	209.538	210.8	0.005377177
3955	4584.482	209.469	210.732	0.005378707
3956	4585.63	209.469	210.732	0.005377857
3957	4586.777	209.4	210.663	0.005377861
3958	4587.941	209.4	210.663	0.005377009
3959	4589.095	209.331	210.594	0.005376161
3960	4590.242	209.331	210.594	0.005377687
3961	4591.423	209.261	210.526	0.005377945
3962	4592.593	209.261	210.526	0.005378031
3963	4593.741	209.192	210.456	0.005376074
3964	4594.91	209.192	210.456	0.005375654
3965	4596.058	209.112	210.388	0.005376503
3966	4597.238	209.112	210.388	0.00537455
3967	4598.39	209.042	210.319	0.005373783
3968	4599.539	209.042	210.319	0.005374635
3969	4600.699	208.972	210.25	0.005373701
3970	4601.85	208.972	210.25	0.005373023
3971	4602.999	208.903	210.181	0.005373106
3972	4604.146	208.903	210.181	0.005372765
3973	4605.299	208.834	210.112	0.005373446
3974	4606.447	208.834	210.112	0.005374805
3975	4607.597	208.764	210.043	0.00537319
3976	4608.746	208.764	210.043	0.005373279
3977	4609.898	208.694	209.974	0.005372596
3978	4611.05	208.694	209.974	0.005371328
3979	4612.198	208.626	209.905	0.005370904
3980	4613.38	208.626	209.905	0.005371071
3981	4614.532	208.556	209.836	0.005369456
3982	4615.68	208.556	209.836	0.005369286
3983	4616.828	208.485	209.766	0.005368946
3984	4617.977	208.485	209.766	0.005368524
3985	4619.123	208.416	209.697	0.005367588
3986	4620.274	208.416	209.697	0.005369291
3987	4621.426	208.347	209.628	0.005367254
3988	4622.578	208.347	209.628	0.005367249
3989	4623.731	208.277	209.558	0.005365891
3990	4624.881	208.277	209.558	0.005366315
3991	4626.028	208.207	209.489	0.00536555
3992	4627.178	208.207	209.489	0.005365554
3993	4628.322	208.149	209.419	0.005366576
3994	4629.471	208.149	209.419	0.005365131
3995	4630.622	208.067	209.35	0.005365129
3996	4631.779	208.067	209.35	0.005366574
3997	4632.927	207.986	209.28	0.005365726
3998	4634.076	207.986	209.28	0.00536445
3999	4635.244	207.916	209.211	0.005363942
4000	4636.395	207.916	209.211	0.005364368
4001	4637.549	207.846	209.141	0.005362669
4002	4638.71	207.846	209.141	0.005361142
4003	4639.861	207.776	209.072	0.005361059
4004	4641.009	207.776	209.072	0.005362669
4005	4642.158	207.706	209.002	0.00536131
4006	4643.305	207.706	209.002	0.005360122
4007	4644.455	207.636	208.933	0.005362251
4008	4645.606	207.636	208.933	0.005361141
4009	4646.756	207.566	208.863	0.005359615
4010	4647.909	207.566	208.863	0.005361142
4011	4649.058	207.496	208.794	0.005360462
4012	4650.206	207.496	208.794	0.005359192
4013	4651.357	207.425	208.724	0.005358852
4014	4652.509	207.425	208.724	0.005357154
4015	4653.66	207.355	208.654	0.005358508
4016	4654.81	207.355	208.654	0.005356305
4017	4655.96	207.285	208.584	0.005356903
4018	4657.113	207.285	208.584	0.005356477
4019	4658.264	207.215	208.515	0.005356387
4020	4659.415	207.215	208.515	0.005357491
4021	4660.563	207.145	208.445	0.005355796
4022	4661.717	207.145	208.445	0.005355965
4023	4662.899	207.074	208.375	0.005356054
4024	4664.041	207.074	208.375	0.005356223
4025	4665.192	206.992	208.269	0.005353078
4026	4666.34	206.992	208.269	0.005352736
4027	4667.489	206.921	208.199	0.005352822
4028	4668.639	206.921	208.199	0.005351721
4029	4669.788	206.851	208.129	0.005351724
4030	4670.939	206.851	208.129	0.005351636
4031	4672.121	206.78	208.059	0.005351214
4032	4673.269	206.78	208.059	0.005353249
4033	4674.418	206.709	207.989	0.005350531
4034	4675.567	206.709	207.989	0.005351043
4035	4676.717	206.638	207.919	0.005350195
4036	4677.867	206.638	207.919	0.005350275
4037	4679.015	206.568	207.849	0.005350023
4038	4680.164	206.568	207.849	0.005349088
4039	4681.346	206.498	207.779	0.005348668
4040	4682.497	206.498	207.779	0.005349093
4041	4683.649	206.427	207.709	0.00534824
4042	4684.798	206.427	207.709	0.00534858
4043	4685.953	206.357	207.64	0.005347307
4044	4687.103	206.357	207.64	0.005348159
4045	4688.258	206.286	207.57	0.005348413
4046	4689.409	206.286	207.57	0.005348327
4047	4690.565	206.214	207.499	0.005346971
4048	4691.717	206.214	207.499	0.005345696
4049	4692.868	206.143	207.429	0.005345528
4050	4694.016	206.143	207.429	0.005345021
4051	4695.169	206.073	207.359	0.005343912
4052	4696.318	206.073	207.359	0.00534468
4053	4697.473	206.002	207.289	0.005344508
4054	4698.622	206.002	207.289	0.00534281
4055	4699.773	205.92	207.219	0.005343236
4056	4700.925	205.92	207.219	0.005344595
4057	4702.079	205.848	207.148	0.005343745
4058	4703.24	205.848	207.148	0.005341963
4059	4704.393	205.778	207.078	0.005341878
4060	4705.547	205.778	207.078	0.005340943
4061	4706.699	205.706	207.008	0.005339923
4062	4707.849	205.706	207.008	0.005342217
4063	4709.004	205.635	206.972	0.005341196
4064	4710.152	205.635	206.972	0.005340431
4065	4711.305	205.564	206.866	0.00533984
4066	4712.457	205.564	206.866	0.005339838
4067	4713.606	205.493	206.795	0.005338992
4068	4714.76	205.493	206.795	0.005339502
4069	4715.911	205.422	206.724	0.005337805
4070	4717.062	205.422	206.724	0.005337717
4071	4718.243	205.351	206.653	0.005337209
4072	4719.397	205.351	206.653	0.005338652
4073	4720.544	205.279	206.582	0.005336782
4074	4721.728	205.279	206.582	0.005338908
4075	4722.878	205.21	206.511	0.005338059
4076	4724.032	205.21	206.511	0.005336781
4077	4725.199	205.139	206.441	0.005336614
4078	4726.38	205.139	206.441	0.005335936
4079	4727.532	205.067	206.37	0.005333725
4080	4728.683	205.067	206.37	0.005335172
4081	4729.838	204.997	206.299	0.005334578
4082	4730.991	204.997	206.299	0.005335007
4083	4732.153	204.926	206.228	0.005335344
4084	4733.324	204.926	206.228	0.00533424
4085	4734.476	204.856	206.157	0.0053339
4086	4735.624	204.856	206.157	0.005333902
4087	4736.779	204.773	206.085	0.005333055
4088	4737.927	204.773	206.085	0.005331354
4089	4739.076	204.703	206.014	0.005332372
4090	4740.237	204.703	206.014	0.005331438
4091	4741.387	204.631	205.943	0.005332801
4092	4742.539	204.631	205.943	0.005330419
4093	4743.692	204.561	205.871	0.005330249
4094	4744.84	204.561	205.871	0.005329823
4095	4745.991	204.489	205.8	0.005329741
4096	4747.142	204.489	205.8	0.005329742
4097	4748.291	204.418	205.731	0.005327871
4098	4749.447	204.418	205.731	0.005329231
4099	4750.598	204.348	205.659	0.005329319
4100	4751.746	204.348	205.659	0.005328386
4101	4752.895	204.277	205.587	0.005328301
4102	4754.043	204.277	205.587	0.00532796
4103	4755.2	204.205	205.551	0.00532864
4104	4756.471	204.135	205.443	0.005326686
4105	4757.622	204.135	205.443	0.005325497
4106	4758.778	204.064	205.372	0.005326688
4107	4759.932	204.064	205.372	0.005325072
4108	4761.098	203.993	205.301	0.005327031
4109	4762.248	203.993	205.301	0.005328556
4110	4763.398	203.921	205.229	0.005323547
4111	4764.565	203.921	205.229	0.005325498
4112	4765.731	203.851	205.158	0.005325583
4113	4766.913	203.851	205.158	0.005324652
4114	4768.065	203.768	205.052	0.005323118
4115	4769.231	203.768	205.052	0.005323459
4116	4770.384	203.697	204.981	0.005323293
4117	4771.538	203.697	204.981	0.005322614
4118	4772.685	203.625	204.91	0.005323971
4119	4773.83	203.625	204.91	0.005321847
4120	4774.985	203.554	204.839	0.005321511
4121	4776.135	203.554	204.839	0.00532151
4122	4777.317	203.483	204.768	0.005321933
4123	4778.469	203.483	204.768	0.005321339
4124	4779.616	203.412	204.698	0.005322102
4125	4780.766	203.412	204.698	0.005319895
4126	4781.929	203.34	204.626	0.005320321
4127	4783.082	203.34	204.626	0.005319816
4128	4784.23	203.27	204.555	0.005319049
4129	4785.38	203.27	204.555	0.005320237
4130	4786.525	203.198	204.483	0.00531718
4131	4787.673	203.198	204.483	0.005317604
4132	4788.834	203.127	204.412	0.005316588
4133	4789.987	203.127	204.412	0.005317525
4134	4791.135	203.056	204.341	0.005316079
4135	4792.285	203.056	204.341	0.005315573
4136	4793.441	202.984	204.27	0.005315568
4137	4794.595	202.984	204.27	0.005315824
4138	4795.745	202.913	204.199	0.005316332
4139	4796.895	202.913	204.199	0.005314637
4140	4798.05	202.846	204.128	0.00531472
4141	4799.216	202.846	204.128	0.005315316
4142	4800.365	202.774	204.057	0.005313702
4143	4801.548	202.774	204.057	0.00531362
4144	4802.7	202.692	203.986	0.005312852
4145	4803.861	202.692	203.986	0.005314124
4146	4805.012	202.621	203.916	0.005314641
4147	4806.161	202.621	203.916	0.005313959
4148	4807.344	202.549	203.844	0.005312598
4149	4808.499	202.549	203.844	0.005311918
4150	4809.651	202.49	203.774	0.005310734
4151	4810.807	202.49	203.774	0.005311072
4152	4811.974	202.406	203.702	0.005311498
4153	4813.126	202.406	203.702	0.005310989
4154	4814.278	202.335	203.631	0.005309627
4155	4815.444	202.335	203.631	0.005311331
4156	4816.599	202.263	203.56	0.005309121
4157	4817.746	202.263	203.56	0.005310484
4158	4818.896	202.192	203.488	0.005307506
4159	4820.048	202.192	203.488	0.005307509
4160	4821.196	202.121	203.417	0.005307083
4161	4822.346	202.121	203.417	0.005307426
4162	4823.497	202.049	203.346	0.005305811
4163	4824.649	202.049	203.346	0.005307084
4164	4825.801	201.978	203.275	0.005305301
4165	4826.946	201.978	203.275	0.005305301
4166	4828.097	201.906	203.204	0.005304961
4167	4829.28	201.906	203.204	0.005304369
4168	4830.431	201.835	203.133	0.005303863
4169	4831.585	201.835	203.133	0.005302498
4170	4832.738	201.763	203.061	0.005302841
4171	4833.886	201.763	203.061	0.005303943
4172	4835.037	201.679	202.99	0.0053025
4173	4836.189	201.679	202.99	0.005302922
4174	4837.37	201.608	202.919	0.005302331
4175	4838.525	201.608	202.919	0.005301055
4176	4839.676	201.536	202.847	0.005302587
4177	4840.823	201.536	202.847	0.005299702
4178	4841.977	201.465	202.776	0.005301142
4179	4843.129	201.465	202.776	0.005299701
4180	4844.278	201.393	202.704	0.005300296
4181	4845.434	201.393	202.704	0.005299024
4182	4846.583	201.322	202.633	0.005299273
4183	4847.732	201.322	202.633	0.005301483
4184	4848.885	201.249	202.561	0.005297232
4185	4850.046	201.249	202.561	0.005299782
4186	4851.198	201.178	202.49	0.005298346
4187	4852.346	201.178	202.49	0.005298427
4188	4853.493	201.107	202.423	0.005295963
4189	4854.646	201.107	202.423	0.005297412
4190	4855.802	201.034	202.348	0.005295453
4191	4856.954	201.034	202.348	0.005297832
4192	4858.109	200.962	202.276	0.005294862
4193	4859.262	200.962	202.276	0.005296131
4194	4860.415	200.891	202.204	0.005294009
4195	4861.566	200.891	202.204	0.005293593
4196	4862.721	200.819	202.132	0.00529317
4197	4863.879	200.819	202.132	0.005293162
4198	4865.029	200.747	202.06	0.005291977
4199	4866.176	200.747	202.06	0.005293421
4200	4867.341	200.675	201.988	0.005292144
4201	4868.492	200.675	201.988	0.00529096
4202	4869.647	200.591	201.881	0.005292229
4203	4870.801	200.591	201.881	0.005291637
4204	4871.954	200.519	201.809	0.005290279
4205	4873.107	200.519	201.809	0.005290281
4206	4874.254	200.447	201.737	0.00529079
4207	4875.402	200.447	201.737	0.005290276
4208	4876.558	200.375	201.666	0.005291894
4209	4877.712	200.375	201.666	0.005289684
4210	4878.862	200.303	201.594	0.00529045
4211	4880.016	200.303	201.594	0.005288495
4212	4881.165	200.231	201.522	0.005289261
4213	4882.316	200.231	201.522	0.005288493
4214	4883.463	200.16	201.45	0.005287479
4215	4884.617	200.16	201.45	0.005287818
4216	4885.769	200.1	201.378	0.005288073
4217	4886.919	200.1	201.378	0.00528816
4218	4888.07	200.015	201.307	0.005285781
4219	4889.222	200.015	201.307	0.005286121
4220	4890.372	199.942	201.271	0.005286715
4221	4891.519	199.942	201.271	0.005285193
4222	4892.668	199.871	201.163	0.005283915
4223	4893.851	199.871	201.163	0.005286552
4224	4895.001	199.798	201.091	0.005282382
4225	4896.155	199.798	201.091	0.005285274
4226	4897.307	199.726	201.019	0.005281532
4227	4898.455	199.726	201.019	0.005282979
4228	4899.605	199.655	200.947	0.005282897
4229	4900.784	199.655	200.947	0.005282555
4230	4901.936	199.582	200.875	0.005281967
4231	4903.088	199.582	200.875	0.005282385
4232	4904.24	199.498	200.803	0.005281454
4233	4905.402	199.498	200.803	0.005280606
4234	4906.567	199.425	200.731	0.005280094
4235	4907.831	199.353	200.659	0.005282132
4236	4908.981	199.353	200.659	0.005280183
4237	4910.13	199.281	200.588	0.005278398
4238	4911.279	199.281	200.588	0.00527874
4239	4912.44	199.209	200.516	0.00527832
4240	4913.589	199.209	200.516	0.005277294
4241	4914.738	199.137	200.444	0.005276958
4242	4915.903	199.137	200.444	0.005276955
4243	4917.051	199.064	200.372	0.005278483
4244	4918.202	199.064	200.372	0.005275171
4245	4919.368	198.992	200.3	0.005277635
4246	4920.529	198.992	200.3	0.00527585
4247	4921.69	198.919	200.228	0.005274661
4248	4922.839	198.919	200.228	0.005276878
4249	4923.986	198.847	200.156	0.005275173
4250	4925.137	198.847	200.156	0.005275766
4251	4926.288	198.774	200.084	0.00527356
4252	4927.449	198.774	200.084	0.005275683
4253	4928.612	198.703	200.011	0.005271518
4254	4929.768	198.703	200.011	0.005273646
4255	4930.948	198.63	199.939	0.005273732
4256	4932.097	198.63	199.939	0.005272967
4257	4933.249	198.558	199.866	0.005274835
4258	4934.43	198.558	199.866	0.005271949
4259	4935.593	198.473	199.83	0.005271863
4260	4936.743	198.473	199.83	0.005271019
4261	4937.893	198.4	199.722	0.005271096
4262	4939.057	198.4	199.722	0.005269913
4263	4940.207	198.328	199.65	0.005268299
4264	4941.355	198.328	199.65	0.005270849
4265	4942.509	198.255	199.578	0.005269827
4266	4943.661	198.255	199.578	0.005269405
4267	4944.815	198.183	199.505	0.005268723
4268	4945.967	198.183	199.505	0.005268383
4269	4947.132	198.11	199.433	0.00526813
4270	4948.294	198.11	199.433	0.00526626
4271	4949.445	198.038	199.36	0.005267451
4272	4950.595	198.038	199.36	0.005267198
4273	4951.744	197.965	199.288	0.005264901
4274	4952.891	197.965	199.288	0.005266006
4275	4954.046	197.892	199.215	0.005266943
4276	4955.21	197.892	199.215	0.005266092
4277	4956.371	197.819	199.143	0.005265159
4278	4957.521	197.819	199.143	0.005266007
4279	4958.67	197.747	199.071	0.005264564
4280	4959.82	197.747	199.071	0.005264909
4281	4960.968	197.686	198.998	0.005264566
4282	4962.131	197.686	198.998	0.005262779
4283	4963.278	197.601	198.925	0.005263041
4284	4964.429	197.601	198.925	0.005262528
4285	4965.591	197.528	198.853	0.005262445
4286	4966.743	197.528	198.853	0.005263462
4287	4967.892	197.456	198.744	0.00526355
4288	4969.053	197.456	198.744	0.005262272
4289	4970.215	197.37	198.672	0.005261423
4290	4971.379	197.37	198.672	0.005260746
4291	4972.523	197.297	198.6	0.005260066
4292	4973.675	197.297	198.6	0.005260409
4293	4974.824	197.224	198.526	0.005259555
4294	4975.974	197.224	198.526	0.005260069
4295	4977.123	197.151	198.454	0.0052582
4296	4978.279	197.151	198.454	0.005259388
4297	4979.441	197.078	198.382	0.005258285
4298	4980.594	197.078	198.382	0.005258031
4299	4981.747	197.005	198.309	0.005257181
4300	4982.896	197.005	198.309	0.005255907
4301	4984.046	196.932	198.236	0.005256417
4302	4985.197	196.932	198.236	0.005256588
4303	4986.36	196.859	198.163	0.005256759
4304	4987.508	196.859	198.163	0.005255568
4305	4988.661	196.787	198.09	0.005256676
4306	4989.814	196.787	198.09	0.005253614
4307	4990.965	196.713	198.017	0.005254042
4308	4992.147	196.713	198.017	0.005253619
4309	4993.295	196.64	197.944	0.005254469
4310	4994.46	196.64	197.944	0.005253445
4311	4995.61	196.567	197.872	0.00525404
4312	4996.759	196.567	197.872	0.005252771
4313	4997.906	196.494	197.799	0.005253279
4314	4999.058	196.494	197.799	0.005252346
4315	5000.207	196.42	197.726	0.005251834
4316	5001.356	196.42	197.726	0.005251412
4317	5002.506	196.335	197.653	0.005249714
4318	5003.657	196.335	197.653	0.005249627
4319	5004.807	196.261	197.58	0.005249206
4320	5005.969	196.261	197.58	0.005249969
4321	5007.126	196.188	197.508	0.005249463
4322	5008.286	196.188	197.508	0.005249123
4323	5009.435	196.114	197.435	0.005246658
4324	5010.587	196.114	197.435	0.005249547
4325	5011.756	196.041	197.362	0.005247083
4326	5012.907	196.041	197.362	0.005247679
4327	5014.054	195.967	197.289	0.005247336
4328	5015.202	195.967	197.289	0.00524649
4329	5016.375	195.894	197.216	0.005246915
4330	5017.523	195.894	197.216	0.0052453
4331	5018.675	195.82	197.143	0.005245895
4332	5019.826	195.82	197.143	0.005246066
4333	5021.006	195.747	197.07	0.005245131
4334	5022.168	195.747	197.07	0.005244964
4335	5023.348	195.674	196.997	0.005244114
4336	5024.533	195.674	196.997	0.005243347
4337	5025.68	195.6	196.924	0.005244283
4338	5026.843	195.6	196.924	0.005243266
4339	5027.992	195.527	196.851	0.005243774
4340	5029.143	195.527	196.851	0.005243436
4341	5030.291	195.453	196.777	0.005243607
4342	5031.442	195.453	196.777	0.005241563
4343	5032.591	195.38	196.704	0.00524225
4344	5033.741	195.38	196.704	0.005241143
4345	5034.89	195.305	196.63	0.005241483
4346	5036.052	195.305	196.63	0.005241145
4347	5037.199	195.22	196.558	0.005240974
4348	5038.348	195.22	196.558	0.00524123
4349	5039.498	195.146	196.484	0.005239871
4350	5040.663	195.146	196.484	0.005239108
4351	5041.812	195.072	196.411	0.005239956
4352	5042.967	195.072	196.411	0.00523936
4353	5044.118	194.998	196.337	0.005237407
4354	5045.298	194.998	196.337	0.005237667
4355	5046.45	194.924	196.264	0.00523741
4356	5047.737	194.85	196.191	0.005236051
4357	5048.883	194.85	196.191	0.00523656
4358	5050.035	194.777	196.118	0.005234693
4359	5051.185	194.777	196.118	0.00523724
4360	5052.377	194.712	196.044	0.005234776
4361	5053.533	194.712	196.044	0.005234864
4362	5054.697	194.638	195.971	0.005232909
4363	5055.845	194.638	195.971	0.005235632
4364	5056.998	194.565	195.898	0.005232488
4365	5058.149	194.565	195.898	0.005230958
4366	5059.299	194.49	195.824	0.005232485
4367	5060.467	194.49	195.824	0.005234693
4368	5061.615	194.417	195.75	0.00523232
4369	5062.776	194.417	195.75	0.005231808
4370	5063.939	194.343	195.677	0.005232831
4371	5065.088	194.343	195.677	0.005232236
4372	5066.239	194.269	195.603	0.005230196
4373	5067.389	194.269	195.603	0.005230786
4374	5068.536	194.182	195.492	0.005230876
4375	5069.685	194.182	195.492	0.005229863
4376	5070.836	194.107	195.455	0.005230029
4377	5071.995	194.107	195.455	0.005230027
4378	5073.147	194.033	195.345	0.00522952
4379	5074.308	194.033	195.345	0.005227906
4380	5075.461	193.959	195.27	0.005226715
4381	5076.609	193.959	195.27	0.005228499
4382	5077.762	193.885	195.196	0.005226808
4383	5078.91	193.885	195.196	0.005225019
4384	5080.065	193.81	195.122	0.005226459
4385	5081.212	193.81	195.122	0.005226716
4386	5082.361	193.735	195.048	0.00522434
4387	5083.509	193.735	195.048	0.005225954
4388	5084.662	193.662	194.974	0.005225108
4389	5085.825	193.662	194.974	0.00522502
4390	5086.974	193.587	194.9	0.005223743
4391	5088.122	193.587	194.9	0.005224342
4392	5089.288	193.512	194.826	0.005225021
4393	5090.469	193.512	194.826	0.005223749
4394	5091.619	193.439	194.752	0.005222895
4395	5092.779	193.439	194.752	0.005223322
4396	5093.945	193.36	194.678	0.005220686
4397	5095.099	193.36	194.678	0.005221376
4398	5096.249	193.285	194.604	0.005219929
4399	5097.4	193.285	194.604	0.005219078
4400	5098.552	193.21	194.529	0.005219251
4401	5099.702	193.21	194.529	0.005220012
4402	5100.857	193.136	194.456	0.005219927
4403	5102.009	193.136	194.456	0.005219503
4404	5103.156	193.049	194.382	0.005218567
4405	5104.304	193.049	194.382	0.00521815
4406	5105.454	192.974	194.307	0.005217724
4407	5106.608	192.974	194.307	0.0052162
4408	5107.761	192.899	194.233	0.005215684
4409	5108.923	192.899	194.233	0.005214919
4410	5110.08	192.825	194.159	0.00521492
4411	5111.24	192.825	194.159	0.005214922
4412	5112.39	192.749	194.084	0.00521569
4413	5113.543	192.749	194.084	0.00521441
4414	5114.695	192.675	194.01	0.005215345
4415	5115.881	192.675	194.01	0.005215003
4416	5117.029	192.6	193.973	0.005212627
4417	5118.18	192.6	193.973	0.005214073
4418	5119.359	192.525	193.861	0.005213655
4419	5120.51	192.525	193.861	0.005213649
4420	5121.658	192.449	193.787	0.005213478
4421	5122.818	192.449	193.787	0.005211015
4422	5123.968	192.374	193.713	0.005212799
4423	5125.132	192.374	193.713	0.005211271
4424	5126.28	192.299	193.638	0.005210256
4425	5127.43	192.299	193.638	0.005209747
4426	5128.578	192.224	193.564	0.005208898
4427	5129.731	192.224	193.564	0.005210001
4428	5130.894	192.149	193.489	0.005209062
4429	5132.056	192.149	193.489	0.005208218
4430	5133.208	192.073	193.415	0.005206179
4431	5134.357	192.073	193.415	0.005208213
4432	5135.513	191.999	193.341	0.005207622
4433	5136.675	191.999	193.341	0.005207283
4434	5137.824	191.911	193.265	0.005206688
4435	5138.985	191.911	193.265	0.005208225
4436	5140.135	191.835	193.19	0.005206944
4437	5141.314	191.835	193.19	0.005205749
4438	5142.465	191.773	193.115	0.005206689
4439	5143.615	191.773	193.115	0.00520346
4440	5144.765	191.684	193.04	0.005204992
4441	5145.915	191.684	193.04	0.005204143
4442	5147.079	191.609	192.965	0.005204652
4443	5148.24	191.609	192.965	0.00520304
4444	5149.408	191.533	192.89	0.005203122
4445	5150.585	191.533	192.89	0.005202615
4446	5151.739	191.458	192.815	0.005201508
4447	5152.889	191.458	192.815	0.00520236
4448	5154.038	191.382	192.74	0.005201681
4449	5155.187	191.382	192.74	0.005201007
4450	5156.35	191.308	192.665	0.005199644
4451	5157.498	191.308	192.665	0.005199557
4452	5158.65	191.232	192.589	0.005199047
4453	5159.801	191.232	192.589	0.005199814
4454	5160.979	191.156	192.515	0.005199223
4455	5162.132	191.156	192.515	0.005198286
4456	5163.28	191.08	192.477	0.005197946
4457	5164.434	191.08	192.477	0.005197183
4458	5165.596	191.005	192.364	0.005198457
4459	5166.746	191.005	192.364	0.005197269
4460	5167.894	190.929	192.289	0.00519523
4461	5169.047	190.929	192.289	0.005195998
4462	5170.198	190.841	192.176	0.005196587
4463	5171.345	190.841	192.176	0.00519523
4464	5172.494	190.765	192.1	0.005194468
4465	5173.644	190.765	192.1	0.005194471
4466	5174.806	190.689	192.025	0.005193449
4467	5175.959	190.689	192.025	0.005194131
4468	5177.111	190.612	191.95	0.005194808
4469	5178.262	190.612	191.95	0.005193704
4470	5179.414	190.536	191.875	0.005192514
4471	5180.565	190.536	191.875	0.005191411
4472	5181.719	190.461	191.799	0.00519396
4473	5182.87	190.461	191.799	0.005192176
4474	5184.022	190.384	191.724	0.005191499
4475	5185.185	190.384	191.724	0.005191674
4476	5186.363	190.308	191.648	0.0051915
4477	5187.627	190.232	191.572	0.005189207
4478	5188.789	190.232	191.572	0.005189802
4479	5189.957	190.155	191.496	0.005189969
4480	5191.111	190.155	191.496	0.005189465
4481	5192.26	190.079	191.421	0.005189889
4482	5193.41	190.079	191.421	0.005189207
4483	5194.558	190.003	191.345	0.005188868
4484	5195.708	190.003	191.345	0.005185895
4485	5196.861	189.926	191.269	0.005186407
4486	5198.012	189.926	191.269	0.005185388
4487	5199.174	189.85	191.193	0.005188021
4488	5200.352	189.85	191.193	0.005186665
4489	5201.504	189.773	191.117	0.005186748
4490	5202.683	189.773	191.117	0.005185051
4491	5203.843	189.683	191.041	0.00518488
4492	5204.997	189.683	191.041	0.005183351
4493	5206.159	189.607	190.965	0.005183947
4494	5207.34	189.607	190.965	0.005183009
4495	5208.489	189.529	190.889	0.005181911
4496	5209.638	189.529	190.889	0.005183945
4497	5210.789	189.453	190.813	0.005182248
4498	5211.938	189.453	190.813	0.005181483
4499	5213.089	189.376	190.737	0.005180887
4500	5214.238	189.376	190.737	0.005181143
4501	5215.389	189.3	190.661	0.005179107
4502	5216.566	189.3	190.661	0.00518021
4503	5217.715	189.235	190.585	0.0051797
4504	5218.897	189.235	190.585	0.005180895
4505	5220.058	189.146	190.509	0.005178849
4506	5221.209	189.146	190.509	0.00518072
4507	5222.366	189.069	190.433	0.005178089
4508	5223.53	189.069	190.433	0.005178346
4509	5224.692	188.991	190.357	0.0051786
4510	5225.842	188.991	190.357	0.005177918
4511	5226.992	188.914	190.28	0.005177247
4512	5228.148	188.914	190.28	0.005176389
4513	5229.315	188.837	190.204	0.005175709
4514	5230.462	188.837	190.204	0.005175713
4515	5231.613	188.76	190.127	0.005174779
4516	5232.792	188.76	190.127	0.005174952
4517	5233.942	188.683	190.051	0.005174101
4518	5235.095	188.683	190.051	0.005173673
4519	5236.242	188.607	189.975	0.00517495
4520	5237.39	188.607	189.975	0.005173251
4521	5238.552	188.516	189.898	0.00517291
4522	5239.702	188.516	189.898	0.005172826
4523	5240.855	188.439	189.821	0.005172999
4524	5242.002	188.439	189.821	0.005171552
4525	5243.164	188.36	189.744	0.005171638
4526	5244.312	188.36	189.744	0.005169767
4527	5245.463	188.284	189.668	0.005172489
4528	5246.615	188.284	189.668	0.005170539
4529	5247.777	188.204	189.59	0.005169094
4530	5248.927	188.204	189.59	0.005170283
4531	5250.076	188.127	189.514	0.005170034
4532	5251.224	188.127	189.514	0.005170708
4533	5252.375	188.05	189.437	0.00516918
4534	5253.523	188.05	189.437	0.005168669
4535	5254.674	187.973	189.36	0.005167735
4536	5255.854	187.973	189.36	0.00516672
4537	5257.007	187.894	189.283	0.005165783
4538	5258.157	187.894	189.283	0.005166637
4539	5259.308	187.816	189.206	0.005166466
4540	5260.457	187.816	189.206	0.005163575
4541	5261.608	187.738	189.129	0.005166633
4542	5262.757	187.738	189.129	0.005166044
4543	5263.912	187.661	189.052	0.005165531
4544	5265.075	187.661	189.052	0.005165952
4545	5266.238	187.583	188.977	0.005163241
4546	5267.419	187.583	188.977	0.005161624
4547	5268.571	187.505	188.899	0.005162903
4548	5269.723	187.505	188.899	0.005161286
4549	5270.872	187.413	188.783	0.005161799
4550	5272.024	187.413	188.783	0.005162474
4551	5273.173	187.335	188.706	0.005161968
4552	5274.322	187.335	188.706	0.005162479
4553	5275.474	187.257	188.628	0.005160778
4554	5276.625	187.257	188.628	0.005161119
4555	5277.776	187.179	188.551	0.005162219
4556	5278.937	187.179	188.551	0.005160525
4557	5280.09	187.1	188.473	0.005160615
4558	5281.254	187.1	188.473	0.005157803
4559	5282.401	187.022	188.395	0.005158148
4560	5283.553	187.022	188.395	0.005157298
4561	5284.706	186.943	188.318	0.005158999
4562	5285.87	186.943	188.318	0.005157043
4563	5287.031	186.864	188.24	0.005155774
4564	5288.193	186.864	188.24	0.0051573
4565	5289.344	186.786	188.163	0.005155173
4566	5290.494	186.786	188.163	0.005152969
4567	5291.642	186.707	188.085	0.005155263
4568	5292.79	186.707	188.085	0.005155346
4569	5293.942	186.629	188.007	0.005153903
4570	5295.093	186.629	188.007	0.005154669
4571	5296.245	186.55	187.929	0.005155941
4572	5297.396	186.55	187.929	0.005154583
4573	5298.548	186.471	187.89	0.005153649
4574	5299.701	186.471	187.89	0.005151524
4575	5300.862	186.392	187.774	0.005151613
4576	5302.015	186.392	187.774	0.005151109
4577	5303.167	186.313	187.695	0.005150934
4578	5304.319	186.313	187.695	0.005149662
4579	5305.477	186.221	187.617	0.005149658
4580	5306.639	186.221	187.617	0.005149491
4581	5307.788	186.142	187.539	0.005149662
4582	5308.967	186.142	187.539	0.005150343
4583	5310.116	186.063	187.461	0.005148048
4584	5311.279	186.063	187.461	0.005150254
4585	5312.439	185.985	187.38	0.005149493
4586	5313.586	185.985	187.38	0.005146436
4587	5314.736	185.906	187.297	0.005146008
4588	5315.887	185.906	187.297	0.005146947
4589	5317.032	185.833	187.216	0.005148643
4590	5318.196	185.833	187.216	0.005145837
4591	5319.359	185.834	187.138	0.005146865
4592	5320.713	185.771	187.058	0.00514474
4593	5321.868	185.771	187.058	0.005144651
4594	5323.029	185.701	186.979	0.005145503
4595	5324.192	185.701	186.979	0.00514474
4596	5325.373	185.629	186.9	0.005144393
4597	5326.524	185.629	186.9	0.005143465
4598	5327.675	185.554	186.821	0.005142874
4599	5328.827	185.554	186.821	0.005142958
4600	5329.98	185.478	186.743	0.005143042
4601	5331.144	185.478	186.743	0.005141258
4602	5332.294	185.401	186.664	0.005142362
4603	5333.458	185.401	186.664	0.00514016
4604	5334.641	185.324	186.584	0.005141177
4605	5335.807	185.324	186.584	0.005139391
4606	5336.987	185.233	186.505	0.005138459
4607	5338.148	185.233	186.505	0.005139817
4608	5339.313	185.155	186.426	0.005138883
4609	5340.477	185.155	186.426	0.005139221
4610	5341.627	185.076	186.347	0.005139477
4611	5342.786	185.076	186.347	0.005139394
4612	5343.936	184.997	186.307	0.00513778
4613	5345.087	184.997	186.307	0.005138204
4614	5346.238	184.919	186.188	0.005136933
4615	5347.392	184.919	186.188	0.005137272
4616	5348.554	184.839	186.109	0.005137871
4617	5349.711	184.839	186.109	0.00513676
4618	5350.862	184.76	186.03	0.00513541
4619	5352.026	184.76	186.03	0.005135235
4620	5353.175	184.681	185.951	0.00513464
4621	5354.327	184.681	185.951	0.005134814
4622	5355.479	184.602	185.871	0.005134301
4623	5356.638	184.602	185.871	0.005132859
4624	5357.788	184.535	185.792	0.005132605
4625	5358.937	184.535	185.792	0.005131674
4626	5360.087	184.443	185.713	0.005132604
4627	5361.236	184.443	185.713	0.005131755
4628	5362.388	184.363	185.634	0.005130396
4629	5363.537	184.363	185.634	0.005130058
4630	5364.687	184.284	185.554	0.005129123
4631	5365.836	184.284	185.554	0.005129888
4632	5366.997	184.205	185.475	0.005128782
4633	5368.15	184.205	185.475	0.005127259
4634	5369.328	184.125	185.396	0.005127343
4635	5370.476	184.125	185.396	0.00512888
4636	5371.623	184.032	185.277	0.005127429
4637	5372.773	184.032	185.277	0.005126744
4638	5373.935	183.952	185.198	0.005128111
4639	5375.087	183.952	185.198	0.005127429
4640	5376.235	183.872	185.118	0.005128192
4641	5377.387	183.872	185.118	0.005127005
4642	5378.536	183.792	185.04	0.005127429
4643	5379.697	183.792	185.04	0.005124967
4644	5380.862	183.713	184.96	0.005124964
4645	5382.011	183.713	184.96	0.005125736
4646	5383.163	183.633	184.881	0.005124039
4647	5384.325	183.633	184.881	0.005125219
4648	5385.476	183.553	184.802	0.005123521
4649	5386.627	183.553	184.802	0.005122426
4650	5387.788	183.474	184.722	0.00512259
4651	5388.94	183.474	184.722	0.005121406
4652	5390.092	183.394	184.642	0.005122421
4653	5391.256	183.394	184.642	0.005121826
4654	5392.406	183.314	184.563	0.00512064
4655	5393.58	183.314	184.563	0.005120983
4656	5394.736	183.234	184.484	0.005119534
4657	5395.888	183.234	184.484	0.005119278
4658	5397.054	183.155	184.404	0.0051203
4659	5398.216	183.155	184.404	0.005119199
4660	5399.381	183.074	184.324	0.005118177
4661	5400.533	183.074	184.324	0.005119961
4662	5401.696	182.994	184.244	0.005117666
4663	5402.877	182.994	184.244	0.005116987
4664	5404.039	182.914	184.164	0.005116989
4665	5405.209	182.914	184.164	0.005117503
4666	5406.371	182.82	184.085	0.005116307
4667	5407.524	182.82	184.085	0.005115969
4668	5408.687	182.742	184.005	0.005114187
4669	5409.839	182.742	184.005	0.005113765
4670	5410.991	182.661	183.925	0.005114613
4671	5412.139	182.661	183.925	0.005112824
4672	5413.301	182.581	183.845	0.005113002
4673	5414.459	182.581	183.845	0.005112238
4674	5415.614	182.5	183.765	0.005111215
4675	5416.767	182.5	183.765	0.005112914
4676	5417.933	182.42	183.685	0.005111811
4677	5419.084	182.42	183.685	0.005111726
4678	5420.233	182.339	183.605	0.005112997
4679	5421.389	182.339	183.605	0.005111474
4680	5422.551	182.26	183.525	0.005110115
4681	5423.7	182.26	183.525	0.005109691
4682	5424.866	182.179	183.444	0.005108416
4683	5426.141	182.098	183.364	0.005108419
4684	5427.309	182.098	183.364	0.005107742
4685	5428.46	182.018	183.284	0.005107396
4686	5429.608	182.018	183.284	0.005108587
4687	5430.758	181.951	183.204	0.005108677
4688	5431.911	181.951	183.204	0.005106887
4689	5433.063	181.857	183.125	0.005107229
4690	5434.227	181.857	183.125	0.005103836
4691	5435.408	181.777	183.044	0.005105025
4692	5436.558	181.777	183.044	0.005104003
4693	5437.737	181.696	182.964	0.00510494
4694	5438.888	181.696	182.964	0.005103411
4695	5440.04	181.602	182.884	0.005104769
4696	5441.189	181.602	182.884	0.005104345
4697	5442.36	181.521	182.803	0.005104515
4698	5443.522	181.521	182.803	0.005104004
4699	5444.673	181.44	182.723	0.005104938
4700	5445.837	181.44	182.723	0.005101881
4701	5446.99	181.36	182.642	0.005100696
4702	5448.155	181.36	182.642	0.005101034
4703	5449.305	181.279	182.562	0.005100445
4704	5450.456	181.279	182.562	0.005100099
4705	5451.64	181.199	182.482	0.005098997
4706	5452.791	181.199	182.482	0.005097216
4707	5453.958	181.117	182.401	0.005098321
4708	5455.122	181.117	182.401	0.005098063
4709	5456.274	181.036	182.32	0.005097555
4710	5457.436	181.036	182.32	0.005098491
4711	5458.586	180.954	182.239	0.005098912
4712	5459.741	180.954	182.239	0.00509679
4713	5460.903	180.874	182.159	0.005095687
4714	5462.07	180.874	182.159	0.005094666
4715	5463.223	180.793	182.078	0.005095096
4716	5464.385	180.793	182.078	0.005093308
4717	5465.551	180.711	181.997	0.005095006
4718	5466.705	180.711	181.997	0.005092884
4719	5467.852	180.63	181.916	0.00509535
4720	5469.003	180.63	181.916	0.005093057
4721	5470.161	180.549	181.836	0.005092973
4722	5471.346	180.549	181.836	0.005092633
4723	5472.497	180.468	181.755	0.005092883
4724	5473.677	180.468	181.755	0.005091698
4725	5474.827	180.374	181.634	0.005090767
4726	5475.978	180.374	181.634	0.00509221
4727	5477.132	180.291	181.553	0.005089153
4728	5478.293	180.291	181.553	0.005091277
4729	5479.457	180.211	181.512	0.005089238
4730	5480.609	180.211	181.512	0.005088984
4731	5481.759	180.129	181.391	0.005087795
4732	5482.91	180.129	181.391	0.005086432
4733	5484.062	180.048	181.31	0.00508754
4734	5485.225	180.048	181.31	0.005087712
4735	5486.375	179.966	181.229	0.005086523
4736	5487.523	179.966	181.229	0.005085758
4737	5488.673	179.885	181.148	0.005086694
4738	5489.826	179.885	181.148	0.005085672
4739	5490.976	179.803	181.066	0.005085338
4740	5492.127	179.803	181.066	0.005083377
4741	5493.279	179.721	180.985	0.005083468
4742	5494.446	179.721	180.985	0.005083209
4743	5495.596	179.639	180.903	0.005084658
4744	5496.774	179.639	180.903	0.005081173
4745	5497.923	179.558	180.822	0.005083381
4746	5499.086	179.558	180.822	0.005080835
4747	5500.241	179.479	180.741	0.005081682
4748	5501.424	179.479	180.741	0.005080584
4749	5502.578	179.399	180.7	0.005080582
4750	5503.739	179.399	180.7	0.005081684
4751	5504.89	179.317	180.616	0.005078881
4752	5506.041	179.317	180.616	0.005078966
4753	5507.19	179.222	180.494	0.005078629
4754	5508.341	179.222	180.494	0.005080496
4755	5509.507	179.14	180.453	0.005076677
4756	5510.674	179.14	180.453	0.005075827
4757	5511.836	179.058	180.331	0.005076168
4758	5512.989	179.058	180.331	0.005075148
4759	5514.142	178.977	180.25	0.005076761
4760	5515.321	178.977	180.25	0.005076254
4761	5516.503	178.895	180.209	0.005074894
4762	5517.67	178.895	180.209	0.005074892
4763	5518.824	178.813	180.087	0.005075322
4764	5519.989	178.813	180.087	0.005074641
4765	5521.15	178.73	180.006	0.005072603
4766	5522.301	178.73	180.006	0.005073454
4767	5523.463	178.649	179.924	0.005073791
4768	5524.763	178.567	179.883	0.005071582
4769	5525.916	178.567	179.883	0.0050726
4770	5527.079	178.484	179.76	0.005070986
4771	5528.258	178.484	179.76	0.005072349
4772	5529.411	178.403	179.679	0.005069122
4773	5530.564	178.403	179.679	0.005070989
4774	5531.715	178.32	179.596	0.00507023
4775	5532.868	178.32	179.596	0.005069549
4776	5534.021	178.237	179.515	0.005069464
4777	5535.172	178.237	179.515	0.00506819
4778	5536.327	178.155	179.473	0.005068444
4779	5537.477	178.155	179.473	0.005068447
4780	5538.643	178.072	179.351	0.005067172
4781	5539.814	178.072	179.351	0.005067765
4782	5540.996	177.975	179.269	0.005066068
4783	5542.148	177.975	179.269	0.005066069
4784	5543.313	177.892	179.186	0.005066155
4785	5544.476	177.892	179.186	0.005066499
4786	5545.628	177.81	179.105	0.00506539
4787	5546.78	177.81	179.105	0.005064625
4788	5547.945	177.727	179.022	0.005063775
4789	5549.095	177.727	179.022	0.005065133
4790	5550.245	177.644	178.982	0.005062841
4791	5551.41	177.644	178.982	0.005062674
4792	5552.59	177.562	178.858	0.005061655
4793	5553.741	177.562	178.858	0.00506208
4794	5554.889	177.479	178.776	0.005061318
4795	5556.038	177.479	178.776	0.005061402
4796	5557.207	177.396	178.694	0.005060806
4797	5558.362	177.396	178.694	0.00506013
4798	5559.516	177.312	178.611	0.005059958
4799	5560.682	177.312	178.611	0.005060639
4800	5561.835	177.219	178.528	0.005059281
4801	5562.986	177.219	178.528	0.00505928
4802	5564.14	177.135	178.446	0.005058431
4803	5565.289	177.135	178.446	0.005059368
4804	5566.451	177.051	178.405	0.005058009
4805	5567.602	177.051	178.405	0.005057248
4806	5568.755	176.968	178.281	0.005055126
4807	5569.907	176.968	178.281	0.005056062
4808	5571.071	176.885	178.198	0.00505342
4809	5572.253	176.885	178.198	0.005055715
4810	5573.416	176.802	178.116	0.005054181
4811	5574.583	176.802	178.116	0.005054017
4812	5575.763	176.704	177.991	0.005054272
4813	5576.916	176.704	177.991	0.005054443
4814	5578.069	176.621	177.908	0.005051638
4815	5579.234	176.621	177.908	0.005052316
4816	5580.387	176.537	177.825	0.005050454
4817	5581.539	176.537	177.825	0.005051898
4818	5582.693	176.453	177.742	0.005052238
4819	5583.858	176.453	177.742	0.005051218
4820	5585.009	176.37	177.658	0.005049438
4821	5586.16	176.37	177.658	0.005049945
4822	5587.339	176.286	177.575	0.005049945
4823	5588.489	176.286	177.575	0.005048756
4824	5589.641	176.201	177.492	0.005049436
4825	5590.792	176.201	177.492	0.005050624
4826	5591.94	176.117	177.409	0.00504884
4827	5593.093	176.117	177.409	0.005048755
4828	5594.243	176.033	177.325	0.005046888
4829	5595.393	176.033	177.325	0.005046039
4830	5596.558	175.949	177.242	0.005045953
4831	5597.708	175.949	177.242	0.005045359
4832	5598.857	175.865	177.158	0.005046041
4833	5600.01	175.865	177.158	0.005043831
4834	5601.176	175.781	177.075	0.005045107
4835	5602.329	175.781	177.075	0.005045023
4836	5603.482	175.696	176.991	0.005043155
4837	5604.643	175.696	176.991	0.005043494
4838	5605.794	175.612	176.908	0.005044595
4839	5606.977	175.612	176.908	0.005042645
4840	5608.131	175.528	176.824	0.005042389
4841	5609.313	175.528	176.824	0.005043153
4842	5610.465	175.43	176.741	0.005041541
4843	5611.616	175.43	176.741	0.005042139
4844	5612.767	175.359	176.657	0.0050401
4845	5613.93	175.359	176.657	0.005041714
4846	5615.085	175.259	176.573	0.005040611
4847	5616.25	175.259	176.573	0.005038655
4848	5617.4	175.176	176.489	0.005038403
4849	5618.564	175.176	176.489	0.005040357
4850	5619.716	175.091	176.406	0.005039338
4851	5620.872	175.091	176.406	0.005039507
4852	5622.024	175.005	176.321	0.005038403
4853	5623.174	175.005	176.321	0.005036958
4854	5624.326	174.921	176.237	0.005038234
4855	5625.479	174.921	176.237	0.005035858
4856	5626.629	174.836	176.153	0.005035602
4857	5627.793	174.836	176.153	0.005034501
4858	5628.959	174.752	176.069	0.00503484
4859	5630.11	174.752	176.069	0.005033906
4860	5631.276	174.666	175.985	0.005033908
4861	5632.551	174.581	175.9	0.005032461
4862	5633.705	174.581	175.9	0.00503331
4863	5634.857	174.495	175.816	0.005033482
4864	5636.006	174.495	175.816	0.005031187
4865	5637.168	174.41	175.731	0.00503204
4866	5638.319	174.41	175.731	0.005031615
4867	5639.483	174.324	175.647	0.00502966
4868	5640.646	174.324	175.647	0.005030001
4869	5641.797	174.224	175.562	0.005028726
4870	5642.96	174.224	175.562	0.005029403
4871	5644.125	174.139	175.477	0.005030002
4872	5645.304	174.139	175.477	0.005027622
4873	5646.456	174.054	175.393	0.005028473
4874	5647.605	174.054	175.393	0.005026865
4875	5648.76	173.968	175.308	0.005026948
4876	5649.913	173.968	175.308	0.005026436
4877	5651.077	173.882	175.223	0.005024313
4878	5652.227	173.882	175.223	0.00502593
4879	5653.411	173.796	175.138	0.005025417
4880	5654.567	173.796	175.138	0.005024147
4881	5655.718	173.71	175.053	0.005023722
4882	5656.869	173.71	175.053	0.005024144
4883	5658.025	173.624	174.968	0.005023724
4884	5659.2	173.624	174.968	0.005022706
4885	5660.352	173.539	174.883	0.005022361
4886	5661.517	173.539	174.883	0.005020919
4887	5662.667	173.452	174.798	0.005021596
4888	5663.819	173.452	174.798	0.005021343
4889	5664.983	173.366	174.713	0.005021514
4890	5666.145	173.366	174.713	0.005020494
4891	5667.296	173.28	174.627	0.005021263
4892	5668.448	173.28	174.627	0.005020243
4893	5669.599	173.194	174.542	0.005017949
4894	5670.76	173.194	174.542	0.005020072
4895	5671.924	173.106	174.456	0.005017266
4896	5673.085	173.106	174.456	0.005016251
4897	5674.236	173.02	174.37	0.005017275
4898	5675.385	173.02	174.37	0.005017355
4899	5676.548	172.919	174.242	0.005017019
4900	5677.703	172.919	174.242	0.005015064
4901	5678.867	172.832	174.199	0.005015491
4902	5680.025	172.832	174.199	0.005014047
4903	5681.183	172.745	174.07	0.00501549
4904	5682.369	172.745	174.07	0.005015322
4905	5683.522	172.658	173.984	0.005013282
4906	5684.684	172.658	173.984	0.005014817
4907	5685.869	172.57	173.897	0.005013882
4908	5687.023	172.57	173.897	0.00501269
4909	5688.173	172.499	173.812	0.005011923
4910	5689.355	172.499	173.812	0.005010991
4911	5690.516	172.396	173.726	0.005011416
4912	5691.67	172.396	173.726	0.005011077
4913	5692.821	172.31	173.639	0.005010398
4914	5693.977	172.31	173.639	0.005010739
4915	5695.129	172.222	173.553	0.005011165
4916	5696.29	172.222	173.553	0.005009291
4917	5697.442	172.134	173.467	0.005009378
4918	5698.593	172.134	173.467	0.005008785
4919	5699.758	172.047	173.38	0.005006833
4920	5700.923	172.047	173.38	0.005007599
4921	5702.074	171.96	173.294	0.005005644
4922	5703.238	171.96	173.294	0.005007514
4923	5704.388	171.872	173.207	0.005005305
4924	5705.535	171.872	173.207	0.005004286
4925	5706.688	171.783	173.12	0.005005816
4926	5707.868	171.783	173.12	0.005004713
4927	5709.028	171.696	173.077	0.005004969
4928	5710.18	171.696	173.077	0.005004376
4929	5711.363	171.593	172.947	0.005002928
4930	5712.514	171.593	172.947	0.005002251
4931	5713.68	171.505	172.86	0.005002932
4932	5714.829	171.505	172.86	0.005001489
4933	5715.98	171.417	172.773	0.005002509
4934	5717.141	171.417	172.773	0.005002
4935	5718.307	171.329	172.685	0.004999705
4936	5719.455	171.329	172.685	0.004999196
4937	5720.608	171.241	172.598	0.004997326
4938	5721.761	171.241	172.598	0.004998939
4939	5722.925	171.152	172.511	0.004998348
4940	5724.077	171.152	172.511	0.004996479
4941	5725.227	171.064	172.423	0.004996905
4942	5726.392	171.064	172.423	0.00499614
4943	5727.557	170.975	172.336	0.004995122
4944	5728.72	170.975	172.336	0.004995036
4945	5729.886	170.886	172.248	0.004994443
4946	5731.165	170.797	172.16	0.004992574
4947	5732.335	170.797	172.16	0.004993681
4948	5733.497	170.709	172.072	0.004992322
4949	5734.662	170.709	172.072	0.004991895
4950	5735.827	170.62	171.984	0.004993426
4951	5736.979	170.62	171.984	0.004993086
4952	5738.129	170.53	171.897	0.004992322
4953	5739.309	170.53	171.897	0.004991814
4954	5740.475	170.441	171.852	0.004991895
4955	5741.659	170.441	171.852	0.004990453
4956	5742.824	170.352	171.72	0.004990372
4957	5743.978	170.352	171.72	0.004989521
4958	5745.14	170.247	171.632	0.004990117
4959	5746.29	170.247	171.632	0.004987143
4960	5747.442	170.158	171.543	0.004986552
4961	5748.606	170.158	171.543	0.004987144
4962	5749.768	170.068	171.455	0.004986211
4963	5750.931	170.068	171.455	0.004985954
4964	5752.096	169.979	171.367	0.004986893
4965	5753.266	169.979	171.367	0.004985875
4966	5754.431	169.889	171.278	0.004984431
4967	5755.595	169.889	171.278	0.004984686
4968	5756.763	169.799	171.189	0.004983069
4969	5757.916	169.799	171.189	0.004984348
4970	5759.069	169.709	171.101	0.004982224
4971	5760.234	169.709	171.101	0.004982391
4972	5761.398	169.619	171.011	0.004980612
4973	5762.561	169.619	171.011	0.004980611
4974	5763.713	169.543	170.923	0.004980696
4975	5764.879	169.543	170.923	0.004979676
4976	5766.041	169.438	170.833	0.004980272
4977	5767.206	169.438	170.833	0.004979761
4978	5768.37	169.347	170.744	0.004977979
4979	5769.52	169.347	170.744	0.004979338
4980	5770.671	169.257	170.655	0.004979933
4981	5771.818	169.257	170.655	0.004978657
4982	5772.982	169.166	170.566	0.004979254
4983	5774.145	169.166	170.566	0.004976368
4984	5775.326	169.075	170.521	0.00497645
4985	5776.489	169.075	170.521	0.004977469
4986	5777.654	168.969	170.342	0.004975182
4987	5778.818	168.969	170.342	0.004973142
4988	5779.972	168.877	170.251	0.004976115
4989	5781.121	168.877	170.251	0.004976202
4990	5782.284	168.786	170.162	0.004975182
4991	5783.435	168.786	170.162	0.004974162
4992	5784.601	168.695	170.072	0.004973229
4993	5785.769	168.695	170.072	0.004972293
4994	5786.929	168.605	169.981	0.004972639
4995	5788.081	168.605	169.981	0.004971702
4996	5789.231	168.513	169.891	0.00497136
4997	5790.396	168.513	169.891	0.004969751
4998	5791.546	168.422	169.801	0.004970342
4999	5792.7	168.422	169.801	0.004970514
5000	5793.851	168.332	169.711	0.004968563
5001	5795.014	168.332	169.711	0.004969242
5002	5796.174	168.24	169.62	0.00496873
5003	5797.362	168.24	169.62	0.00496771
5004	5798.514	168.15	169.529	0.004967372
5005	5799.666	168.15	169.529	0.004965246
5006	5800.828	168.058	169.438	0.004965164
5007	5801.991	168.058	169.438	0.004967545
5008	5803.151	167.966	169.347	0.004966268
5009	5804.318	167.966	169.347	0.004963888
5010	5805.484	167.876	169.256	0.00496457
5011	5806.644	167.876	169.256	0.004964488
5012	5807.809	167.783	169.165	0.004962366
5013	5808.975	167.783	169.165	0.00496398
5014	5810.142	167.692	169.073	0.00496092
5015	5811.441	167.601	168.982	0.004962363
5016	5812.598	167.601	168.982	0.004962871
5017	5813.761	167.494	168.891	0.004963046
5018	5814.913	167.494	168.891	0.004962026
5019	5816.078	167.402	168.799	0.004961005
5020	5817.232	167.402	168.799	0.004959309
5021	5818.425	167.31	168.708	0.004960244
5022	5819.59	167.31	168.708	0.004959398
5023	5820.743	167.219	168.617	0.004958461
5024	5821.895	167.219	168.617	0.004958889
5025	5823.058	167.127	168.526	0.004958463
5026	5824.222	167.127	168.526	0.004957358
5027	5825.405	167.034	168.435	0.004957443
5028	5826.567	167.034	168.435	0.004955234
5029	5827.727	166.942	168.343	0.004955236
5030	5828.892	166.942	168.343	0.004955916
5031	5830.046	166.85	168.252	0.004953708
5032	5831.209	166.85	168.252	0.004954387
5033	5832.358	166.757	168.16	0.004954302
5034	5833.51	166.757	168.16	0.004956002
5035	5834.673	166.665	168.069	0.004953031
5036	5835.835	166.665	168.069	0.004952265
5037	5836.999	166.572	167.977	0.00495184
5038	5838.162	166.572	167.977	0.004951672
5039	5839.343	166.496	167.886	0.004951247
5040	5840.494	166.496	167.886	0.004950314
5041	5841.658	166.388	167.794	0.004950655
5042	5842.823	166.388	167.794	0.0049493
5043	5843.985	166.295	167.702	0.004948618
5044	5845.15	166.295	167.702	0.004948957
5045	5846.3	166.187	167.61	0.004948027
5046	5847.452	166.187	167.61	0.004947686
5047	5848.615	166.095	167.518	0.004947175
5048	5849.764	166.095	167.518	0.004947345
5049	5850.93	166.001	167.426	0.004945474
5050	5852.092	166.001	167.426	0.004945059
5051	5853.257	165.908	167.334	0.004945817
5052	5854.418	165.908	167.334	0.004945143
5053	5855.583	165.815	167.242	0.004945225
5054	5856.736	165.815	167.242	0.004944885
5055	5857.901	165.722	167.15	0.004943523
5056	5859.065	165.722	167.15	0.004941405
5057	5860.225	165.628	167.057	0.004940469
5058	5861.405	165.628	167.057	0.004941998
5059	5862.567	165.535	166.965	0.004940048
5060	5863.731	165.535	166.965	0.004941068
5061	5864.884	165.441	166.872	0.004939623
5062	5866.049	165.441	166.872	0.004938857
5063	5867.214	165.348	166.78	0.004940046
5064	5868.38	165.348	166.78	0.00493852
5065	5869.544	165.254	166.687	0.0049375
5066	5870.696	165.254	166.687	0.004936993
5067	5871.858	165.16	166.594	0.004938865
5068	5873.021	165.16	166.594	0.004937162
5069	5874.181	165.067	166.501	0.004937078
5070	5875.339	165.067	166.501	0.004935803
5071	5876.504	164.973	166.408	0.004935465
5072	5877.673	164.973	166.408	0.004934362
5073	5878.837	164.879	166.316	0.004933172
5074	5880.015	164.879	166.316	0.004933684
5075	5881.179	164.77	166.176	0.004934106
5076	5882.33	164.77	166.176	0.004933428
5077	5883.485	164.675	166.083	0.00493241
5078	5884.646	164.675	166.083	0.004931222
5079	5885.81	164.581	165.99	0.00493088
5080	5886.978	164.581	165.99	0.00493097
5081	5888.144	164.488	165.897	0.004930712
5082	5889.409	164.393	165.85	0.00493097
5083	5890.566	164.393	165.85	0.004931053
5084	5891.723	164.298	165.709	0.004928931
5085	5892.874	164.298	165.709	0.004928588
5086	5894.025	164.203	165.616	0.004928846
5087	5895.189	164.203	165.616	0.00492672
5088	5896.349	164.109	165.522	0.004927741
5089	5897.502	164.109	165.522	0.004927061
5090	5898.656	164.014	165.428	0.004926553
5091	5899.818	164.014	165.428	0.004926892
5092	5900.983	163.919	165.334	0.004924855
5093	5902.138	163.919	165.334	0.004924265
5094	5903.321	163.823	165.24	0.004924006
5095	5904.487	163.823	165.24	0.004924177
5096	5905.654	163.729	165.145	0.004923161
5097	5906.817	163.729	165.145	0.0049235
5098	5907.982	163.634	165.051	0.004923417
5099	5909.149	163.634	165.051	0.004920868
5100	5910.298	163.538	164.957	0.004920529
5101	5911.464	163.538	164.957	0.00492036
5102	5912.629	163.443	164.863	0.004918918
5103	5913.782	163.443	164.863	0.004920445
5104	5914.945	163.332	164.768	0.004919255
5105	5916.108	163.332	164.768	0.00492036
5106	5917.272	163.237	164.673	0.004919342
5107	5918.435	163.237	164.673	0.004918999
5108	5919.601	163.141	164.579	0.004918153
5109	5920.765	163.141	164.579	0.004917473
5110	5921.934	163.045	164.484	0.004916968
5111	5923.096	163.045	164.484	0.004915267
5112	5924.262	162.949	164.39	0.004914929
5113	5925.434	162.949	164.39	0.004914505
5114	5926.597	162.854	164.295	0.00491365
5115	5927.761	162.854	164.295	0.004911706
5116	5928.925	162.757	164.199	0.004911785
5117	5930.09	162.757	164.199	0.004912041
5118	5931.255	162.662	164.104	0.004910093
5119	5932.407	162.662	164.104	0.0049106
5120	5933.572	162.565	164.057	0.004909668
5121	5934.733	162.565	164.057	0.00491094
5122	5935.894	162.469	163.914	0.004910178
5123	5937.06	162.469	163.914	0.004909838
5124	5938.226	162.372	163.819	0.004909668
5125	5939.422	162.372	163.819	0.004909073
5126	5940.586	162.275	163.723	0.004907968
5127	5941.752	162.275	163.723	0.004907376
5128	5942.917	162.179	163.628	0.004907462
5129	5944.069	162.179	163.628	0.004905594
5130	5945.232	162.082	163.532	0.004906529
5131	5946.396	162.082	163.532	0.00490568
5132	5947.563	161.984	163.436	0.004904064
5133	5948.731	161.984	163.436	0.004903981
5134	5949.885	161.871	163.341	0.004903727
5135	5951.05	161.871	163.341	0.004903898
5136	5952.205	161.773	163.245	0.004903815
5137	5953.379	161.773	163.245	0.004901774
5138	5954.542	161.675	163.149	0.004902367
5139	5955.708	161.675	163.149	0.004902709
5140	5956.861	161.578	163.053	0.004901349
5141	5958.026	161.578	163.053	0.004900501
5142	5959.189	161.481	162.956	0.004899224
5143	5960.355	161.481	162.956	0.004900332
5144	5961.519	161.383	162.859	0.00490008
5145	5962.797	161.285	162.763	0.004899228
5146	5963.958	161.285	162.763	0.004899825
5147	5965.12	161.187	162.666	0.004897193
5148	5966.283	161.187	162.666	0.0048966
5149	5967.448	161.089	162.569	0.004897446
5150	5968.611	161.089	162.569	0.004895326
5151	5969.776	160.991	162.472	0.004896682
5152	5970.942	160.991	162.472	0.004896769
5153	5972.107	160.892	162.375	0.004895493
5154	5973.274	160.892	162.375	0.004892437
5155	5974.44	160.794	162.278	0.004892949
5156	5975.604	160.794	162.278	0.004892099
5157	5976.769	160.696	162.181	0.004894565
5158	5977.931	160.696	162.181	0.004893288
5159	5979.099	160.597	162.133	0.004891421
5160	5980.262	160.597	162.133	0.004891849
5161	5981.429	160.498	161.938	0.004889469
5162	5982.595	160.498	161.938	0.004890318
5163	5983.76	160.382	161.84	0.004889301
5164	5984.914	160.382	161.84	0.004889811
5165	5986.079	160.283	161.743	0.0048882
5166	5987.238	160.283	161.743	0.004886923
5167	5988.403	160.184	161.645	0.004887518
5168	5989.569	160.184	161.645	0.004885994
5169	5990.729	160.086	161.547	0.004885909
5170	5991.88	160.086	161.547	0.00488616
5171	5993.046	159.986	161.449	0.004884377
5172	5994.212	159.986	161.449	0.004883613
5173	5995.406	159.886	161.351	0.004883191
5174	5996.57	159.886	161.351	0.004882508
5175	5997.738	159.787	161.252	0.004881753
5176	5998.9	159.787	161.252	0.004881917
5177	6000.061	159.686	161.154	0.004881746
5178	6001.225	159.686	161.154	0.004880135
5179	6002.387	159.587	161.055	0.004878943
5180	6003.55	159.587	161.055	0.004879626
5181	6004.716	159.487	160.956	0.004879794
5182	6005.881	159.487	160.956	0.004881578
5183	6007.044	159.387	160.857	0.004878178
5184	6008.206	159.387	160.857	0.004878099
5185	6009.389	159.287	160.758	0.004879713
5186	6010.552	159.287	160.758	0.00487547
5187	6011.715	159.186	160.659	0.004875976
5188	6012.878	159.186	160.659	0.004875976
5189	6014.044	159.085	160.56	0.004875385
5190	6015.207	159.085	160.56	0.004874366
5191	6016.372	158.985	160.461	0.004874448
5192	6017.535	158.985	160.461	0.00487292
5193	6018.697	158.867	160.361	0.004872496
5194	6019.863	158.867	160.361	0.004871393
5195	6021.024	158.782	160.262	0.004870795
5196	6022.177	158.782	160.262	0.004870546
5197	6023.338	158.665	160.162	0.004870375
5198	6024.504	158.665	160.162	0.004870552
5199	6025.667	158.564	160.062	0.004868847
5200	6026.83	158.564	160.062	0.00486944
5201	6028.009	158.463	159.963	0.004868595
5202	6029.171	158.463	159.963	0.004868847
5203	6030.335	158.361	159.863	0.004868678
5204	6031.605	158.258	159.762	0.004868172
5205	6032.76	158.258	159.762	0.004866641
5206	6033.924	158.156	159.662	0.004867152
5207	6035.092	158.156	159.662	0.004865112
5208	6036.259	158.054	159.561	0.004865792
5209	6037.453	158.054	159.561	0.004864435
5210	6038.619	157.952	159.46	0.004864858
5211	6039.812	157.952	159.46	0.00486435
5212	6040.966	157.849	159.36	0.004864353
5213	6042.129	157.849	159.36	0.004862651
5214	6043.292	157.747	159.259	0.004861802
5215	6044.455	157.747	159.259	0.004861974
5216	6045.619	157.645	159.157	0.004861381
5217	6046.772	157.645	159.157	0.004860953
5218	6047.935	157.541	159.056	0.004860619
5219	6049.101	157.541	159.056	0.004859176
5220	6050.268	157.422	158.954	0.004859682
5221	6051.421	157.422	158.954	0.00486062
5222	6052.585	157.319	158.853	0.004857899
5223	6053.748	157.319	158.853	0.004860193
5224	6054.913	157.216	158.751	0.004857646
5225	6056.063	157.216	158.751	0.004858494
5226	6057.228	157.112	158.649	0.004856623
5227	6058.393	157.112	158.649	0.004856545
5228	6059.559	157.008	158.547	0.004855443
5229	6060.721	157.008	158.547	0.004853909
5230	6061.887	156.905	158.445	0.004853486
5231	6063.055	156.905	158.445	0.004853488
5232	6064.218	156.801	158.343	0.004852724
5233	6065.4	156.801	158.343	0.004853574
5234	6066.565	156.697	158.241	0.004852726
5235	6067.729	156.697	158.241	0.004852555
5236	6068.895	156.592	158.139	0.004851451
5237	6070.05	156.592	158.139	0.004850094
5238	6071.211	156.488	158.036	0.004848732
5239	6072.376	156.488	158.036	0.004849585
5240	6073.53	156.384	157.934	0.004848566
5241	6074.715	156.384	157.934	0.004849839
5242	6075.877	156.278	157.833	0.004846868
5243	6077.041	156.278	157.833	0.004847633
5244	6078.205	156.174	157.731	0.004847125
5245	6079.361	156.174	157.731	0.004846443
5246	6080.525	156.068	157.628	0.004845429
5247	6081.694	156.068	157.628	0.00484509
5248	6082.862	155.963	157.526	0.004843216
5249	6084.03	155.963	157.526	0.004844829
5250	6085.195	155.839	157.371	0.004842962
5251	6086.355	155.839	157.371	0.004842202
5252	6087.522	155.734	157.268	0.004843303
5253	6088.684	155.734	157.268	0.004842368
5254	6089.852	155.628	157.165	0.004841774
5255	6091.047	155.628	157.165	0.004842286
5256	6092.211	155.521	157.061	0.004841521
5257	6093.52	155.415	156.957	0.004840843
5258	6094.684	155.415	156.957	0.00483923
5259	6095.876	155.327	156.852	0.004838297
5260	6097.033	155.327	156.852	0.004838804
5261	6098.188	155.202	156.748	0.004838127
5262	6099.384	155.202	156.748	0.004836767
5263	6100.55	155.095	156.643	0.004837535
5264	6101.714	155.095	156.643	0.004836857
5265	6102.878	154.989	156.538	0.004834818
5266	6104.046	154.989	156.538	0.004835752
5267	6105.208	154.882	156.433	0.00483558
5268	6106.361	154.882	156.433	0.004834059
5269	6107.525	154.775	156.328	0.004833886
5270	6108.692	154.775	156.328	0.004831848
5271	6109.855	154.668	156.222	0.00483219
5272	6111.015	154.668	156.222	0.004830233
5273	6112.18	154.56	156.117	0.00483049
5274	6113.334	154.56	156.117	0.004830485
5275	6114.488	154.452	156.064	0.004830661
5276	6115.651	154.452	156.064	0.004827691
5277	6116.816	154.344	155.905	0.004828111
5278	6117.983	154.344	155.905	0.004829046
5279	6119.148	154.218	155.799	0.004828033
5280	6120.314	154.218	155.799	0.004826843
5281	6121.478	154.109	155.693	0.004824297
5282	6122.642	154.109	155.693	0.004826504
5283	6123.811	154.0	155.586	0.004824205
5284	6124.976	154.0	155.586	0.004823361
5285	6126.144	153.892	155.479	0.004824296
5286	6127.337	153.892	155.479	0.00482404
5287	6128.499	153.782	155.372	0.004821322
5288	6129.67	153.782	155.372	0.004821999
5289	6130.836	153.673	155.265	0.004821918
5290	6132.016	153.673	155.265	0.004821239
5291	6133.185	153.563	155.158	0.004818608
5292	6134.348	153.563	155.158	0.004819798
5293	6135.515	153.454	155.05	0.00481861
5294	6136.68	153.454	155.05	0.004818351
5295	6137.842	153.344	154.942	0.004816826
5296	6139.026	153.344	154.942	0.004815975
5297	6140.183	153.234	154.834	0.004816489
5298	6141.345	153.234	154.834	0.004815217
5299	6142.51	153.124	154.726	0.004816743
5300	6143.677	153.124	154.726	0.00481564
5301	6144.84	153.013	154.617	0.004814961
5302	6146.008	153.013	154.617	0.004814621
5303	6147.175	152.903	154.509	0.004811733
5304	6148.34	152.903	154.509	0.004813006
5305	6149.507	152.792	154.4	0.004811394
5306	6150.674	152.792	154.4	0.004811907
5307	6151.836	152.664	154.291	0.004810038
5308	6153.002	152.664	154.291	0.004811821
5309	6154.173	152.553	154.182	0.004810462
5310	6155.507	152.442	154.072	0.004807834
5311	6156.665	152.442	154.072	0.004808764
5312	6157.831	152.332	153.963	0.004807578
5313	6159.0	152.332	153.963	0.004807068
5314	6160.167	152.22	153.908	0.004806645
5315	6161.365	152.22	153.908	0.004804609
5316	6162.527	152.109	153.743	0.00480562
5317	6163.694	152.109	153.743	0.004804011
5318	6164.856	151.999	153.633	0.004803844
5319	6166.023	151.999	153.633	0.004803335
5320	6167.19	151.887	153.522	0.004803757
5321	6168.358	151.887	153.522	0.00480325
5322	6169.542	151.775	153.411	0.004802061
5323	6170.706	151.775	153.411	0.004801555
5324	6171.872	151.682	153.3	0.004800533
5325	6173.056	151.682	153.3	0.004799088
5326	6174.222	151.552	153.19	0.00479765
5327	6175.419	151.552	153.19	0.004800533
5328	6176.584	151.44	153.078	0.004800195
5329	6177.749	151.44	153.078	0.004798239
5330	6178.916	151.327	152.967	0.004797564
5331	6180.082	151.327	152.967	0.004796539
5332	6181.245	151.216	152.855	0.004796631
5333	6182.416	151.216	152.855	0.004796291
5334	6183.581	151.104	152.744	0.004794763
5335	6184.748	151.104	152.744	0.004795273
5336	6185.916	150.973	152.577	0.004795613
5337	6187.081	150.973	152.577	0.004794429
5338	6188.247	150.86	152.465	0.004794423
5339	6189.408	150.86	152.465	0.004792812
5340	6190.563	150.748	152.353	0.004791198
5341	6191.728	150.748	152.353	0.004790266
5342	6192.896	150.634	152.241	0.004791198
5343	6194.06	150.634	152.241	0.004791707
5344	6195.227	150.521	152.129	0.004789332
5345	6196.397	150.521	152.129	0.00478967
5346	6197.561	150.408	152.017	0.004787549
5347	6198.73	150.408	152.017	0.00478857
5348	6199.897	150.295	151.904	0.004787887
5349	6201.06	150.295	151.904	0.004786958
5350	6202.223	150.181	151.792	0.004786191
5351	6203.389	150.181	151.792	0.004786025
5352	6204.556	150.068	151.679	0.004784748
5353	6205.723	150.068	151.679	0.004783049
5354	6206.886	149.954	151.567	0.004783985
5355	6208.05	149.954	151.567	0.004783646
5356	6209.215	149.84	151.453	0.004783396
5357	6210.493	149.725	151.34	0.004781861
5358	6211.661	149.725	151.34	0.00477915
5359	6212.826	149.611	151.227	0.004781525
5360	6214.024	149.611	151.227	0.004780924
5361	6215.19	149.497	151.114	0.004779147
5362	6216.355	149.497	151.114	0.004778975
5363	6217.521	149.382	151.0	0.004777363
5364	6218.687	149.382	151.0	0.004779493
5365	6219.854	149.248	150.886	0.004776516
5366	6221.021	149.248	150.886	0.004777449
5367	6222.186	149.133	150.772	0.004775072
5368	6223.351	149.133	150.772	0.004774564
5369	6224.518	149.018	150.658	0.004774142
5370	6225.684	149.018	150.658	0.004774735
5371	6226.853	148.902	150.544	0.004773633
5372	6228.02	148.902	150.544	0.00477151
5373	6229.189	148.787	150.43	0.004772016
5374	6230.355	148.787	150.43	0.004772191
5375	6231.521	148.671	150.315	0.004772024
5376	6232.69	148.671	150.315	0.004770663
5377	6233.855	148.556	150.201	0.004770068
5378	6235.021	148.556	150.201	0.004769642
5379	6236.188	148.44	150.085	0.004768542
5380	6237.355	148.44	150.085	0.004767097
5381	6238.522	148.323	149.971	0.004765739
5382	6239.688	148.323	149.971	0.004768033
5383	6240.838	148.207	149.855	0.004766589
5384	6242.008	148.207	149.855	0.004766591
5385	6243.175	148.09	149.74	0.004765825
5386	6244.34	148.09	149.74	0.004763701
5387	6245.504	147.974	149.624	0.00476387
5388	6246.668	147.974	149.624	0.00476328
5389	6247.825	147.876	149.508	0.004762684
5390	6248.989	147.876	149.508	0.004761493
5391	6250.145	147.74	149.393	0.004761242
5392	6251.324	147.74	149.393	0.004760478
5393	6252.486	147.603	149.276	0.004759205
5394	6253.65	147.603	149.276	0.004759796
5395	6254.818	147.486	149.16	0.004759296
5396	6255.983	147.486	149.16	0.004756575
5397	6257.136	147.368	149.044	0.004757846
5398	6258.298	147.368	149.044	0.004755305
5399	6259.481	147.25	148.927	0.00475496
5400	6260.646	147.25	148.927	0.004753433
5401	6261.8	147.132	148.811	0.004754197
5402	6262.966	147.132	148.811	0.0047542
5403	6264.138	147.014	148.694	0.004755558
5404	6265.301	147.014	148.694	0.004752417
5405	6266.467	146.895	148.578	0.004752329
5406	6267.63	146.895	148.578	0.004751143
5407	6268.798	146.777	148.46	0.004750465
5408	6269.964	146.777	148.46	0.004751315
5409	6271.129	146.659	148.342	0.004750042
5410	6272.405	146.539	148.225	0.004748853
5411	6273.567	146.539	148.225	0.004747919
5412	6274.759	146.421	148.107	0.004747154
5413	6275.929	146.421	148.107	0.004747071
5414	6277.09	146.302	147.989	0.004746733
5415	6278.259	146.302	147.989	0.004746477
5416	6279.425	146.182	147.871	0.004746732
5417	6280.589	146.182	147.871	0.004745373
5418	6281.754	146.062	147.753	0.004743677
5419	6282.917	146.062	147.753	0.004743166
5420	6284.081	145.943	147.635	0.004744017
5421	6285.236	145.943	147.635	0.004742736
5422	6286.391	145.803	147.457	0.004743507
5423	6287.541	145.803	147.457	0.004742233
5424	6288.705	145.682	147.338	0.004741721
5425	6289.87	145.682	147.338	0.004739688
5426	6291.022	145.562	147.219	0.004739687
5427	6292.172	145.562	147.219	0.004738587
5428	6293.359	145.442	147.099	0.004738755
5429	6294.509	145.442	147.099	0.004737227
5430	6295.662	145.321	147.04	0.004738334
5431	6296.815	145.321	147.04	0.004736971
5432	6297.98	145.2	146.86	0.00473578
5433	6299.133	145.2	146.86	0.00473578
5434	6300.286	145.08	146.741	0.004735018
5435	6301.454	145.08	146.741	0.00473349
5436	6302.619	144.958	146.621	0.004733066
5437	6303.774	144.958	146.621	0.004732558
5438	6304.943	144.837	146.5	0.004731454
5439	6306.109	144.837	146.5	0.00472967
5440	6307.262	144.716	146.38	0.00473069
5441	6308.43	144.716	146.38	0.004730014
5442	6309.596	144.594	146.26	0.004729248
5443	6310.786	144.594	146.26	0.004729077
5444	6311.952	144.472	146.139	0.004727209
5445	6313.119	144.472	146.139	0.004727892
5446	6314.285	144.35	146.018	0.004727973
5447	6315.45	144.35	146.018	0.004726447
5448	6316.617	144.232	145.897	0.004725685
5449	6317.781	144.232	145.897	0.004724585
5450	6318.949	144.111	145.776	0.004723818
5451	6320.116	144.111	145.776	0.004723052
5452	6321.27	143.968	145.654	0.004721863
5453	6322.435	143.968	145.654	0.004722967
5454	6323.604	143.845	145.533	0.004719919
5455	6324.8	143.845	145.533	0.004720422
5456	6325.964	143.723	145.411	0.004719235
5457	6327.13	143.723	145.411	0.004719063
5458	6328.293	143.599	145.289	0.004718049
5459	6329.461	143.599	145.289	0.004719572
5460	6330.626	143.476	145.167	0.004715926
5461	6331.791	143.476	145.167	0.004717709
5462	6332.942	143.352	145.045	0.004715756
5463	6334.109	143.352	145.045	0.004713124
5464	6335.272	143.228	144.922	0.004713126
5465	6336.44	143.228	144.922	0.004714062
5466	6337.607	143.104	144.8	0.00471236
5467	6338.774	143.104	144.8	0.004713042
5468	6339.928	142.98	144.677	0.004711851
5469	6341.208	142.855	144.615	0.004711597
5470	6342.37	142.855	144.615	0.004712193
5471	6343.518	142.73	144.43	0.004710749
5472	6344.683	142.73	144.43	0.004709729
5473	6345.838	142.605	144.307	0.004709391
5474	6347.005	142.605	144.307	0.004708883
5475	6348.156	142.48	144.183	0.00470642
5476	6349.336	142.48	144.183	0.004706165
5477	6350.502	142.354	144.059	0.004707694
5478	6351.67	142.354	144.059	0.004706165
5479	6352.833	142.228	143.935	0.004705064
5480	6353.999	142.228	143.935	0.004705233
5481	6355.162	142.081	143.81	0.004702855
5482	6356.33	142.081	143.81	0.004703368
5483	6357.496	141.955	143.686	0.004702856
5484	6358.661	141.955	143.686	0.004702433
5485	6359.815	141.829	143.561	0.004702261
5486	6360.969	141.829	143.561	0.00470116
5487	6362.124	141.703	143.437	0.004700052
5488	6363.29	141.703	143.437	0.004699802
5489	6364.456	141.576	143.311	0.004699715
5490	6365.62	141.576	143.311	0.004699545
5491	6366.786	141.449	143.186	0.004696576
5492	6367.954	141.449	143.186	0.004696407
5493	6369.118	141.322	143.061	0.004695303
5494	6370.274	141.322	143.061	0.004695388
5495	6371.457	141.194	142.935	0.004693689
5496	6372.621	141.194	142.935	0.004693693
5497	6373.79	141.066	142.809	0.004693606
5498	6374.961	141.066	142.809	0.004692927
5499	6376.13	140.939	142.683	0.004692843
5500	6377.294	140.939	142.683	0.004691228
5501	6378.461	140.81	142.556	0.004690211
5502	6379.625	140.81	142.556	0.004690045
5503	6380.791	140.682	142.43	0.004688685
5504	6381.962	140.682	142.43	0.004688172
5505	6383.156	140.554	142.303	0.004686391
5506	6384.321	140.554	142.303	0.004686564
5507	6385.486	140.425	142.176	0.004686225
5508	6386.651	140.425	142.176	0.004684866
5509	6387.818	140.296	141.985	0.00468393
5510	6388.984	140.296	141.985	0.004685293
5511	6390.147	140.146	141.857	0.004683169
5512	6391.309	140.146	141.857	0.004682578
5513	6392.475	140.016	141.73	0.004682403
5514	6393.644	140.016	141.73	0.004680789
5515	6394.809	139.887	141.601	0.004680707
5516	6395.977	139.887	141.601	0.004679858
5517	6397.146	139.757	141.473	0.004678751
5518	6398.314	139.757	141.473	0.00467918
5519	6399.467	139.627	141.345	0.004677908
5520	6400.633	139.627	141.345	0.004676377
5521	6401.799	139.497	141.216	0.004675787
5522	6402.962	139.497	141.216	0.004675023
5523	6404.128	139.366	141.087	0.004675787
5524	6405.419	139.235	140.958	0.004674255
5525	6406.576	139.235	140.958	0.004674767
5526	6407.731	139.104	140.829	0.004673831
5527	6408.902	139.104	140.829	0.004673071
5528	6410.069	138.972	140.699	0.004671881
5529	6411.253	138.972	140.699	0.004670526
5530	6412.41	138.841	140.569	0.004670607
5531	6413.576	138.841	140.569	0.004670097
5532	6414.747	138.709	140.439	0.004668912
5533	6415.916	138.709	140.439	0.004668317
5534	6417.081	138.578	140.308	0.004668061
5535	6418.246	138.578	140.308	0.004668065
5536	6419.41	138.445	140.178	0.004666448
5537	6420.566	138.445	140.178	0.004665433
5538	6421.734	138.292	140.047	0.004663987
5539	6422.901	138.292	140.047	0.004665177
5540	6424.068	138.16	139.916	0.004663735
5541	6425.231	138.16	139.916	0.004663564
5542	6426.395	138.029	139.785	0.004661611
5543	6427.565	138.029	139.785	0.004661698
5544	6428.732	137.896	139.654	0.004661866
5545	6429.9	137.896	139.654	0.004659321
5546	6431.065	137.764	139.522	0.004660253
5547	6432.232	137.764	139.522	0.004660088
5548	6433.397	137.632	139.39	0.004658388
5549	6434.562	137.632	139.39	0.00465813
5550	6435.727	137.499	139.258	0.00465567
5551	6436.895	137.499	139.258	0.004654988
5552	6438.05	137.366	139.125	0.004655247
5553	6439.221	137.366	139.125	0.004654997
5554	6440.388	137.234	138.993	0.004653633
5555	6441.556	137.234	138.993	0.00465355
5556	6442.721	137.101	138.86	0.004651768
5557	6443.888	137.101	138.86	0.004652531
5558	6445.05	136.968	138.726	0.004650749
5559	6446.214	136.968	138.726	0.004652787
5560	6447.398	136.835	138.594	0.004648883
5561	6448.566	136.835	138.594	0.004649307
5562	6449.763	136.702	138.461	0.004650155
5563	6450.93	136.702	138.461	0.004647865
5564	6452.097	136.569	138.328	0.004646673
5565	6453.263	136.569	138.328	0.004646937
5566	6454.428	136.435	138.195	0.004644809
5567	6455.595	136.435	138.195	0.004643025
5568	6456.763	136.279	138.062	0.004643448
5569	6457.925	136.279	138.062	0.004642685
5570	6459.094	136.146	137.929	0.004642179
5571	6460.26	136.146	137.929	0.004641077
5572	6461.427	136.012	137.795	0.004639889
5573	6462.591	136.012	137.795	0.004639887
5574	6463.754	135.878	137.662	0.00463921
5575	6465.054	135.744	137.528	0.004638697
5576	6466.217	135.744	137.528	0.004636664
5577	6467.396	135.61	137.394	0.00463632
5578	6468.563	135.61	137.394	0.004635899
5579	6469.73	135.475	137.26	0.004635389
5580	6470.891	135.475	137.26	0.004633604
5581	6472.058	135.341	137.127	0.004634203
5582	6473.227	135.341	137.127	0.004633439
5583	6474.389	135.206	136.992	0.004633862
5584	6475.555	135.206	136.992	0.004633015
5585	6476.722	135.094	136.858	0.004633613
5586	6477.891	135.094	136.858	0.004631485
5587	6479.058	134.937	136.723	0.004630215
5588	6480.227	134.937	136.723	0.004631231
5589	6481.428	134.802	136.589	0.004627411
5590	6482.596	134.802	136.589	0.004628942
5591	6483.76	134.667	136.453	0.004626477
5592	6484.927	134.667	136.453	0.004626481
5593	6486.094	134.531	136.319	0.004624953
5594	6487.263	134.531	136.319	0.004625291
5595	6488.432	134.396	136.184	0.00462308
5596	6489.598	134.396	136.184	0.004624188
5597	6490.793	134.238	135.981	0.004621558
5598	6491.959	134.238	135.981	0.004622998
5599	6493.122	134.102	135.846	0.004622066
5600	6494.292	134.102	135.846	0.004619518
5601	6495.462	133.966	135.71	0.004621216
5602	6496.627	133.966	135.71	0.004620121
5603	6497.795	133.831	135.643	0.004618417
5604	6498.957	133.831	135.643	0.004617233
5605	6500.128	133.695	135.439	0.00461638
5606	6501.294	133.695	135.439	0.004616377
5607	6502.456	133.558	135.304	0.004615618
5608	6503.626	133.558	135.304	0.004616041
5609	6504.794	133.422	135.168	0.004614939
5610	6505.962	133.422	135.168	0.004613835
5611	6507.124	133.286	135.032	0.004612986
5612	6508.293	133.286	135.032	0.00461316
5613	6509.459	133.149	134.963	0.004611287
5614	6510.623	133.149	134.963	0.004610527
5615	6511.787	133.012	134.759	0.004609675
5616	6512.951	133.012	134.759	0.004607809
5617	6514.118	132.876	134.622	0.00460781
5618	6515.286	132.876	134.622	0.004607978
5619	6516.478	132.739	134.486	0.004607298
5620	6517.645	132.739	134.486	0.004607645
5621	6518.812	132.602	134.349	0.004605181
5622	6520.093	132.465	134.212	0.004604755
5623	6521.254	132.465	134.212	0.00460255
5624	6522.413	132.328	134.144	0.004602122
5625	6523.573	132.328	134.144	0.004603057
5626	6524.739	132.167	133.938	0.004602124
5627	6525.904	132.167	133.938	0.00459915
5628	6527.072	132.03	133.8	0.00459907
5629	6528.238	132.03	133.8	0.004598389
5630	6529.423	131.892	133.663	0.00459788
5631	6530.587	131.892	133.663	0.00459831
5632	6531.782	131.754	133.526	0.004596944
5633	6532.948	131.754	133.526	0.004597716
5634	6534.115	131.618	133.388	0.004594991
5635	6535.281	131.618	133.388	0.004594997
5636	6536.446	131.481	133.25	0.004595848
5637	6537.609	131.481	133.25	0.004594057
5638	6538.774	131.341	133.181	0.004592789
5639	6539.942	131.341	133.181	0.004592531
5640	6541.109	131.202	132.974	0.004592876
5641	6542.278	131.202	132.974	0.004590838
5642	6543.472	131.063	132.835	0.004589819
5643	6544.635	131.063	132.835	0.004588798
5644	6545.802	130.924	132.697	0.004587361
5645	6546.967	130.924	132.697	0.004588121
5646	6548.129	130.785	132.558	0.00458634
5647	6549.295	130.785	132.558	0.004585405
5648	6550.462	130.668	132.419	0.004585068
5649	6551.625	130.668	132.419	0.004584132
5650	6552.788	130.506	132.28	0.004584048
5651	6553.956	130.506	132.28	0.004583714
5652	6555.117	130.367	132.14	0.004582352
5653	6556.285	130.367	132.14	0.004579974
5654	6557.48	130.228	132.071	0.004580231
5655	6558.645	130.228	132.071	0.004579465
5656	6559.813	130.065	131.862	0.004579295
5657	6560.977	130.065	131.862	0.004579127
5658	6562.139	129.925	131.722	0.004579131
5659	6563.31	129.925	131.722	0.004576329
5660	6564.473	129.785	131.583	0.004575902
5661	6565.637	129.785	131.583	0.004576244
5662	6566.802	129.645	131.443	0.004574884
5663	6567.95	129.645	131.443	0.004575054
5664	6569.101	129.505	131.304	0.004573442
5665	6570.259	129.505	131.304	0.004572846
5666	6571.42	129.365	131.163	0.004573613
5667	6572.584	129.365	131.163	0.004571319
5668	6573.745	129.224	131.023	0.004571154
5669	6574.911	129.224	131.023	0.00457039
5670	6576.081	129.084	130.883	0.004566989
5671	6577.249	129.084	130.883	0.004570982
5672	6578.438	128.943	130.813	0.004568095
5673	6579.716	128.943	130.602	0.004568779
5674	6580.878	128.802	130.602	0.004566228
5675	6582.03	128.661	130.461	0.004565804
5676	6583.195	128.661	130.461	0.004564869
5677	6584.343	128.519	130.321	0.004562659
5678	6585.494	128.519	130.321	0.004562154
5679	6586.654	128.379	130.18	0.004562153
5680	6587.817	128.379	130.18	0.004561218
5681	6588.979	128.237	130.039	0.004560797
5682	6590.131	128.237	130.039	0.004559606
5683	6591.294	128.095	129.827	0.004559182
5684	6592.458	128.095	129.827	0.004558252
5685	6593.621	127.93	129.685	0.004559787
5686	6594.774	127.93	129.685	0.004556809
5687	6595.938	127.787	129.544	0.004556134
5688	6597.101	127.787	129.544	0.004554434
5689	6598.253	127.645	129.402	0.004553497
5690	6599.434	127.645	129.402	0.004553665
5691	6600.6	127.503	129.261	0.004553414
5692	6601.761	127.503	129.261	0.004551292
5693	6602.925	127.36	129.118	0.004550698
5694	6604.077	127.36	129.118	0.004550189
5695	6605.244	127.218	128.977	0.004551122
5696	6606.393	127.218	128.977	0.00455019
5697	6607.558	127.075	128.834	0.004549515
5698	6608.717	127.075	128.834	0.004547471
5699	6609.871	126.932	128.692	0.004548918
5700	6611.019	126.932	128.692	0.004547304
5701	6612.179	126.789	128.549	0.00454671
5702	6613.358	126.789	128.549	0.004546455
5703	6614.517	126.646	128.406	0.004543821
5704	6615.68	126.646	128.406	0.004545094
5705	6616.843	126.502	128.263	0.004542635
5706	6618.003	126.502	128.263	0.004543234
5707	6619.165	126.359	128.12	0.004541109
5708	6620.329	126.359	128.12	0.004538137
5709	6621.491	126.215	127.977	0.004539413
5710	6622.656	126.215	127.977	0.004540261
5711	6623.821	126.071	127.833	0.004538563
5712	6624.982	126.071	127.833	0.00453763
5713	6626.146	125.902	127.689	0.004536523
5714	6627.309	125.902	127.689	0.004535934
5715	6628.462	125.758	127.545	0.004535847
5716	6629.623	125.758	127.545	0.00453509
5717	6630.787	125.614	127.401	0.004533811
5718	6631.952	125.614	127.401	0.004533557
5719	6633.105	125.47	127.257	0.00453211
5720	6634.298	125.47	127.257	0.004532202
5721	6635.462	125.326	127.113	0.004531945
5722	6636.614	125.326	127.113	0.004529567
5723	6637.767	125.182	126.968	0.004529994
5724	6638.928	125.182	126.968	0.004528461
5725	6640.078	125.037	126.823	0.004527532
5726	6641.23	125.037	126.823	0.004528214
5727	6642.381	124.892	126.678	0.004526595
5728	6643.53	124.892	126.678	0.004527615
5729	6644.695	124.748	126.533	0.004526427
5730	6645.839	124.748	126.533	0.00452303
5731	6646.988	124.604	126.388	0.004523799
5732	6648.138	124.604	126.388	0.004521593
5733	6649.285	124.46	126.242	0.00452125
5734	6650.434	124.46	126.242	0.004521423
5735	6651.585	124.315	126.096	0.004519129
5736	6652.733	124.315	126.096	0.004520318
5737	6653.878	124.171	125.95	0.004518367
5738	6655.024	124.171	125.95	0.004517688
5739	6656.175	124.026	125.804	0.004518115
5740	6657.355	124.026	125.804	0.004516753
5741	6658.499	123.882	125.658	0.004516498
5742	6659.647	123.882	125.658	0.004515228
5743	6660.791	123.713	125.513	0.00451497
5744	6661.941	123.713	125.513	0.004513869
5745	6663.09	123.568	125.367	0.00451404
5746	6664.235	123.568	125.367	0.004513109
5747	6665.385	123.423	125.221	0.004511152
5748	6666.533	123.423	125.221	0.004510306
5749	6667.678	123.278	125.075	0.004509032
5750	6668.828	123.278	125.075	0.004508608
5751	6669.984	123.133	124.929	0.004508269
5752	6671.131	123.133	124.929	0.004507331
5753	6672.278	122.988	124.783	0.004505806
5754	6673.444	122.988	124.783	0.004506404
5755	6674.593	122.843	124.637	0.004503859
5756	6675.743	122.843	124.637	0.004504533
5757	6676.892	122.698	124.491	0.004502836
5758	6678.04	122.698	124.491	0.004502242
5759	6679.189	122.552	124.344	0.004502583
5760	6680.357	122.552	124.344	0.004500461
5761	6681.505	122.407	124.198	0.004500716
5762	6682.655	122.407	124.198	0.004500121
5763	6683.807	122.261	124.052	0.004498509
5764	6684.954	122.261	124.052	0.004497743
5765	6686.101	122.115	123.905	0.00449766
5766	6687.253	122.115	123.905	0.004495541
5767	6688.4	121.97	123.759	0.004496812
5768	6689.545	121.97	123.759	0.004494352
5769	6690.729	121.824	123.612	0.004494603
5770	6691.875	121.824	123.612	0.004494437
5771	6693.022	121.679	123.465	0.004493672
5772	6694.169	121.679	123.465	0.004492056
5773	6695.322	121.508	123.245	0.004492484
5774	6696.481	121.508	123.245	0.004490622
5775	6697.632	121.362	123.098	0.004491126
5776	6698.779	121.362	123.098	0.004489684
5777	6699.924	121.216	122.951	0.004489261
5778	6701.071	121.216	122.951	0.004486626
5779	6702.222	121.07	122.805	0.004486033
5780	6703.397	121.07	122.805	0.004486376
5781	6704.543	120.923	122.658	0.004485696
5782	6705.69	120.923	122.658	0.004483404
5783	6706.842	120.777	122.51	0.004482981
5784	6707.994	120.777	122.51	0.004484592
5785	6709.141	120.631	122.363	0.004481706
5786	6710.289	120.631	122.363	0.004479754
5787	6711.437	120.485	122.216	0.0044795
5788	6712.588	120.485	122.216	0.004479497
5789	6713.734	120.338	122.142	0.00447831
5790	6714.888	120.338	122.142	0.004477378
5791	6716.033	120.191	121.92	0.00447619
5792	6717.188	120.191	121.92	0.004476102
5793	6718.335	120.044	121.773	0.004475426
5794	6719.483	120.044	121.773	0.004473812
5795	6720.633	119.897	121.625	0.004473896
5796	6721.773	119.897	121.625	0.004471689
5797	6722.919	119.749	121.477	0.004472287
5798	6724.067	119.749	121.477	0.004470589
5799	6725.218	119.602	121.329	0.004471102
5800	6726.499	119.602	121.18	0.004468719
5801	6727.674	119.455	121.18	0.004469404
5802	6728.827	119.283	121.032	0.004467958
5803	6729.98	119.283	121.032	0.004467283
5804	6731.129	119.161	120.884	0.004467796
5805	6732.28	119.161	120.884	0.004466345
5806	6733.441	118.988	120.736	0.004464313
5807	6734.588	118.988	120.736	0.004463966
5808	6735.737	118.841	120.587	0.00446304
5809	6736.886	118.841	120.587	0.004461676
5810	6738.036	118.692	120.439	0.004463037
5811	6739.215	118.692	120.439	0.004461678
5812	6740.364	118.545	120.289	0.004461682
5813	6741.511	118.545	120.289	0.004459725
5814	6742.659	118.397	120.141	0.004458193
5815	6743.81	118.397	120.141	0.004457858
5816	6744.958	118.249	119.992	0.004457858
5817	6746.105	118.249	119.992	0.004456928
5818	6747.259	118.101	119.917	0.004455227
5819	6748.406	118.101	119.917	0.004455313
5820	6749.554	117.952	119.694	0.004455059
5821	6750.701	117.952	119.694	0.004452259
5822	6751.849	117.804	119.545	0.004452343
5823	6752.999	117.804	119.545	0.004452089
5824	6754.164	117.654	119.395	0.004452175
5825	6755.311	117.654	119.395	0.00444852
5826	6756.46	117.506	119.245	0.004449459
5827	6757.608	117.506	119.245	0.004448609
5828	6758.789	117.357	119.096	0.004447591
5829	6759.941	117.357	119.096	0.004446062
5830	6761.087	117.207	118.946	0.004445896
5831	6762.233	117.207	118.946	0.004446827
5832	6763.411	117.033	118.796	0.00444335
5833	6764.559	117.033	118.796	0.004443008
5834	6765.709	116.884	118.646	0.004443944
5835	6766.855	116.884	118.646	0.004442499
5836	6768.005	116.734	118.496	0.004442074
5837	6769.163	116.734	118.496	0.004441141
5838	6770.311	116.584	118.346	0.004440375
5839	6771.494	116.584	118.346	0.00444021
5840	6772.642	116.434	118.196	0.004437834
5841	6773.788	116.434	118.196	0.004436476
5842	6774.938	116.284	118.045	0.004436479
5843	6776.089	116.284	118.045	0.004435884
5844	6777.235	116.134	117.895	0.004436221
5845	6778.38	116.134	117.895	0.004434949
5846	6779.525	115.984	117.744	0.004432571
5847	6780.676	115.984	117.744	0.004434524
5848	6781.823	115.833	117.593	0.004432485
5849	6782.975	115.833	117.593	0.004430875
5850	6784.125	115.682	117.517	0.004430025
5851	6785.271	115.682	117.517	0.004428666
5852	6786.42	115.532	117.29	0.004428922
5853	6787.57	115.532	117.29	0.004426971
5854	6788.728	115.38	117.139	0.004426887
5855	6789.868	115.38	117.139	0.004425696
5856	6791.019	115.229	116.987	0.00442536
5857	6792.165	115.229	116.987	0.004424937
5858	6793.328	115.078	116.835	0.00442383
5859	6794.474	115.078	116.835	0.004423234
5860	6795.624	114.926	116.683	0.004422726
5861	6796.774	114.926	116.683	0.004421368
5862	6797.922	114.749	116.455	0.00442103
5863	6799.085	114.749	116.455	0.004418738
5864	6800.231	114.597	116.302	0.004418058
5865	6801.411	114.597	116.302	0.00441687
5866	6802.558	114.444	116.15	0.004416023
5867	6803.702	114.444	116.15	0.004415853
5868	6804.851	114.299	115.997	0.004415174
5869	6805.996	114.299	115.997	0.004414749
5870	6807.142	114.174	115.845	0.004414242
5871	6808.288	114.174	115.845	0.004412714
5872	6809.464	113.997	115.693	0.004411523
5873	6810.614	113.997	115.693	0.004411861
5874	6811.761	113.844	115.541	0.004410079
5875	6812.912	113.844	115.541	0.004409655
5876	6814.059	113.692	115.388	0.004409321
5877	6815.207	113.692	115.388	0.004408386
5878	6816.354	113.539	115.235	0.004407368
5879	6817.503	113.539	115.235	0.004406772
5880	6818.654	113.386	115.082	0.004406688
5881	6819.802	113.386	115.082	0.004405499
5882	6820.949	113.233	114.928	0.004404482
5883	6822.093	113.233	114.928	0.004404055
5884	6823.244	113.079	114.774	0.004402446
5885	6824.391	113.079	114.774	0.004401851
5886	6825.54	112.926	114.62	0.004399816
5887	6826.691	112.926	114.62	0.004401852
5888	6827.851	112.772	114.465	0.004398457
5889	6828.997	112.772	114.465	0.004397689
5890	6830.154	112.619	114.31	0.004397354
5891	6831.299	112.619	114.31	0.004395484
5892	6832.443	112.44	114.155	0.004395993
5893	6833.594	112.44	114.155	0.004396079
5894	6834.754	112.286	114.0	0.004394552
5895	6835.902	112.286	114.0	0.004393534
5896	6837.05	112.132	113.844	0.004392005
5897	6838.199	112.132	113.844	0.004392861
5898	6839.377	111.978	113.689	0.004390138
5899	6840.524	111.978	113.689	0.004390058
5900	6841.673	111.825	113.534	0.004389376
5901	6842.822	111.825	113.534	0.004389126
5902	6843.966	111.671	113.378	0.004387422
5903	6845.115	111.671	113.378	0.004386577
5904	6846.265	111.517	113.223	0.004386067
5905	6847.419	111.517	113.223	0.004386149
5906	6848.567	111.363	113.067	0.004383947
5907	6849.718	111.363	113.067	0.004384882
5908	6850.868	111.209	112.912	0.004382843
5909	6852.015	111.209	112.912	0.004381912
5910	6853.16	111.054	112.756	0.004381656
5911	6854.311	111.054	112.756	0.004380213
5912	6855.457	110.9	112.6	0.004380214
5913	6856.604	110.9	112.6	0.004379279
5914	6857.754	110.746	112.444	0.004378089
5915	6858.904	110.746	112.444	0.004377664
5916	6860.054	110.592	112.288	0.004376732
5917	6861.205	110.592	112.288	0.004375036
5918	6862.354	110.437	112.132	0.004374778
5919	6863.516	110.437	112.132	0.004372914
5920	6864.663	110.282	111.976	0.004373084
5921	6865.813	110.282	111.976	0.004372149
5922	6866.965	110.102	111.82	0.00437096
5923	6868.112	110.102	111.82	0.004369093
5924	6869.257	109.947	111.664	0.004369601
5925	6870.41	109.947	111.664	0.004368331
5926	6871.559	109.792	111.507	0.004368839
5927	6872.708	109.792	111.507	0.004367397
5928	6873.854	109.638	111.351	0.004366806
5929	6875.002	109.638	111.351	0.0043668
5930	6876.153	109.483	111.194	0.004366124
5931	6877.293	109.483	111.194	0.004363745
5932	6878.44	109.328	111.037	0.004363663
5933	6879.59	109.328	111.037	0.004362899
5934	6880.741	109.173	110.881	0.004361371
5935	6881.891	109.173	110.881	0.004360352
5936	6883.038	109.044	110.724	0.004360527
5937	6884.189	109.044	110.724	0.004360266
5938	6885.367	108.862	110.568	0.004358993
5939	6886.519	108.862	110.568	0.004357805
5940	6887.666	108.707	110.411	0.004353899
5941	6888.815	108.707	110.411	0.004355343
5942	6889.974	108.551	110.254	0.004354501
5943	6891.14	108.551	110.254	0.00435382
5944	6892.292	108.396	110.097	0.004353478
5945	6893.456	108.396	110.097	0.004352968
5946	6894.605	108.24	109.94	0.004352037
5947	6895.757	108.24	109.94	0.004351099
5948	6896.903	108.083	109.782	0.004351187
5949	6898.051	108.083	109.782	0.004349748
5950	6899.197	107.928	109.625	0.004348046
5951	6900.351	107.928	109.625	0.004348641
5952	6901.528	107.745	109.388	0.00434652
5953	6902.673	107.745	109.388	0.004346523
5954	6903.823	107.588	109.23	0.004343717
5955	6904.971	107.588	109.23	0.004344568
5956	6906.119	107.432	109.151	0.004343973
5957	6907.265	107.432	109.151	0.004342531
5958	6908.415	107.275	108.914	0.004341344
5959	6909.564	107.275	108.914	0.004340325
5960	6910.708	107.118	108.756	0.004340156
5961	6911.856	107.118	108.756	0.004337267
5962	6913.027	106.961	108.597	0.00433897
5963	6914.179	106.961	108.597	0.004338888
5964	6915.329	106.804	108.439	0.00433744
5965	6916.476	106.804	108.439	0.004335405
5966	6917.624	106.646	108.281	0.004335912
5967	6918.773	106.646	108.281	0.004332859
5968	6919.921	106.489	108.122	0.004332517
5969	6921.073	106.489	108.122	0.004332689
5970	6922.221	106.331	107.963	0.00433116
5971	6923.399	106.331	107.963	0.00432946
5972	6924.554	106.174	107.804	0.004331077
5973	6925.702	106.174	107.804	0.004328952
5974	6926.854	106.016	107.645	0.004327006
5975	6928.002	106.016	107.645	0.004328024
5976	6929.154	105.858	107.486	0.004327002
5977	6930.3	105.858	107.486	0.004325815
5978	6931.479	105.699	107.326	0.004325813
5979	6932.626	105.699	107.326	0.004324965
5980	6933.777	105.567	107.167	0.004323437
5981	6934.929	105.567	107.167	0.004322251
5982	6936.079	105.354	107.007	0.004321995
5983	6937.227	105.354	107.007	0.004322503
5984	6938.374	105.195	106.847	0.004320469
5985	6939.524	105.195	106.847	0.004318519
5986	6940.673	105.036	106.687	0.004317922
5987	6941.823	105.036	106.687	0.00431741
5988	6942.967	104.876	106.526	0.004316308
5989	6944.115	104.876	106.526	0.004314443
5990	6945.263	104.717	106.366	0.00431461
5991	6946.414	104.717	106.366	0.004314189
5992	6947.596	104.557	106.205	0.004312491
5993	6948.743	104.557	106.205	0.004312577
5994	6949.896	104.398	106.044	0.004311219
5995	6951.044	104.398	106.044	0.004310877
5996	6952.204	104.237	105.964	0.004309014
5997	6953.38	104.237	105.964	0.004307399
5998	6954.533	104.077	105.722	0.004307398
5999	6955.683	104.077	105.722	0.004306636
6000	6956.834	103.916	105.561	0.00430672
6001	6957.986	103.916	105.561	0.004304255
6002	6959.135	103.754	105.399	0.004302135
6003	6960.286	103.754	105.399	0.004302562
6004	6961.435	103.593	105.237	0.004302306
6005	6962.716	103.432	105.075	0.004300353
6006	6963.874	103.432	105.075	0.004300438
6007	6965.022	103.271	104.912	0.004298997
6008	6966.174	103.271	104.912	0.004298912
6009	6967.334	103.111	104.749	0.004297809
6010	6968.479	103.111	104.749	0.004297468
6011	6969.632	102.923	104.586	0.004296537
6012	6970.815	102.923	104.586	0.004294328
6013	6971.969	102.762	104.423	0.004294245
6014	6973.115	102.762	104.423	0.004293737
6015	6974.263	102.628	104.26	0.004292893
6016	6975.445	102.628	104.26	0.004292209
6017	6976.584	102.441	104.096	0.004290085
6018	6977.73	102.441	104.096	0.004288811
6019	6978.878	102.28	103.932	0.004289492
6020	6980.027	102.28	103.932	0.004286606
6021	6981.177	102.118	103.768	0.004287286
6022	6982.325	102.118	103.768	0.00428805
6023	6983.474	101.957	103.603	0.004285761
6024	6984.625	101.957	103.603	0.00428559
6025	6985.778	101.796	103.439	0.004284146
6026	6986.928	101.796	103.439	0.004282111
6027	6988.076	101.635	103.274	0.00428186
6028	6989.227	101.635	103.274	0.00428245
6029	6990.374	101.474	103.11	0.00427999
6030	6991.522	101.474	103.11	0.004278883
6031	6992.673	101.312	102.946	0.004279141
6032	6993.825	101.312	102.946	0.004276931
6033	6994.973	101.15	102.864	0.004277696
6034	6996.122	101.15	102.864	0.004276765
6035	6997.268	100.988	102.698	0.004275999
6036	6998.415	100.988	102.698	0.004273879
6037	6999.565	100.827	102.452	0.004274813
6038	7000.718	100.827	102.452	0.004273539
6039	7001.867	100.691	102.369	0.004272436
6040	7003.019	100.691	102.369	0.004271416
6041	7004.168	100.475	102.04	0.004270992
6042	7005.323	100.475	102.04	0.004266918
6043	7006.467	100.313	101.875	0.004268024
6044	7007.615	100.313	101.875	0.00426692
6045	7008.763	100.151	101.71	0.00426658
6046	7009.914	100.151	101.71	0.004265221
6047	7011.062	99.988	101.545	0.004264457
6048	7012.21	99.988	101.545	0.004264799
6049	7013.374	99.826	101.38	0.004263183
6050	7014.525	99.826	101.38	0.004262335
6051	7015.674	99.662	101.215	0.004260556
6052	7016.824	99.662	101.215	0.004260301
6053	7017.972	99.501	101.05	0.00425911
6054	7019.12	99.501	101.05	0.004258519
6055	7020.271	99.34	100.884	0.00425665
6056	7021.424	99.34	100.884	0.004256397
6057	7022.586	99.177	100.718	0.004256824
6058	7023.737	99.177	100.718	0.004255292
6059	7024.887	99.013	100.552	0.004254701
6060	7026.035	99.013	100.552	0.004253425
6061	7027.187	98.849	100.386	0.004251475
6062	7028.34	98.849	100.386	0.004250799
6063	7029.492	98.685	100.22	0.004249945
6064	7030.644	98.685	100.22	0.004250799
6065	7031.799	98.521	100.053	0.004248082
6066	7032.943	98.521	100.053	0.004249016
6067	7034.094	98.356	99.887	0.004247315
6068	7035.247	98.356	99.887	0.004246637
6069	7036.395	98.164	99.72	0.004245277
6070	7037.546	98.164	99.72	0.00424443
6071	7038.692	98.0	99.553	0.004244688
6072	7039.842	98.0	99.553	0.004242483
6073	7040.992	97.834	99.386	0.004240867
6074	7042.14	97.834	99.386	0.004241033
6075	7043.292	97.669	99.219	0.004238237
6076	7044.442	97.669	99.219	0.004238151
6077	7045.59	97.504	99.051	0.004237558
6078	7046.739	97.504	99.051	0.004237137
6079	7047.888	97.337	98.884	0.004236627
6080	7049.04	97.337	98.884	0.004234246
6081	7050.19	97.171	98.716	0.004233828
6082	7051.339	97.171	98.716	0.004232212
6083	7052.49	97.005	98.548	0.004232721
6084	7053.639	97.005	98.548	0.004230683
6085	7054.792	96.839	98.379	0.004229156
6086	7055.938	96.839	98.379	0.004228648
6087	7057.086	96.672	98.211	0.004228478
6088	7058.236	96.672	98.211	0.004227716
6089	7059.418	96.505	98.042	0.004227629
6090	7060.564	96.505	98.042	0.004226952
6091	7061.71	96.338	97.873	0.004225252
6092	7062.859	96.338	97.873	0.004225676
6093	7064.009	96.17	97.704	0.004223725
6094	7065.163	96.17	97.704	0.00422101
6095	7066.311	96.003	97.535	0.004220584
6096	7067.492	96.003	97.535	0.00422067
6097	7068.643	95.835	97.365	0.004218631
6098	7069.797	95.835	97.365	0.004218547
6099	7070.947	95.639	97.195	0.004218039
6100	7072.098	95.639	97.195	0.004217532
6101	7073.25	95.47	97.025	0.00421456
6102	7074.4	95.47	97.025	0.004214644
6103	7075.546	95.301	96.854	0.004212776
6104	7076.697	95.301	96.854	0.00421337
6105	7077.848	95.132	96.684	0.004212694
6106	7078.997	95.132	96.684	0.004212013
6107	7080.149	94.962	96.512	0.004209297
6108	7081.299	94.962	96.512	0.004210402
6109	7082.447	94.792	96.341	0.004209898
6110	7083.602	94.792	96.341	0.004208199
6111	7084.747	94.622	96.169	0.004207942
6112	7085.899	94.622	96.169	0.004206924
6113	7087.051	94.451	95.997	0.004203955
6114	7088.199	94.451	95.997	0.004203865
6115	7089.373	94.279	95.825	0.004204292
6116	7090.521	94.279	95.825	0.00420217
6117	7091.67	94.108	95.652	0.00420022
6118	7092.827	94.108	95.652	0.004200475
6119	7093.975	93.936	95.479	0.004200473
6120	7095.125	93.936	95.479	0.004199624
6121	7096.272	93.764	95.306	0.004197505
6122	7097.457	93.764	95.306	0.004195972
6123	7098.608	93.591	95.132	0.004196569
6124	7099.761	93.591	95.132	0.004194955
6125	7100.91	93.418	94.958	0.00419343
6126	7102.063	93.418	94.958	0.00419173
6127	7103.21	93.245	94.784	0.004193944
6128	7104.361	93.245	94.784	0.004190797
6129	7105.512	93.042	94.521	0.004190799
6130	7106.661	93.042	94.521	0.004189951
6131	7107.812	92.869	94.346	0.004187997
6132	7108.96	92.869	94.346	0.004187658
6133	7110.114	92.695	94.17	0.004187912
6134	7111.265	92.695	94.17	0.004187829
6135	7112.418	92.521	93.994	0.004186641
6136	7113.573	92.521	93.994	0.004185372
6137	7114.719	92.347	93.817	0.004186138
6138	7115.869	92.347	93.817	0.004182139
6139	7117.022	92.173	93.64	0.004182144
6140	7118.172	92.173	93.64	0.00417985
6141	7119.323	91.998	93.551	0.004179087
6142	7120.475	91.998	93.551	0.004178492
6143	7121.628	91.823	93.285	0.004177813
6144	7122.779	91.823	93.285	0.004176969
6145	7123.934	91.648	93.108	0.004175442
6146	7125.086	91.648	93.108	0.004174505
6147	7126.236	91.474	92.93	0.004172723
6148	7127.389	91.474	92.93	0.004172385
6149	7128.536	91.298	92.752	0.004172132
6150	7129.689	91.298	92.752	0.004170603
6151	7130.842	91.123	92.574	0.004169926
6152	7132.007	91.123	92.574	0.004168735
6153	7133.162	90.947	92.395	0.004168142
6154	7134.315	90.947	92.395	0.0041656
6155	7135.498	90.771	92.216	0.004164919
6156	7136.651	90.771	92.216	0.004163899
6157	7137.803	90.624	92.037	0.004163644
6158	7138.957	90.624	92.037	0.004162624
6159	7140.107	90.389	91.858	0.00416254
6160	7141.259	90.389	91.858	0.004160929
6161	7142.411	90.212	91.679	0.004159908
6162	7143.563	90.212	91.679	0.004157363
6163	7144.717	90.035	91.589	0.004157956
6164	7145.866	90.035	91.589	0.004156088
6165	7147.018	89.858	91.32	0.004156345
6166	7148.169	89.858	91.32	0.00415448
6167	7149.325	89.681	91.14	0.004153969
6168	7150.476	89.681	91.14	0.004152271
6169	7151.628	89.502	90.959	0.004150148
6170	7152.78	89.502	90.959	0.004151
6171	7153.93	89.325	90.779	0.00414981
6172	7155.079	89.325	90.779	0.004148203
6173	7156.223	89.147	90.598	0.004146667
6174	7157.384	89.147	90.598	0.004147436
6175	7158.538	88.968	90.417	0.004147011
6176	7159.688	88.968	90.417	0.004146076
6177	7160.841	88.79	90.236	0.004144719
6178	7161.993	88.79	90.236	0.004143787
6179	7163.154	88.61	90.054	0.004141067
6180	7164.307	88.61	90.054	0.004140135
6181	7165.458	88.431	89.872	0.004141415
6182	7166.609	88.431	89.872	0.004139964
6183	7167.761	88.251	89.689	0.004138354
6184	7168.912	88.251	89.689	0.004139633
6185	7170.064	88.071	89.507	0.004138443
6186	7171.217	88.071	89.507	0.004136316
6187	7172.367	87.891	89.416	0.004134792
6188	7173.519	87.891	89.416	0.004133943
6189	7174.669	87.68	89.141	0.004132752
6190	7175.822	87.68	89.141	0.004131822
6191	7176.973	87.499	88.957	0.004131056
6192	7178.152	87.499	88.957	0.004128849
6193	7179.3	87.317	88.773	0.004129789
6194	7180.45	87.317	88.773	0.004128936
6195	7181.604	87.136	88.589	0.00412639
6196	7182.883	86.953	88.405	0.004125117
6197	7184.044	86.953	88.405	0.004125629
6198	7185.197	86.77	88.22	0.004123928
6199	7186.348	86.77	88.22	0.00412325
6200	7187.525	86.587	88.034	0.004122317
6201	7188.675	86.587	88.034	0.004121129
6202	7189.824	86.404	87.849	0.004120451
6203	7190.977	86.404	87.849	0.00412181
6204	7192.128	86.22	87.662	0.004119346
6205	7193.278	86.22	87.662	0.004118243
6206	7194.429	86.035	87.476	0.004116376
6207	7195.579	86.035	87.476	0.004117224
6208	7196.728	85.85	87.289	0.004114595
6209	7197.876	85.85	87.289	0.004112133
6210	7199.025	85.665	87.101	0.004110942
6211	7200.172	85.665	87.101	0.004110352
6212	7201.324	85.479	87.008	0.004109245
6213	7202.473	85.479	87.008	0.004107719
6214	7203.622	85.293	86.726	0.004108737
6215	7204.774	85.293	86.726	0.004107806
6216	7205.924	85.106	86.537	0.004106618
6217	7207.073	85.106	86.537	0.004106702
6218	7208.22	84.888	86.253	0.004103053
6219	7209.386	84.888	86.253	0.004104496
6220	7210.541	84.702	86.063	0.004102713
6221	7211.688	84.702	86.063	0.004102119
6222	7212.839	84.515	85.873	0.004099825
6223	7213.989	84.515	85.873	0.004099913
6224	7215.139	84.328	85.682	0.004098642
6225	7216.293	84.328	85.682	0.00409669
6226	7217.459	84.14	85.49	0.004095841
6227	7218.609	84.14	85.49	0.004096435
6228	7219.762	83.953	85.298	0.004096603
6229	7220.921	83.953	85.298	0.004094225
6230	7222.072	83.765	85.105	0.004093549
6231	7223.218	83.765	85.105	0.004092867
6232	7224.37	83.577	84.912	0.004090745
6233	7225.519	83.577	84.912	0.004090157
6234	7226.676	83.389	84.719	0.00409007
6235	7227.827	83.389	84.719	0.004088541
6236	7228.976	83.201	84.527	0.004087272
6237	7230.137	83.201	84.527	0.004086339
6238	7231.288	83.012	84.334	0.004085912
6239	7232.44	83.012	84.334	0.004082603
6240	7233.595	82.823	84.14	0.004082515
6241	7234.748	82.823	84.14	0.00408133
6242	7235.9	82.634	83.946	0.004080648
6243	7237.047	82.634	83.946	0.004079459
6244	7238.197	82.444	83.752	0.004078615
6245	7239.347	82.444	83.752	0.004076743
6246	7240.494	82.254	83.558	0.004076237
6247	7241.65	82.254	83.558	0.004077424
6248	7242.798	82.064	83.363	0.004075559
6249	7243.946	82.064	83.363	0.004073262
6250	7245.099	81.842	83.169	0.004075308
6251	7246.249	81.842	83.169	0.004072588
6252	7247.413	81.651	82.974	0.004070634
6253	7248.565	81.651	82.974	0.00407115
6254	7249.717	81.46	82.778	0.004068769
6255	7250.873	81.46	82.778	0.004068092
6256	7252.022	81.268	82.582	0.004066987
6257	7253.178	81.268	82.582	0.004065627
6258	7254.328	81.076	82.386	0.004064185
6259	7255.516	81.076	82.386	0.004063422
6260	7256.669	80.884	82.189	0.004063252
6261	7257.82	80.884	82.189	0.004061808
6262	7258.97	80.691	81.992	0.00406011
6263	7260.123	80.691	81.992	0.004059259
6264	7261.271	80.497	81.795	0.004059435
6265	7262.421	80.497	81.795	0.004056292
6266	7263.573	80.303	81.597	0.004056292
6267	7264.728	80.303	81.597	0.004055611
6268	7265.873	80.109	81.399	0.004053832
6269	7267.025	80.109	81.399	0.004054769
6270	7268.177	79.914	81.201	0.004053493
6271	7269.332	79.914	81.201	0.004052136
6272	7270.481	79.72	81.002	0.004049673
6273	7271.633	79.72	81.002	0.004049675
6274	7272.783	79.524	80.803	0.004047385
6275	7273.931	79.524	80.803	0.004046875
6276	7275.079	79.328	80.605	0.004045857
6277	7276.23	79.328	80.605	0.004044411
6278	7277.4	79.098	80.406	0.004044074
6279	7278.548	79.098	80.406	0.004043055
6280	7279.702	78.901	80.207	0.004041357
6281	7280.854	78.901	80.207	0.004042038
6282	7282.005	78.703	80.007	0.004039234
6283	7283.16	78.703	80.007	0.004038896
6284	7284.311	78.505	79.805	0.004038225
6285	7285.489	78.505	79.805	0.004037199
6286	7286.672	78.306	79.603	0.004034823
6287	7287.822	78.306	79.603	0.004035675
6288	7288.977	78.106	79.401	0.004034398
6289	7290.125	78.106	79.401	0.004031939
6290	7291.274	77.906	79.198	0.004031261
6291	7292.427	77.906	79.198	0.004030074
6292	7293.578	77.706	78.994	0.004029222
6293	7294.726	77.706	78.994	0.004028885
6294	7295.874	77.538	78.789	0.004028634
6295	7297.035	77.538	78.789	0.004025409
6296	7298.187	77.334	78.585	0.004024812
6297	7299.339	77.334	78.585	0.004023876
6298	7300.49	77.133	78.379	0.004022523
6299	7301.637	77.133	78.379	0.004022094
6300	7302.784	76.895	78.172	0.004020564
6301	7303.934	76.895	78.172	0.004018614
6302	7305.083	76.692	77.965	0.004018276
6303	7306.238	76.692	77.965	0.004018534
6304	7307.385	76.522	77.757	0.004015476
6305	7308.529	76.522	77.757	0.004015049
6306	7309.677	76.284	77.548	0.004014034
6307	7310.824	76.284	77.548	0.004011742
6308	7311.987	76.046	77.233	0.004012167
6309	7313.136	76.046	77.233	0.004009617
6310	7314.286	75.841	77.022	0.004009619
6311	7315.438	75.841	77.022	0.004007924
6312	7316.596	75.635	76.811	0.004007584
6313	7317.747	75.635	76.811	0.004006989
6314	7318.907	75.429	76.6	0.004005038
6315	7320.057	75.429	76.6	0.004003509
6316	7321.218	75.222	76.388	0.004002744
6317	7322.367	75.222	76.388	0.004001302
6318	7323.53	75.016	76.282	0.004000284
6319	7324.681	75.016	76.282	0.00399935
6320	7325.846	74.808	76.069	0.003998847
6321	7327.01	74.808	76.069	0.003996973
6322	7328.163	74.6	75.748	0.00399588
6323	7329.313	74.6	75.748	0.003993835
6324	7330.462	74.392	75.642	0.003993497
6325	7331.61	74.392	75.642	0.003992732
6326	7332.786	74.182	75.32	0.003990357
6327	7333.932	74.182	75.32	0.003990869
6328	7335.08	73.973	75.106	0.003989848
6329	7336.231	73.973	75.106	0.003988065
6330	7337.41	73.763	74.998	0.003987474
6331	7338.559	73.763	74.998	0.003986452
6332	7339.708	73.552	74.675	0.003985942
6333	7340.854	73.552	74.675	0.003983057
6334	7342.003	73.34	74.459	0.003983061
6335	7343.15	73.34	74.459	0.003983573
6336	7344.299	73.093	74.242	0.003981282
6337	7345.45	73.093	74.242	0.003979324
6338	7346.601	72.88	74.133	0.003978561
6339	7347.751	72.88	74.133	0.003978306
6340	7348.905	72.666	73.806	0.00397559
6341	7350.052	72.666	73.806	0.003974148
6342	7351.204	72.451	73.586	0.003973472
6343	7352.355	72.451	73.586	0.003973048
6344	7353.504	72.236	73.367	0.003971776
6345	7354.651	72.236	73.367	0.003969482
6346	7355.81	72.02	73.146	0.003968546
6347	7356.964	72.02	73.146	0.003967784
6348	7358.111	71.803	73.035	0.003966084
6349	7359.261	71.803	73.035	0.003965748
6350	7360.412	71.585	72.703	0.003964814
6351	7361.562	71.585	72.703	0.003963627
6352	7362.712	71.367	72.48	0.003963288
6353	7363.876	71.367	72.48	0.003962016
6354	7365.025	71.184	72.256	0.003960062
6355	7366.177	71.184	72.256	0.003958025
6356	7367.325	70.928	72.032	0.003957174
6357	7368.487	70.928	72.032	0.003956243
6358	7369.639	70.707	71.807	0.003955309
6359	7370.803	70.707	71.807	0.003955396
6360	7371.967	70.484	71.693	0.003953698
6361	7373.233	70.261	71.353	0.003952932
6362	7374.391	70.261	71.353	0.003951151
6363	7375.556	70.036	71.125	0.003948775
6364	7376.714	70.036	71.125	0.003948011
6365	7377.892	69.772	70.895	0.003946058
6366	7379.039	69.772	70.895	0.003945211
6367	7380.193	69.546	70.664	0.003944193
6368	7381.358	69.546	70.664	0.003941726
6369	7382.509	69.322	70.433	0.003942155
6370	7383.676	69.322	70.433	0.003940116
6371	7384.838	69.095	70.2	0.003940118
6372	7386.002	69.095	70.2	0.003939017
6373	7387.153	68.868	70.083	0.003938422
6374	7388.3	68.868	70.083	0.003936554
6375	7389.48	68.639	69.73	0.003934941
6376	7390.631	68.639	69.73	0.003935028
6377	7391.781	68.41	69.495	0.00393308
6378	7392.934	68.41	69.495	0.003931548
6379	7394.086	68.179	69.258	0.003930445
6380	7395.237	68.179	69.258	0.003929171
6381	7396.401	67.949	69.021	0.003927132
6382	7397.548	67.949	69.021	0.003925437
6383	7398.698	67.717	68.783	0.003925015
6384	7399.849	67.717	68.783	0.003924676
6385	7401.002	67.484	68.545	0.003922977
6386	7402.151	67.484	68.545	0.003921874
6387	7403.318	67.251	68.306	0.003918987
6388	7404.469	67.251	68.306	0.003920009
6389	7405.617	67.016	68.186	0.00391874
6390	7406.765	67.016	68.186	0.003917546
6391	7407.916	66.781	67.825	0.003916952
6392	7409.067	66.781	67.825	0.00391636
6393	7410.217	66.545	67.583	0.003914152
6394	7411.365	66.545	67.583	0.003913897
6395	7412.515	66.268	67.218	0.003911519
6396	7413.677	66.268	67.218	0.003911271
6397	7414.835	66.03	66.974	0.003908464
6398	7415.98	66.03	66.974	0.00390711
6399	7417.144	65.791	66.728	0.003906429
6400	7418.298	65.791	66.728	0.003904562
6401	7419.475	65.55	66.482	0.003903205
6402	7420.627	65.55	66.482	0.003904137
6403	7421.79	65.309	66.234	0.003901081
6404	7422.944	65.309	66.234	0.003901763
6405	7424.111	65.066	65.985	0.003899814
6406	7425.273	65.066	65.985	0.003898878
6407	7426.436	64.822	65.735	0.003896927
6408	7427.6	64.822	65.735	0.003895312
6409	7428.764	64.576	65.483	0.003893276
6410	7429.915	64.576	65.483	0.003893699
6411	7431.076	64.329	65.23	0.003892427
6412	7432.239	64.329	65.23	0.00389073
6413	7433.403	64.081	64.976	0.003889287
6414	7434.564	64.081	64.976	0.003887673
6415	7435.712	63.831	64.72	0.003886745
6416	7436.874	63.831	64.72	0.003885977
6417	7438.036	63.579	64.463	0.00388445
6418	7439.187	63.579	64.463	0.003882328
6419	7440.351	63.325	64.204	0.003881226
6420	7441.504	63.325	64.204	0.003880971
6421	7442.666	63.071	63.943	0.003879614
6422	7443.83	63.071	63.943	0.003876812
6423	7444.981	62.817	63.68	0.003876051
6424	7446.129	62.817	63.68	0.00387622
6425	7447.289	62.518	63.415	0.003876307
6426	7448.453	62.518	63.415	0.003872823
6427	7449.607	62.26	63.149	0.003872993
6428	7450.771	62.26	63.149	0.003869683
6429	7451.933	62.002	62.882	0.003869857
6430	7453.082	62.002	62.882	0.003867139
6431	7454.244	61.743	62.614	0.003866374
6432	7455.395	61.743	62.614	0.003865784
6433	7456.574	61.482	62.345	0.003865357
6434	7457.741	61.482	62.345	0.003863234
6435	7458.907	61.22	62.074	0.003862555
6436	7460.055	61.22	62.074	0.003860773
6437	7461.219	60.957	61.803	0.003858479
6438	7462.368	60.957	61.803	0.003858142
6439	7463.518	60.692	61.53	0.003857379
6440	7464.671	60.692	61.53	0.003856362
6441	7465.833	60.425	61.255	0.003855427
6442	7466.999	60.425	61.255	0.003854069
6443	7468.163	60.157	60.979	0.003851863
6444	7469.314	60.157	60.979	0.003849997
6445	7470.474	59.888	60.701	0.003849656
6446	7471.637	59.888	60.701	0.003848212
6447	7472.788	59.616	60.422	0.003847711
6448	7473.942	59.616	60.422	0.003844906
6449	7475.103	59.343	60.141	0.003843633
6450	7476.266	59.343	60.141	0.003842107
6451	7477.424	59.068	59.858	0.003840404
6452	7478.587	59.068	59.858	0.003839475
6453	7479.753	58.791	59.572	0.003835991
6454	7481.024	58.464	59.285	0.003835741
6455	7482.184	58.464	59.285	0.003836251
6456	7483.347	58.182	58.996	0.003833193
6457	7484.508	58.182	58.996	0.003830646
6458	7485.671	57.898	58.705	0.003830393
6459	7486.821	57.898	58.705	0.003829374
6460	7487.984	57.61	58.41	0.003827933
6461	7489.152	57.61	58.41	0.003826317
6462	7490.309	57.32	58.114	0.003825215
6463	7491.489	57.32	58.114	0.003824707
6464	7492.641	57.029	57.814	0.003821819
6465	7493.803	57.029	57.814	0.003821481
6466	7494.952	56.736	57.512	0.003819954
6467	7496.102	56.736	57.512	0.003818935
6468	7497.267	56.441	57.207	0.003816137
6469	7498.429	56.441	57.207	0.003815796
6470	7499.592	56.144	56.901	0.003813675
6471	7500.744	56.144	56.901	0.003813248
6472	7501.906	55.845	56.593	0.003810958
6473	7503.073	55.845	56.593	0.003811894
6474	7504.239	55.545	56.283	0.003808752
6475	7505.431	55.545	56.283	0.003808839
6476	7506.592	55.242	55.97	0.003805872
6477	7507.754	55.242	55.97	0.003805274
6478	7508.918	54.936	55.654	0.003802983
6479	7510.085	54.936	55.654	0.00380341
6480	7511.247	54.628	55.338	0.003802052
6481	7512.411	54.628	55.338	0.003799674
6482	7513.577	54.317	55.018	0.003797635
6483	7514.742	54.317	55.018	0.003797043
6484	7515.905	53.95	54.533	0.003795686
6485	7517.062	53.95	54.533	0.003793988
6486	7518.225	53.633	54.207	0.00379212
6487	7519.387	53.633	54.207	0.003789574
6488	7520.548	53.366	54.042	0.003789575
6489	7521.712	53.366	54.042	0.003787451
6490	7522.877	52.989	53.543	0.003786521
6491	7524.04	52.989	53.543	0.003783379
6492	7525.201	52.661	53.206	0.003782191
6493	7526.364	52.661	53.206	0.003778963
6494	7527.528	52.329	52.866	0.003780241
6495	7528.692	52.329	52.866	0.00377846
6496	7529.858	51.993	52.694	0.003777609
6497	7531.021	51.993	52.694	0.003777102
6498	7532.184	51.654	52.172	0.003774129
6499	7533.347	51.654	52.172	0.003773621
6500	7534.498	51.313	51.819	0.00377116
6501	7535.658	51.313	51.819	0.003770478
6502	7536.814	50.968	51.463	0.003768189
6503	7537.972	50.968	51.463	0.003767172
6504	7539.138	50.62	51.104	0.003767004
6505	7540.301	50.62	51.104	0.003762928
6506	7541.48	50.327	50.923	0.003761652
6507	7542.642	50.327	50.923	0.003761061
6508	7543.807	49.912	50.375	0.003760135
6509	7544.968	49.912	50.375	0.003757412
6510	7546.131	49.553	50.005	0.003756478
6511	7547.294	49.553	50.005	0.003755375
6512	7548.459	49.128	49.631	0.003752915
6513	7549.618	49.128	49.631	0.003751727
6514	7550.784	48.759	49.252	0.003750456
6515	7551.948	48.759	49.252	0.003749184
6516	7553.109	48.384	48.868	0.003748334
6517	7554.274	48.384	48.868	0.003746214
6518	7555.438	48.004	48.673	0.003743411
6519	7556.778	47.619	48.083	0.003741372
6520	7557.934	47.619	48.083	0.003740356
6521	7559.129	47.227	47.682	0.00374027
6522	7560.288	47.227	47.682	0.003735943
6523	7561.474	46.83	47.275	0.003736621
6524	7562.641	46.83	47.275	0.003734584
6525	7563.803	46.427	46.861	0.003733312
6526	7564.968	46.427	46.861	0.003731868
6527	7566.133	46.02	46.441	0.003729069
6528	7567.297	46.02	46.441	0.00372873
6529	7568.464	45.607	46.017	0.003727541
6530	7569.63	45.607	46.017	0.003723297
6531	7570.782	45.188	45.803	0.003722793
6532	7571.947	45.188	45.803	0.003721261
6533	7573.108	44.762	45.153	0.003719649
6534	7574.271	44.762	45.153	0.003718803
6535	7575.437	44.329	44.712	0.003717273
6536	7576.597	44.329	44.712	0.003714813
6537	7577.759	43.887	44.261	0.003713113
6538	7578.923	43.887	44.261	0.003712264
6539	7580.118	43.437	43.801	0.003710908
6540	7581.283	43.437	43.801	0.003707598
6541	7582.448	42.9	43.332	0.003707684
6542	7583.615	42.9	43.332	0.003704798
6543	7584.809	42.43	42.852	0.003702166
6544	7585.968	42.43	42.852	0.003701233
6545	7587.129	41.952	42.363	0.003701828
6546	7588.277	41.952	42.363	0.003696307
6547	7589.457	41.466	42.115	0.003696057
6548	7590.619	41.466	42.115	0.003692577
6549	7591.779	40.969	41.359	0.003693766
6550	7592.927	40.969	41.359	0.003691562
6551	7594.077	40.462	40.843	0.003689014
6552	7595.228	40.462	40.843	0.003688166
6553	7596.39	40.031	40.58	0.003686468
6554	7597.538	40.031	40.58	0.003683922
6555	7598.688	39.411	40.046	0.003681458
6556	7599.849	39.411	40.046	0.003680867
6557	7601.008	38.863	39.218	0.003679168
6558	7602.157	38.863	39.218	0.003677641
6559	7603.322	38.395	38.934	0.003675437
6560	7604.484	38.395	38.934	0.003672976
6561	7605.635	37.725	38.061	0.003673147
6562	7606.799	37.725	38.061	0.003671533
6563	7607.961	37.134	37.461	0.003668735
6564	7609.122	37.134	37.461	0.003665251
6565	7610.282	36.526	37.155	0.003664828
6566	7611.462	36.526	37.155	0.003662795
6567	7612.624	35.898	36.211	0.003660755
6568	7613.786	35.898	36.211	0.003658377
6569	7614.95	35.136	35.217	0.003655917
6570	7616.113	35.136	35.217	0.003655833
6571	7617.276	34.459	34.525	0.003653374
6572	7618.44	34.459	34.525	0.003651932
6573	7619.604	33.759	33.812	0.00364828
6574	7620.755	33.759	33.812	0.003647602
6575	7621.917	33.031	33.073	0.003645479
6576	7623.075	33.031	33.073	0.003643186
6577	7624.24	32.273	32.304	0.003641997
6578	7625.498	31.478	31.498	0.003641665
6579	7626.661	31.478	31.498	0.003638095
6580	7627.826	30.651	30.66	0.003636655
6581	7628.99	30.651	30.66	0.003632663
6582	7630.156	29.786	29.786	0.003633687
6583	7631.317	29.786	29.786	0.003631647
6584	7632.48	28.873	28.862	0.003629696
6585	7633.647	28.873	28.862	0.003626555
6586	7634.793	27.916	27.893	0.003625962
6587	7635.957	27.916	27.893	0.003622991
6588	7637.107	26.908	26.877	0.003622738
6589	7638.253	26.908	26.877	0.003620447
6590	7639.402	25.836	25.799	0.003618579
6591	7640.551	25.836	25.799	0.003617733
6592	7641.697	24.709	24.669	0.003616287
6593	7642.843	24.709	24.669	0.003613995
6594	7643.988	23.513	23.476	0.003611191
6595	7645.131	23.513	23.476	0.003609242
6596	7646.279	22.256	22.228	0.003607631
6597	7647.441	22.256	22.228	0.00360797
6598	7648.592	20.713	20.923	0.003605425
6599	7649.742	20.713	20.923	0.003604072
6600	7650.888	19.575	20.255	0.003602371
6601	7652.035	19.575	20.255	0.00360169
6602	7653.193	18.185	18.896	0.003599398
6603	7654.344	18.185	18.896	0.00359906
6604	7655.52	16.804	16.868	0.003597452
6605	7656.68	16.804	16.868	0.003597704
6606	7657.827	15.286	16.209	0.003595493
6607	7658.972	15.286	16.209	0.003594901
6608	7660.12	14.089	14.382	0.003594222
6609	7661.27	14.089	14.382	0.003593881
6610	7662.416	13.233	13.863	0.003592269
6611	7663.559	13.233	13.863	0.003595158
6612	7664.705	12.173	12.89	0.003593374
6613	7665.867	12.173	12.89	0.003592865
6614	7667.015	11.464	11.747	0.003590404
6615	7668.176	11.464	11.747	0.003591082
6616	7669.324	10.912	11.395	0.003590402
6617	7670.473	10.912	11.395	0.003590402
6618	7671.62	10.325	10.552	0.003589559
6619	7672.769	10.325	10.552	0.003589724
6620	7673.928	9.857	10.115	0.003590234
6621	7675.091	9.857	10.115	0.003590149
6622	7676.253	9.6	9.927	0.003588706
6623	7677.409	9.6	9.927	0.003588961
6624	7678.57	9.259	9.59	0.003587262
6625	7679.731	9.259	9.59	0.003588029
6626	7680.893	8.816	9.117	0.003588282
6627	7682.057	8.816	9.117	0.003587521
6628	7683.215	8.534	8.981	0.00358735
6629	7684.382	8.534	8.981	0.003586925
6630	7685.539	8.289	8.543	0.003587265
6631	7686.7	8.289	8.543	0.003586417
6632	7687.868	8.054	8.316	0.003587437
6633	7689.028	8.054	8.316	0.003583699
6634	7690.182	7.815	8.172	0.00356325
6635	7691.331	7.815	8.172	0.003473719
6636	7692.48	7.584	7.854	0.00278872
6637	7693.644	7.584	7.854	0.002781509
6638	7694.808	7.382	7.63	0.002778705
6639	7695.961	7.382	7.63	0.002773871
6640	7697.123	7.211	7.443	0.002769792
6641	7698.275	7.211	7.443	0.002768778
6642	7699.453	7.069	7.373	0.002766062
6643	7700.616	7.069	7.373	0.002765467
6644	7701.775	6.938	7.209	0.002765893
6645	7702.939	6.938	7.209	0.002761987
6646	7704.104	6.79	7.017	0.00276114
6647	7705.267	6.79	7.017	0.002760547
6648	7706.427	6.658	6.877	0.002758848
6649	7707.591	6.658	6.877	0.002759698
6650	7708.739	6.573	6.75	0.00275783
6651	7709.899	6.573	6.75	0.002756473
6652	7711.059	6.439	6.639	0.002756387
6653	7712.222	6.439	6.639	0.002754776
6654	7713.384	6.307	6.47	0.00275503
6655	7714.545	6.307	6.47	0.002753331
6656	7715.704	6.215	6.438	0.002750871
6657	7716.869	6.215	6.438	0.002750954
6658	7718.033	6.132	6.288	0.002750446
6659	7719.191	6.132	6.288	0.00274977
6660	7720.357	6.045	6.203	0.002748495
6661	7721.516	6.045	6.203	0.002747561
6662	7722.679	5.955	6.112	0.002747055
6663	7723.829	5.955	6.112	0.002747052
6664	7724.979	5.868	6.067	0.002745099
6665	7726.128	5.868	6.067	0.00274561
6666	7727.289	5.794	5.937	0.002744337
6667	7728.44	5.794	5.937	0.002744335
6668	7729.602	5.73	5.869	0.002743235
6669	7730.763	5.73	5.869	0.002742214
6670	7731.926	5.67	5.806	0.002743575
6671	7733.086	5.67	5.806	0.002744336
6672	7734.246	5.604	5.739	0.002744764
6673	7735.394	5.604	5.739	0.002743404
6674	7736.545	5.535	5.695	0.002743318
6675	7737.709	5.535	5.695	0.002743659
6676	7738.858	5.471	5.598	0.002742641
6677	7740.019	5.471	5.598	0.00274196
6678	7741.182	5.418	5.541	0.002742384
6679	7742.33	5.418	5.541	0.002743828
6680	7743.494	5.373	5.492	0.002742385
6681	7744.76	5.328	5.458	0.002743742
6682	7745.926	5.328	5.458	0.00274298
6683	7747.088	5.264	5.404	0.002743999
6684	7748.236	5.264	5.404	0.002743573
6685	7749.41	5.226	5.335	0.002742978
6686	7750.568	5.226	5.335	0.00274298
6687	7751.73	5.185	5.321	0.002743234
6688	7752.877	5.185	5.321	0.002743913
6689	7754.039	5.14	5.245	0.002741708
6690	7755.188	5.14	5.245	0.002742298
6691	7756.341	5.094	5.211	0.002742301
6692	7757.518	5.094	5.211	0.00274247
6693	7758.667	5.059	5.18	0.002742218
6694	7759.829	5.059	5.18	0.002743149
6695	7760.977	5.03	5.134	0.002741112
6696	7762.127	5.03	5.134	0.002741366
6697	7763.274	5.003	5.09	0.002742641
6698	7764.424	5.003	5.09	0.002740521
6699	7765.572	4.97	5.054	0.002740774
6700	7766.718	4.97	5.054	0.002741197
6701	7767.866	4.933	5.05	0.002741537
6702	7769.015	4.933	5.05	0.002741626
6703	7770.176	4.897	5.004	0.002740771
6704	7771.324	4.897	5.004	0.002741367
6705	7772.473	4.872	4.975	0.002741452
6706	7773.62	4.872	4.975	0.002741368
6707	7774.78	4.851	4.94	0.002740094
6708	7775.933	4.851	4.94	0.002741791
6709	7777.081	4.83	4.904	0.002740943
6710	7778.229	4.83	4.904	0.002740942
6711	7779.376	4.792	4.905	0.002742132
6712	7780.527	4.792	4.905	0.002740433
6713	7781.686	4.776	4.86	0.002739587
6714	7782.837	4.776	4.86	0.002740435
6715	7783.997	4.755	4.842	0.002741367
6716	7785.148	4.755	4.842	0.002740517
6717	7786.298	4.729	4.817	0.002740689
6718	7787.447	4.729	4.817	0.002740519
6719	7788.598	4.702	4.788	0.002740094
6720	7789.748	4.702	4.788	0.002739157
6721	7790.896	4.682	4.762	0.002740773
6722	7792.056	4.682	4.762	0.002740091
6723	7793.207	4.669	4.767	0.002741537
6724	7794.367	4.669	4.767	0.002742046
6725	7795.515	4.657	4.734	0.002740433
6726	7796.661	4.657	4.734	0.002740094
6727	7797.81	4.64	4.721	0.002740177
6728	7798.956	4.64	4.721	0.002740266
6729	7800.114	4.618	4.7	0.00273967
6730	7801.263	4.618	4.7	0.002740774
6731	7802.42	4.596	4.675	0.002740772
6732	7803.565	4.596	4.675	0.002740942
6733	7804.714	4.583	4.657	0.002740772
6734	7805.874	4.583	4.657	0.002740606
6735	7807.024	4.574	4.648	0.002739329
6736	7808.186	4.574	4.648	0.002741285
6737	7809.333	4.565	4.64	0.002740098
6738	7810.482	4.565	4.64	0.002740349
6739	7811.632	4.54	4.61	0.00274035
6740	7812.791	4.54	4.61	0.002739839
6741	7813.939	4.534	4.604	0.002739757
6742	7815.1	4.534	4.604	0.002738142
6743	7816.251	4.525	4.597	0.002740095
6744	7817.413	4.525	4.597	0.002739753
6745	7818.561	4.509	4.581	0.002739839
6746	7819.709	4.509	4.581	0.002738906
6747	7820.869	4.49	4.562	0.002739076
6748	7822.017	4.49	4.562	0.00274035
6749	7823.165	4.478	4.548	0.002738907
6750	7824.315	4.478	4.548	0.002738484
6751	7825.496	4.472	4.542	0.002739244
6752	7826.648	4.472	4.542	0.002740435
6753	7827.794	4.469	4.539	0.002739329
6754	7828.954	4.469	4.539	0.002739415
6755	7830.101	4.46	4.532	0.002739328
6756	7831.248	4.46	4.532	0.002739074
6757	7832.398	4.445	4.516	0.002738992
6758	7833.56	4.445	4.516	0.002738396
6759	7834.709	4.43	4.5	0.0027395
6760	7835.875	4.43	4.5	0.002738737
6761	7837.025	4.422	4.49	0.002738908
6762	7838.176	4.422	4.49	0.002740178
6763	7839.322	4.419	4.488	0.0027395
6764	7840.471	4.419	4.488	0.002737548
6765	7841.618	4.417	4.486	0.002738821
6766	7842.778	4.417	4.486	0.002738652
6767	7843.926	4.408	4.478	0.00273933
6768	7845.073	4.408	4.478	0.002739585
6769	7846.227	4.397	4.464	0.002738905
6770	7847.373	4.397	4.464	0.002738225
6771	7848.524	4.393	4.45	0.00273653
6772	7849.675	4.393	4.45	0.00273899
6773	7850.827	4.383	4.445	0.002738058
6774	7851.975	4.383	4.445	0.002738312
6775	7853.124	4.369	4.444	0.002739415
6776	7854.273	4.369	4.444	0.00273916
6777	7855.45	4.36	4.443	0.0027395
6778	7856.603	4.36	4.443	0.002739414
6779	7857.752	4.359	4.433	0.002738568
6780	7858.904	4.359	4.433	0.002739415
6781	7860.052	4.358	4.42	0.002739416
6782	7861.197	4.358	4.42	0.002738991
6783	7862.346	4.353	4.409	0.002737548
6784	7863.51	4.353	4.409	0.002737207
6785	7864.659	4.34	4.407	0.002738904
6786	7865.809	4.34	4.407	0.002737888
6787	7866.958	4.33	4.408	0.002738481
6788	7868.104	4.33	4.408	0.002739504
6789	7869.284	4.325	4.405	0.002738483
6790	7870.438	4.325	4.405	0.002737888
6791	7871.586	4.324	4.394	0.002738056
6792	7872.731	4.324	4.394	0.002738397
6793	7873.881	4.324	4.382	0.002738231
6794	7875.03	4.324	4.382	0.002738821
6795	7876.182	4.318	4.375	0.002738483
6796	7877.328	4.318	4.375	0.002738739
6797	7878.48	4.309	4.375	0.002738735
6798	7879.632	4.309	4.375	0.002737976
6799	7880.782	4.308	4.376	0.002739586
6800	7881.932	4.308	4.376	0.002738822
6801	7883.079	4.3	4.371	0.002738481
6802	7884.233	4.3	4.371	0.002738143
6803	7885.38	4.288	4.36	0.002739842
6804	7886.529	4.288	4.36	0.00273993
6805	7887.686	4.281	4.349	0.002738736
6806	7888.833	4.281	4.349	0.002738565
6807	7889.996	4.28	4.345	0.002738482
6808	7891.146	4.28	4.345	0.002737123
6809	7892.325	4.281	4.347	0.002735764
6810	7893.478	4.281	4.347	0.00273865
6811	7894.63	4.278	4.347	0.002739076
6812	7895.773	4.278	4.347	0.002740264
6813	7896.92	4.269	4.341	0.00274052
6814	7898.066	4.269	4.341	0.002738482
6815	7899.211	4.258	4.329	0.002738652
6816	7900.365	4.258	4.329	0.002739585
6817	7901.534	4.254	4.32	0.002737888
6818	7902.687	4.254	4.32	0.002738737
6819	7903.837	4.254	4.319	0.002738906
6820	7904.985	4.254	4.319	0.002739415
6821	7906.132	4.256	4.321	0.002738141
6822	7907.281	4.256	4.321	0.002737717
6823	7908.428	4.251	4.32	0.002739331
6824	7909.577	4.251	4.32	0.002738991
6825	7910.725	4.241	4.312	0.002737976
6826	7911.876	4.241	4.312	0.002738056
6827	7913.023	4.243	4.31	0.002738313
6828	7914.175	4.243	4.31	0.002738565
6829	7915.323	4.236	4.303	0.002737718
6830	7916.473	4.236	4.303	0.002737292
6831	7917.623	4.226	4.292	0.002737974
6832	7918.773	4.226	4.292	0.002739075
6833	7919.922	4.219	4.284	0.002737804
6834	7921.074	4.219	4.284	0.002738653
6835	7922.239	4.219	4.295	0.002738651
6836	7923.402	4.219	4.295	0.002736699
6837	7924.548	4.221	4.286	0.002737717
6838	7925.711	4.221	4.286	0.002738568
6839	7926.863	4.219	4.285	0.002737124
6840	7928.029	4.219	4.285	0.002738057
6841	7929.178	4.211	4.278	0.002738909
6842	7930.33	4.211	4.278	0.002738313
6843	7931.479	4.201	4.267	0.00273721
6844	7932.627	4.201	4.267	0.002738314
6845	7933.777	4.196	4.261	0.002737549
6846	7934.928	4.196	4.261	0.002736019
6847	7936.089	4.198	4.262	0.002735681
6848	7937.238	4.198	4.262	0.002737632
6849	7938.392	4.19	4.265	0.002736957
6850	7939.543	4.19	4.265	0.002737294
6851	7940.695	4.196	4.262	0.002737126
6852	7941.843	4.196	4.262	0.002737719
6853	7942.988	4.187	4.253	0.002737719
6854	7944.149	4.187	4.253	0.002735934
6855	7945.299	4.178	4.243	0.002738568
6856	7946.451	4.178	4.243	0.002736616
6857	7947.597	4.183	4.24	0.002737293
6858	7948.865	4.173	4.241	0.00273704
6859	7950.023	4.173	4.241	0.002735341
6860	7951.177	4.166	4.243	0.002736614
6861	7952.327	4.166	4.243	0.002737802
6862	7953.501	4.166	4.239	0.002735936
6863	7954.654	4.166	4.239	0.002737038
6864	7955.805	4.168	4.229	0.002736954
6865	7956.954	4.168	4.229	0.00273653
6866	7958.106	4.168	4.22	0.00273687
6867	7959.255	4.168	4.22	0.002736106
6868	7960.403	4.161	4.22	0.002735936
6869	7961.583	4.161	4.22	0.002737973
6870	7962.732	4.151	4.223	0.002736954
6871	7963.883	4.151	4.223	0.002737634
6872	7965.033	4.146	4.224	0.002738058
6873	7966.18	4.146	4.224	0.002738651
6874	7967.336	4.148	4.217	0.002736615
6875	7968.486	4.148	4.217	0.00273687
6876	7969.636	4.15	4.207	0.002736616
6877	7970.788	4.15	4.207	0.002735598
6878	7971.935	4.148	4.201	0.002736362
6879	7973.083	4.148	4.201	0.002736699
6880	7974.233	4.139	4.202	0.002736872
6881	7975.385	4.139	4.202	0.00273704
6882	7976.53	4.131	4.205	0.002736106
6883	7977.682	4.131	4.205	0.002735938
6884	7978.828	4.129	4.204	0.002738228
6885	7979.977	4.129	4.204	0.002737973
6886	7981.123	4.128	4.196	0.002736702
6887	7982.275	4.128	4.196	0.002736954
6888	7983.439	4.12	4.186	0.002736363
6889	7984.589	4.12	4.186	0.0027367
6890	7985.738	4.12	4.183	0.002736954
6891	7986.893	4.12	4.183	0.00273721
6892	7988.041	4.122	4.185	0.002736359
6893	7989.191	4.122	4.185	0.002736361
6894	7990.348	4.123	4.187	0.002738059
6895	7991.528	4.123	4.187	0.00273704
6896	7992.68	4.117	4.184	0.00273653
6897	7993.844	4.117	4.184	0.002735599
6898	7994.993	4.107	4.176	0.002736022
6899	7996.147	4.107	4.176	0.002736105
6900	7997.297	4.102	4.166	0.002735851
6901	7998.449	4.102	4.166	0.002735851
6902	7999.599	4.103	4.165	0.002735426
6903	8000.753	4.103	4.165	0.002736276
6904	8001.907	4.105	4.167	0.002734237
6905	8003.058	4.105	4.167	0.002735512
6906	8004.208	4.105	4.17	0.002735595
6907	8005.361	4.105	4.17	0.0027367
6908	8006.51	4.097	4.165	0.00273602
6909	8007.663	4.097	4.165	0.00273636
6910	8008.807	4.088	4.156	0.002735853
6911	8009.957	4.088	4.156	0.002733646
6912	8011.108	4.083	4.148	0.002734067
6913	8012.26	4.083	4.148	0.002736105
6914	8013.409	4.085	4.151	0.002735512
6915	8014.562	4.085	4.151	0.002735852
6916	8015.711	4.077	4.142	0.00273534
6917	8016.864	4.077	4.142	0.002735426
6918	8018.017	4.085	4.139	0.002736193
6919	8019.163	4.085	4.139	0.002735257
6920	8020.343	4.078	4.142	0.002735427
6921	8021.495	4.078	4.142	0.002735511
6922	8022.647	4.08	4.145	0.002735598
6923	8023.796	4.08	4.145	0.002733982
6924	8024.948	4.075	4.141	0.002734067
6925	8026.103	4.075	4.141	0.002736021
6926	8027.256	4.066	4.133	0.002734407
6927	8028.405	4.066	4.133	0.002735598
6928	8029.555	4.059	4.124	0.002736192
6929	8030.703	4.059	4.124	0.002735345
6930	8031.85	4.067	4.124	0.002734493
6931	8033.0	4.067	4.124	0.00273356
6932	8034.148	4.064	4.128	0.002734918
6933	8035.301	4.064	4.128	0.002734577
6934	8036.485	4.064	4.129	0.002734491
6935	8037.65	4.064	4.129	0.002736191
6936	8038.817	4.057	4.123	0.002734918
6937	8039.99	4.057	4.123	0.002735086
6938	8041.143	4.048	4.114	0.002734069
6939	8042.308	4.048	4.114	0.002734408
6940	8043.471	4.044	4.108	0.002735512
