# 2pts measurement, sourcing 1mA
# index	time	T_plat(K)	T_samp(K)	V(V)
0	0.09	3.355	3.41	0.003153869
1	1.336	3.355	3.41	0.003153529
2	2.49	3.351	3.401	0.003153865
3	3.64	3.351	3.401	0.003154378
4	4.788	3.345	3.384	0.003153529
5	5.938	3.345	3.384	0.003152851
6	7.103	3.334	3.38	0.003152681
7	8.267	3.334	3.38	0.003153018
8	9.448	3.322	3.379	0.003154378
9	10.61	3.322	3.379	0.003153189
10	11.769	4.067	3.368	0.003153443
11	12.919	4.067	3.368	0.003154547
12	14.081	5.579	4.766	0.003155139
13	15.232	5.579	4.766	0.003156838
14	16.38	7.437	6.413	0.003157179
15	17.564	7.437	6.413	0.003157095
16	18.717	8.794	7.969	0.00315803
17	19.868	8.794	7.969	0.003159213
18	21.023	9.598	9.102	0.003156837
19	22.175	9.598	9.102	0.00315913
20	23.339	10.309	10.226	0.003158619
21	24.521	10.309	10.226	0.00315828
22	25.671	10.706	10.481	0.003158876
23	26.905	10.946	10.939	0.003159639
24	28.061	10.946	10.939	0.003161506
25	29.214	11.092	11.075	0.003162355
26	30.366	11.092	11.075	0.003161505
27	31.52	11.151	11.116	0.003172199
28	32.691	11.151	11.116	0.00316507
29	33.856	11.167	11.153	0.003170329
30	35.029	11.167	11.153	0.003176357
31	36.181	11.173	11.17	0.003164816
32	37.332	11.173	11.17	0.003175594
33	38.483	11.146	11.173	0.00316388
34	39.644	11.146	11.173	0.003163965
35	40.806	11.107	11.13	0.003170584
36	41.97	11.107	11.13	0.003160911
37	43.123	11.087	11.109	0.003164476
38	44.284	11.087	11.109	0.003169992
39	45.435	11.121	11.103	0.003165663
40	46.598	11.121	11.103	0.00318433
41	47.789	11.163	11.145	0.003172453
42	48.953	11.163	11.145	0.003174232
43	50.116	11.181	11.187	0.003213694
44	51.284	11.181	11.187	0.003176187
45	52.436	11.178	11.167	0.003204446
46	53.599	11.178	11.167	0.003233466
47	54.76	11.182	11.204	0.003189595
48	55.928	11.182	11.204	0.003327409
49	57.087	11.238	11.22	0.003332839
50	58.255	11.238	11.22	0.003369075
51	59.417	11.307	11.279	0.004242466
52	60.579	11.307	11.279	0.003564001
53	61.736	11.35	11.342	0.004376885
54	62.903	11.35	11.342	0.006388092
55	64.057	11.362	11.383	0.004032349
56	65.224	11.362	11.383	0.008426878
57	66.376	11.368	11.366	0.006324611
58	67.537	11.368	11.366	0.006245441
59	68.71	11.417	11.396	0.02432715
60	69.874	11.417	11.396	0.006281589
61	71.027	11.425	11.408	0.01890008
62	72.177	11.425	11.408	0.04867037
63	73.34	11.463	11.446	0.01247051
64	74.489	11.463	11.446	0.07629527
65	75.657	11.456	11.488	0.05088327
66	76.821	11.456	11.488	0.04676694
67	78.012	11.474	11.504	0.1205913
68	79.166	11.474	11.504	0.0701189
69	80.332	11.499	11.508	0.1215806
70	81.497	11.499	11.508	0.1649801
71	82.662	11.548	11.544	0.1103075
72	83.828	11.548	11.544	0.1857371
73	85.131	11.601	11.569	0.2189263
74	86.273	11.601	11.569	0.2167971
75	87.421	11.717	11.721	0.2362456
76	88.573	11.717	11.721	0.2419391
77	89.732	11.833	11.825	0.2416296
78	90.911	11.833	11.825	0.2491653
79	92.059	11.916	11.919	0.2480115
80	93.208	11.916	11.919	0.2504222
81	94.356	11.956	11.98	0.2703045
82	95.503	11.956	11.98	0.2759284
83	96.66	14.276	12.598	0.2775717
84	97.807	14.276	12.598	0.2782587
85	98.96	16.285	16.309	0.2786517
86	100.11	16.285	16.309	0.2788717
87	101.259	17.623	17.643	0.279009
88	102.409	17.623	17.643	0.2790956
89	103.559	18.673	18.688	0.2791453
90	104.737	18.673	18.688	0.2791676
91	105.888	19.569	19.584	0.2791746
92	107.038	19.569	19.584	0.2791756
93	108.198	20.317	20.33	0.2791805
94	109.349	20.317	20.33	0.2790868
95	110.499	19.373	19.523	0.2786572
96	111.662	19.373	19.523	0.2777518
97	112.815	16.695	16.53	0.2764347
98	114.046	14.517	14.443	0.2747568
99	115.198	14.517	14.443	0.2733588
100	116.349	13.461	13.446	0.272048
101	117.506	13.461	13.446	0.2709695
102	118.692	13.047	13.041	0.2701434
103	119.854	13.047	13.041	0.2765413
104	121.006	15.616	15.542	0.2785392
105	122.164	15.616	15.542	0.2790486
106	123.314	18.729	18.75	0.2791817
107	124.468	18.729	18.75	0.2791737
108	125.62	21.25	20.956	0.2790878
109	126.773	21.25	20.956	0.278967
110	127.924	23.032	22.78	0.2788171
111	129.089	23.032	22.78	0.2786507
112	130.275	24.614	24.389	0.2784796
113	131.425	24.614	24.389	0.2783006
114	132.579	26.043	25.841	0.2781198
115	133.732	26.043	25.841	0.2779449
116	134.881	27.355	27.171	0.2777636
117	136.034	27.355	27.171	0.277589
118	137.186	28.562	28.389	0.2774116
119	138.338	28.562	28.389	0.2772388
120	139.487	29.69	29.524	0.2770678
121	140.659	29.69	29.524	0.2768833
122	141.813	30.741	30.574	0.2767086
123	142.964	30.741	30.574	0.2765358
124	144.112	31.735	31.562	0.2763678
125	145.261	31.735	31.562	0.2762129
126	146.414	32.675	32.498	0.2760594
127	147.596	32.675	32.498	0.2758896
128	148.778	33.56	33.378	0.2757372
129	149.932	33.56	33.378	0.2755795
130	151.083	34.403	34.215	0.2754285
131	152.233	34.403	34.215	0.2752934
132	153.391	35.209	35.013	0.2751486
133	154.541	35.209	35.013	0.2750098
134	155.694	35.981	35.779	0.274869
135	156.845	35.981	35.779	0.2747291
136	158.0	36.717	36.507	0.2745974
137	159.151	36.717	36.507	0.2744698
138	160.308	37.541	37.206	0.2743386
139	161.463	37.541	37.206	0.2742086
140	162.616	38.22	37.879	0.2740745
141	163.781	38.22	37.879	0.2739475
142	164.928	38.879	38.531	0.2738232
143	166.083	38.879	38.531	0.2737032
144	167.236	39.412	39.163	0.2735789
145	168.386	39.412	39.163	0.2734623
146	169.539	40.131	39.77	0.2733416
147	170.719	40.131	39.77	0.2732165
148	171.871	40.728	40.36	0.2731013
149	173.035	40.728	40.36	0.2729955
150	174.186	41.211	40.931	0.272873
151	175.339	41.211	40.931	0.2727703
152	176.493	41.871	41.486	0.2726502
153	177.645	41.871	41.486	0.2725435
154	178.796	42.423	42.028	0.2724373
155	179.948	42.423	42.028	0.2723352
156	181.101	42.963	42.558	0.272226
157	182.26	42.963	42.558	0.2721182
158	183.436	43.489	43.076	0.2720144
159	184.586	43.489	43.076	0.2719113
160	185.74	44.002	43.582	0.2718112
161	186.891	44.002	43.582	0.2717097
162	188.054	44.504	44.074	0.271605
163	189.211	44.504	44.074	0.2715091
164	190.391	44.913	44.555	0.2714065
165	191.541	44.913	44.555	0.2713116
166	192.694	45.554	45.258	0.2712124
167	193.848	45.554	45.258	0.2711196
168	195.0	46.024	45.487	0.2710312
169	196.152	46.024	45.487	0.2709404
170	197.305	46.486	46.165	0.2708448
171	198.456	46.486	46.165	0.2707508
172	199.607	46.94	46.606	0.2706667
173	200.761	46.94	46.606	0.2705747
174	201.907	47.389	47.041	0.2704853
175	203.061	47.389	47.041	0.2703994
176	204.211	47.828	47.469	0.27031
177	205.393	47.828	47.469	0.2702211
178	206.543	48.258	47.68	0.270132
179	207.699	48.258	47.68	0.2700422
180	208.847	48.681	48.301	0.2699501
181	210.002	48.681	48.301	0.2698568
182	211.151	49.097	48.706	0.2697718
183	212.303	49.097	48.706	0.2696923
184	213.452	49.506	49.104	0.2696091
185	214.609	49.506	49.104	0.2695402
186	215.761	49.91	49.496	0.2694485
187	216.914	49.91	49.496	0.269353
188	218.065	50.306	49.882	0.2692677
189	219.206	50.306	49.882	0.2691787
190	220.357	50.699	50.073	0.269092
191	221.511	50.699	50.073	0.269036
192	222.682	51.086	50.639	0.2689501
193	223.862	51.086	50.639	0.2688711
194	225.012	51.469	51.01	0.2687867
195	226.159	51.469	51.01	0.2687029
196	227.311	51.847	51.377	0.268628
197	228.461	51.847	51.377	0.268548
198	229.614	52.283	51.74	0.2684572
199	230.764	52.283	51.74	0.2683823
200	231.913	52.651	52.1	0.2683073
201	233.063	52.651	52.1	0.268225
202	234.215	52.954	52.455	0.2681591
203	235.369	52.954	52.455	0.2680912
204	236.522	53.372	52.631	0.2680114
205	237.677	53.372	52.631	0.267904
206	238.83	53.725	53.15	0.267823
207	239.983	53.725	53.15	0.2677217
208	241.134	54.075	53.491	0.2676322
209	242.289	54.075	53.491	0.2675431
210	243.441	54.419	53.828	0.2674601
211	244.59	54.419	53.828	0.2673884
212	245.739	54.761	54.161	0.26733
213	246.888	54.761	54.161	0.2672514
214	248.037	55.098	54.49	0.2671885
215	249.191	55.098	54.49	0.2671202
216	250.34	55.377	54.815	0.2670447
217	251.49	55.377	54.815	0.2669448
218	252.643	55.763	55.138	0.266875
219	253.795	55.763	55.138	0.266801
220	254.944	56.091	55.298	0.2667432
221	256.094	56.091	55.298	0.2666765
222	257.241	56.416	55.773	0.2666247
223	258.393	56.416	55.773	0.266557
224	259.538	56.792	56.087	0.2664945
225	260.719	56.792	56.087	0.2663919
226	261.87	57.111	56.398	0.2663277
227	263.024	57.111	56.398	0.2662477
228	264.176	57.428	56.707	0.2661839
229	265.327	57.428	56.707	0.2661134
230	266.477	57.743	57.013	0.2660488
231	267.705	58.054	57.317	0.2659669
232	268.858	58.054	57.317	0.2658897
233	270.009	58.361	57.619	0.2658271
234	271.162	58.361	57.619	0.2657439
235	272.346	58.666	57.918	0.2656869
236	273.5	58.666	57.918	0.2656189
237	274.68	58.966	58.067	0.2655382
238	275.847	58.966	58.067	0.2654549
239	276.997	59.265	58.507	0.2653974
240	278.148	59.265	58.507	0.2653275
241	279.297	59.561	58.797	0.265257
242	280.467	59.561	58.797	0.2651923
243	281.618	59.855	59.085	0.2651313
244	282.767	59.855	59.085	0.2650683
245	283.912	60.146	59.37	0.2649875
246	285.067	60.146	59.37	0.2649176
247	286.249	60.434	59.652	0.2648771
248	287.4	60.434	59.652	0.2648119
249	288.55	60.721	59.933	0.2647346
250	289.701	60.721	59.933	0.2646719
251	290.851	61.005	60.211	0.2645821
252	292.001	61.005	60.211	0.2645382
253	293.149	61.335	60.625	0.2644797
254	294.299	61.335	60.625	0.2643963
255	295.45	61.616	60.898	0.2643318
256	296.619	61.616	60.898	0.2642722
257	297.767	61.895	61.169	0.2642112
258	298.921	61.895	61.169	0.2641534
259	300.103	62.172	61.439	0.2640759
260	301.29	62.172	61.439	0.2640047
261	302.447	62.401	61.573	0.2639424
262	303.6	62.401	61.573	0.2638853
263	304.752	62.72	61.84	0.2638246
264	305.902	62.72	61.84	0.2637493
265	307.053	62.992	62.239	0.2636889
266	308.201	62.992	62.239	0.26363
267	309.388	63.263	62.371	0.2635647
268	310.538	63.263	62.371	0.2635069
269	311.703	63.534	62.764	0.2634469
270	312.858	63.534	62.764	0.2633843
271	314.005	63.803	63.025	0.2632957
272	315.156	63.803	63.025	0.2632347
273	316.311	64.068	63.155	0.2631691
274	317.463	64.068	63.155	0.2631064
275	318.632	64.332	63.543	0.2630463
276	319.78	64.332	63.543	0.263001
277	320.931	64.594	63.8	0.2629483
278	322.081	64.594	63.8	0.2628914
279	323.265	64.854	64.055	0.2628019
280	324.414	64.854	64.055	0.2627339
281	325.567	65.113	64.182	0.2626716
282	326.73	65.113	64.182	0.2626298
283	327.88	65.412	64.559	0.2625555
284	329.028	65.412	64.559	0.2624962
285	330.181	65.667	64.809	0.2624458
286	331.335	65.667	64.809	0.2623798
287	332.515	65.92	65.056	0.2623287
288	333.663	65.92	65.056	0.2622865
289	334.81	66.172	65.303	0.2622228
290	335.954	66.172	65.303	0.2621566
291	337.102	66.423	65.425	0.2620904
292	338.255	66.423	65.425	0.2620262
293	339.406	66.671	65.791	0.2619808
294	340.556	66.671	65.791	0.2619249
295	341.738	66.919	66.032	0.2618742
296	342.889	66.919	66.032	0.2618067
297	344.038	67.166	66.273	0.2617516
298	345.188	67.166	66.273	0.2617076
299	346.344	67.411	66.512	0.2616604
300	347.492	67.411	66.512	0.261594
301	348.677	67.656	66.751	0.2615257
302	349.83	67.656	66.751	0.2614742
303	351.012	67.898	66.869	0.2614332
304	352.16	67.898	66.869	0.2613637
305	353.308	68.14	67.223	0.2612969
306	354.461	68.14	67.223	0.2612482
307	355.61	68.382	67.458	0.2611791
308	356.766	68.382	67.458	0.261121
309	357.944	68.622	67.692	0.2610415
310	359.097	68.622	67.692	0.2610054
311	360.283	68.86	67.924	0.2609451
312	361.433	68.86	67.924	0.2609076
313	362.591	69.138	68.156	0.2608535
314	363.743	69.138	68.156	0.2607866
315	364.895	69.375	68.387	0.2607328
316	366.043	69.375	68.387	0.2607057
317	367.194	69.611	68.502	0.2606417
318	368.343	69.611	68.502	0.260562
319	369.496	69.846	68.846	0.2605347
320	370.679	69.846	68.846	0.2604913
321	371.826	70.081	69.074	0.2604497
322	372.974	70.081	69.074	0.2603992
323	374.158	70.275	69.301	0.2603179
324	375.307	70.275	69.301	0.2602641
325	376.457	70.545	69.528	0.2602019
326	377.607	70.545	69.528	0.2601299
327	378.758	70.776	69.753	0.2600971
328	379.91	70.776	69.753	0.2600459
329	381.064	71.005	69.979	0.260022
330	382.212	71.005	69.979	0.2599735
331	383.364	71.233	70.204	0.2599115
332	384.515	71.233	70.204	0.2598543
333	385.679	71.461	70.315	0.2598093
334	386.832	71.461	70.315	0.2597676
335	387.981	71.686	70.648	0.2597106
336	389.132	71.686	70.648	0.2596751
337	390.285	71.91	70.869	0.2596168
338	391.44	71.91	70.869	0.2595572
339	392.591	72.134	71.089	0.2595086
340	393.895	72.355	71.307	0.2594372
341	395.046	72.355	71.307	0.2594082
342	396.202	72.613	71.632	0.2593605
343	397.387	72.613	71.632	0.2592957
344	398.537	72.832	71.848	0.2592546
345	399.687	72.832	71.848	0.2592171
346	400.837	73.052	72.062	0.2591749
347	401.99	73.052	72.062	0.2591232
348	403.143	73.27	72.276	0.2590806
349	404.295	73.27	72.276	0.2590283
350	405.444	73.488	72.489	0.2589921
351	406.594	73.488	72.489	0.2589224
352	407.744	73.704	72.701	0.2588807
353	408.893	73.704	72.701	0.2588083
354	410.039	73.92	72.912	0.258759
355	411.189	73.92	72.912	0.2587231
356	412.342	74.135	73.123	0.2586814
357	413.493	74.135	73.123	0.2586406
358	414.643	74.349	73.332	0.2585827
359	415.827	74.349	73.332	0.25854
360	416.981	74.563	73.541	0.2585153
361	418.129	74.563	73.541	0.258452
362	419.28	74.776	73.749	0.2584136
363	420.43	74.776	73.749	0.2583663
364	421.589	74.988	73.956	0.2583261
365	422.742	74.988	73.956	0.2582515
366	423.891	75.199	74.163	0.2582135
367	425.04	75.199	74.163	0.2581652
368	426.192	75.41	74.369	0.2581563
369	427.344	75.41	74.369	0.2581079
370	428.507	75.655	74.575	0.2580638
371	429.692	75.655	74.575	0.2579935
372	430.843	75.865	74.78	0.2579394
373	431.996	75.865	74.78	0.2579255
374	433.157	76.073	74.984	0.2578754
375	434.311	76.073	74.984	0.2578269
376	435.476	76.282	75.188	0.2578143
377	436.643	76.282	75.188	0.2577787
378	437.792	76.489	75.391	0.2577723
379	438.957	76.489	75.391	0.2577127
380	440.108	76.697	75.594	0.2576731
381	441.261	76.697	75.594	0.2576186
382	442.414	76.903	75.796	0.2575868
383	443.596	76.903	75.796	0.2575689
384	444.778	77.109	75.997	0.2574979
385	445.927	77.109	75.997	0.2574885
386	447.077	77.314	76.198	0.2574254
387	448.232	77.314	76.198	0.257397
388	449.383	77.519	76.398	0.257381
389	450.534	77.519	76.398	0.2573256
390	451.684	77.723	76.598	0.2573087
391	452.835	77.723	76.598	0.2572348
392	453.996	77.925	76.798	0.257197
393	455.145	77.925	76.798	0.2571716
394	456.296	78.127	76.997	0.2571197
395	457.446	78.127	76.997	0.2570571
396	458.595	78.329	77.196	0.2570346
397	459.749	78.329	77.196	0.2569814
398	460.9	78.529	77.394	0.2569339
399	462.081	78.529	77.394	0.2569318
400	463.239	78.763	77.592	0.2569009
401	464.397	78.763	77.592	0.2568461
402	465.542	78.961	77.788	0.2567942
403	466.697	78.961	77.788	0.2567447
404	467.848	79.159	77.984	0.2567407
405	468.996	79.159	77.984	0.2566804
406	470.146	79.357	78.179	0.2566254
407	471.297	79.357	78.179	0.2566168
408	472.447	79.521	78.373	0.2566009
409	473.6	79.521	78.373	0.2565822
410	474.765	79.75	78.567	0.2565663
411	475.916	79.75	78.567	0.2565337
412	477.066	79.946	78.76	0.2564931
413	478.213	79.946	78.76	0.2564944
414	479.362	80.141	78.952	0.2564439
415	480.529	80.141	78.952	0.2564034
416	481.681	80.335	79.144	0.2563961
417	482.834	80.335	79.144	0.25638
418	483.983	80.497	79.335	0.2563618
419	485.137	80.497	79.335	0.2563401
420	486.288	80.722	79.526	0.2563302
421	487.439	80.722	79.526	0.2563413
422	488.592	80.914	79.716	0.2563241
423	489.759	80.914	79.716	0.2563637
424	490.923	81.106	79.905	0.2563073
425	492.088	81.106	79.905	0.2563255
426	493.239	81.299	80.094	0.2562695
427	494.392	81.299	80.094	0.2562447
428	495.557	81.489	80.283	0.2562557
429	496.712	81.489	80.283	0.2562197
430	497.862	81.711	80.564	0.2561665
431	499.013	81.711	80.564	0.2561426
432	500.192	81.902	80.751	0.2560949
433	501.344	81.902	80.751	0.2560578
434	502.497	82.091	80.938	0.2560237
435	503.68	82.091	80.938	0.2559822
436	504.829	82.28	81.124	0.2559367
437	505.982	82.28	81.124	0.255889
438	507.132	82.47	81.309	0.2558178
439	508.313	82.47	81.309	0.2557703
440	509.475	82.658	81.402	0.2557244
441	510.641	82.658	81.402	0.2556853
442	511.805	82.846	81.679	0.2556452
443	512.954	82.846	81.679	0.2556025
444	514.104	83.033	81.864	0.2555535
445	515.255	83.033	81.864	0.2555191
446	516.406	83.22	82.048	0.2554697
447	517.562	83.22	82.048	0.2554334
448	518.713	83.407	82.231	0.2553809
449	519.864	83.407	82.231	0.2553315
450	521.016	83.593	82.414	0.2553021
451	522.178	83.593	82.414	0.2552606
452	523.327	83.779	82.597	0.2552112
453	524.477	83.779	82.597	0.2551767
454	525.643	83.965	82.779	0.2551396
455	526.865	84.149	82.961	0.2550845
456	528.024	84.149	82.961	0.2550398
457	529.177	84.335	83.143	0.2549995
458	530.342	84.335	83.143	0.2549665
459	531.525	84.55	83.324	0.254917
460	532.71	84.55	83.324	0.2548757
461	533.879	84.734	83.506	0.2548332
462	535.046	84.734	83.506	0.2547905
463	536.212	84.887	83.686	0.2547483
464	537.377	84.887	83.686	0.2547054
465	538.544	85.102	83.866	0.2546599
466	539.709	85.102	83.866	0.2546161
467	540.875	85.287	83.956	0.2545778
468	542.029	85.287	83.956	0.2545238
469	543.197	85.469	84.226	0.2544838
470	544.366	85.469	84.226	0.2544402
471	545.529	85.652	84.405	0.2543947
472	546.698	85.652	84.405	0.2543472
473	547.864	85.833	84.584	0.2542872
474	549.032	85.833	84.584	0.254247
475	550.201	86.015	84.763	0.2541876
476	551.368	86.015	84.763	0.2541517
477	552.564	86.196	84.942	0.2541153
478	553.733	86.196	84.942	0.2540499
479	554.899	86.376	85.121	0.2539961
480	556.052	86.376	85.121	0.2539594
481	557.217	86.556	85.299	0.2539155
482	558.383	86.556	85.299	0.2538771
483	559.551	86.735	85.476	0.2538408
484	560.717	86.735	85.476	0.2537894
485	561.912	86.914	85.654	0.2537023
486	563.08	86.914	85.654	0.2536326
487	564.248	87.092	85.83	0.2535757
488	565.406	87.092	85.83	0.2535465
489	566.571	87.299	86.006	0.2534959
490	567.738	87.299	86.006	0.2534645
491	568.905	87.477	86.182	0.2534009
492	570.068	87.477	86.182	0.2533675
493	571.236	87.653	86.357	0.2533097
494	572.403	87.653	86.357	0.2532721
495	573.552	87.83	86.532	0.2532396
496	574.735	87.83	86.532	0.2532165
497	575.896	88.006	86.619	0.2531444
498	577.05	88.006	86.619	0.2530918
499	578.203	88.181	86.879	0.2530467
500	579.355	88.181	86.879	0.2530023
501	580.508	88.356	87.052	0.2529652
502	581.675	88.356	87.052	0.2529097
503	582.823	88.531	87.225	0.2528795
504	583.99	88.531	87.225	0.2528481
505	585.145	88.705	87.397	0.2528285
506	586.306	88.705	87.397	0.2527878
507	587.466	88.878	87.569	0.2527387
508	588.621	88.878	87.569	0.252694
509	589.787	89.052	87.74	0.2526488
510	590.94	89.052	87.74	0.2526089
511	592.105	89.225	87.911	0.252571
512	593.271	89.225	87.911	0.2525515
513	594.423	89.398	88.082	0.252516
514	595.576	89.398	88.082	0.2524807
515	596.741	89.57	88.252	0.2524375
516	597.956	89.742	88.422	0.2524007
517	599.112	89.742	88.422	0.2523617
518	600.267	89.942	88.676	0.2523368
519	601.421	89.942	88.676	0.2522951
520	602.593	90.113	88.845	0.2522519
521	603.76	90.113	88.845	0.2522203
522	604.926	90.284	89.013	0.2521807
523	606.091	90.284	89.013	0.2521501
524	607.243	90.454	89.181	0.2521272
525	608.396	90.454	89.181	0.2520882
526	609.55	90.624	89.349	0.2520429
527	610.72	90.624	89.349	0.2520125
528	611.872	90.766	89.516	0.251966
529	613.039	90.766	89.516	0.2519322
530	614.21	90.963	89.683	0.2518892
531	615.374	90.963	89.683	0.2518781
532	616.539	91.132	89.85	0.2518498
533	617.703	91.132	89.85	0.2518619
534	618.856	91.302	90.017	0.2518308
535	620.021	91.302	90.017	0.2518068
536	621.186	91.469	90.183	0.2517734
537	622.349	91.469	90.183	0.2517326
538	623.503	91.638	90.349	0.2516774
539	624.659	91.638	90.349	0.2516402
540	625.81	91.805	90.515	0.2516087
541	626.961	91.805	90.515	0.2515663
542	628.111	91.974	90.68	0.2515261
543	629.276	91.974	90.68	0.2514979
544	630.442	92.141	90.845	0.2514583
545	631.602	92.141	90.845	0.2514243
546	632.763	92.308	91.01	0.251377
547	633.913	92.308	91.01	0.2513402
548	635.075	92.503	91.175	0.2513075
549	636.23	92.503	91.175	0.2512632
550	637.382	92.669	91.339	0.2512184
551	638.538	92.669	91.339	0.251185
552	639.691	92.836	91.503	0.2511513
553	640.856	92.836	91.503	0.2511086
554	642.006	93.001	91.667	0.2510664
555	643.158	93.001	91.667	0.2510311
556	644.31	93.167	91.83	0.2509984
557	645.494	93.167	91.83	0.250964
558	646.675	93.333	91.993	0.2509311
559	647.861	93.333	91.993	0.2508922
560	649.026	93.498	92.075	0.2508582
561	650.186	93.498	92.075	0.2508173
562	651.338	93.663	92.235	0.2507769
563	652.488	93.663	92.235	0.2507396
564	653.639	93.828	92.479	0.2506984
565	654.793	93.828	92.479	0.2506645
566	655.944	93.991	92.561	0.2506203
567	657.097	93.991	92.561	0.2505848
568	658.249	94.155	92.803	0.2505505
569	659.401	94.155	92.803	0.2505139
570	660.551	94.317	92.965	0.2504672
571	661.712	94.317	92.965	0.2504162
572	662.866	94.48	93.046	0.2503733
573	664.015	94.48	93.046	0.2503295
574	665.171	94.642	93.288	0.2502983
575	666.328	94.642	93.288	0.2502609
576	667.476	94.804	93.449	0.2502303
577	668.643	94.804	93.449	0.2501923
578	669.795	94.993	93.61	0.2501543
579	670.953	94.993	93.61	0.2501177
580	672.109	95.153	93.69	0.2500833
581	673.262	95.153	93.69	0.2500393
582	674.417	95.314	93.93	0.249993
583	675.567	95.314	93.93	0.2499544
584	676.756	95.475	94.09	0.24992
585	677.907	95.475	94.09	0.2498841
586	679.061	95.634	94.249	0.2498464
587	680.214	95.634	94.249	0.2498085
588	681.398	95.794	94.408	0.249771
589	682.55	95.794	94.408	0.2497299
590	683.705	95.952	94.488	0.2496871
591	684.858	95.952	94.488	0.2496524
592	686.008	96.111	94.725	0.2496143
593	687.166	96.111	94.725	0.249574
594	688.318	96.243	94.883	0.2495376
595	689.499	96.243	94.883	0.2495054
596	690.652	96.427	95.04	0.2494762
597	691.808	96.427	95.04	0.2494389
598	692.959	96.585	95.197	0.2493838
599	694.142	96.585	95.197	0.24935
600	695.301	96.743	95.354	0.2493093
601	696.451	96.743	95.354	0.2492741
602	697.609	96.9	95.432	0.24923
603	698.863	97.056	95.666	0.2491813
604	700.016	97.056	95.666	0.2491509
605	701.169	97.212	95.822	0.2491202
606	702.324	97.212	95.822	0.2490803
607	703.478	97.395	96.054	0.249051
608	704.629	97.395	96.054	0.2490314
609	705.786	97.55	96.209	0.2489889
610	706.943	97.55	96.209	0.2489548
611	708.125	97.706	96.363	0.2489239
612	709.278	97.706	96.363	0.2488861
613	710.43	97.861	96.517	0.2488467
614	711.582	97.861	96.517	0.2488136
615	712.767	98.016	96.671	0.248778
616	713.921	98.016	96.671	0.2487278
617	715.078	98.171	96.825	0.2487041
618	716.231	98.171	96.825	0.2486644
619	717.383	98.325	96.978	0.2486242
620	718.538	98.325	96.978	0.2485904
621	719.691	98.479	97.131	0.2485586
622	720.846	98.479	97.131	0.2485219
623	722.003	98.633	97.284	0.248479
624	723.157	98.633	97.284	0.2484528
625	724.31	98.786	97.436	0.2484157
626	725.464	98.786	97.436	0.2483942
627	726.618	98.94	97.589	0.248357
628	727.771	98.94	97.589	0.2483173
629	728.929	99.093	97.741	0.2482873
630	730.081	99.093	97.741	0.2482587
631	731.234	99.246	97.892	0.2482132
632	732.385	99.246	97.892	0.2481942
633	733.537	99.398	98.043	0.2481497
634	734.691	99.398	98.043	0.2481205
635	735.875	99.576	98.194	0.2480877
636	737.028	99.576	98.194	0.2480561
637	738.184	99.728	98.346	0.2480227
638	739.338	99.728	98.346	0.2479877
639	740.492	99.88	98.496	0.2479537
640	741.64	99.88	98.496	0.2479219
641	742.812	100.032	98.646	0.2478801
642	743.954	100.032	98.646	0.2478569
643	745.108	100.183	98.796	0.2478296
644	746.26	100.183	98.796	0.2478073
645	747.412	100.335	98.946	0.2477732
646	748.57	100.335	98.946	0.2477345
647	749.725	100.486	99.096	0.2476968
648	750.879	100.486	99.096	0.2476621
649	752.03	100.636	99.246	0.2476316
650	753.181	100.636	99.246	0.2476182
651	754.334	100.787	99.395	0.2475849
652	755.491	100.787	99.395	0.2475366
653	756.648	100.937	99.544	0.2475027
654	757.802	100.937	99.544	0.24747
655	758.972	101.087	99.693	0.2474351
656	760.155	101.087	99.693	0.2473902
657	761.309	101.237	99.842	0.2473691
658	762.467	101.237	99.842	0.2473336
659	763.622	101.362	99.991	0.2472989
660	764.81	101.362	99.991	0.2472581
661	765.957	101.537	100.139	0.2472242
662	767.112	101.537	100.139	0.2471919
663	768.27	101.686	100.287	0.2471602
664	769.422	101.686	100.287	0.2471299
665	770.572	101.86	100.435	0.2471047
666	771.725	101.86	100.435	0.2470618
667	772.879	102.009	100.583	0.2470545
668	774.034	102.009	100.583	0.247002
669	775.185	102.158	100.73	0.2469779
670	776.339	102.158	100.73	0.246958
671	777.495	102.307	100.878	0.2469276
672	778.651	102.307	100.878	0.2468781
673	779.805	102.456	101.025	0.2468628
674	780.961	102.456	101.025	0.2468161
675	782.117	102.604	101.172	0.246779
676	783.269	102.604	101.172	0.2467504
677	784.424	102.752	101.319	0.2467134
678	785.577	102.752	101.319	0.2466816
679	786.732	102.9	101.465	0.2466498
680	787.881	102.9	101.465	0.2466162
681	789.035	103.048	101.612	0.2465932
682	790.186	103.048	101.612	0.24656
683	791.339	103.197	101.759	0.2465284
684	792.49	103.197	101.759	0.2464978
685	793.673	103.344	101.905	0.2464767
686	794.823	103.344	101.905	0.2464388
687	795.978	103.492	102.05	0.2463983
688	797.126	103.492	102.05	0.2463706
689	798.309	103.641	102.196	0.24632
690	799.464	103.641	102.196	0.2462992
691	800.615	103.788	102.343	0.2462667
692	801.788	103.788	102.343	0.2462394
693	802.946	103.937	102.488	0.2462013
694	804.096	103.937	102.488	0.2461693
695	805.254	104.109	102.706	0.246134
696	806.41	104.109	102.706	0.2461046
697	807.563	104.256	102.852	0.2460726
698	808.736	104.256	102.852	0.2460204
699	809.888	104.402	102.996	0.2459911
700	811.041	104.402	102.996	0.2459525
701	812.198	104.549	103.141	0.2459154
702	813.353	104.549	103.141	0.2458796
703	814.538	104.695	103.287	0.245843
704	815.693	104.695	103.287	0.2458103
705	816.876	104.841	103.432	0.2457801
706	818.028	104.841	103.432	0.245753
707	819.184	104.987	103.577	0.245716
708	820.413	105.133	103.723	0.2456706
709	821.561	105.133	103.723	0.2456422
710	822.744	105.278	103.868	0.2456113
711	823.924	105.278	103.868	0.2455808
712	825.077	105.423	103.94	0.2455494
713	826.23	105.423	103.94	0.245501
714	827.381	105.567	104.157	0.2454614
715	828.536	105.567	104.157	0.2454397
716	829.687	105.712	104.3	0.2454197
717	830.84	105.712	104.3	0.2453895
718	831.994	105.856	104.444	0.2453595
719	833.147	105.856	104.444	0.2453227
720	834.327	106.001	104.588	0.2452871
721	835.48	106.001	104.588	0.2452553
722	836.632	106.144	104.732	0.2452212
723	837.785	106.144	104.732	0.2451763
724	838.94	106.311	104.875	0.2451543
725	840.09	106.311	104.875	0.2451134
726	841.259	106.455	105.018	0.2450836
727	842.408	106.455	105.018	0.2450577
728	843.557	106.599	105.16	0.2450167
729	844.719	106.599	105.16	0.2450001
730	845.885	106.741	105.303	0.2449635
731	847.033	106.741	105.303	0.2449342
732	848.194	106.884	105.445	0.2448902
733	849.343	106.884	105.445	0.2448611
734	850.491	107.027	105.587	0.2448439
735	851.641	107.027	105.587	0.2448168
736	852.797	107.169	105.729	0.2447792
737	853.945	107.169	105.729	0.2447439
738	855.094	107.311	105.799	0.2447018
739	856.243	107.311	105.799	0.2446774
740	857.397	107.453	106.012	0.2446402
741	858.553	107.453	106.012	0.2446241
742	859.705	107.595	106.153	0.2445992
743	860.853	107.595	106.153	0.2445758
744	862.038	107.737	106.294	0.2445378
745	863.188	107.737	106.294	0.2444904
746	864.338	107.878	106.434	0.2444549
747	865.488	107.878	106.434	0.2444143
748	866.64	108.019	106.575	0.2443829
749	867.797	108.019	106.575	0.2443478
750	868.946	108.16	106.715	0.2443236
751	870.095	108.16	106.715	0.2442949
752	871.276	108.301	106.855	0.2442616
753	872.427	108.301	106.855	0.2442355
754	873.575	108.465	106.994	0.2442134
755	874.727	108.465	106.994	0.2441922
756	875.874	108.605	107.134	0.2441553
757	877.042	108.605	107.134	0.2441555
758	878.197	108.719	107.274	0.2441225
759	879.347	108.719	107.274	0.2440934
760	880.503	108.883	107.413	0.2440643
761	881.688	108.883	107.413	0.2440372
762	882.869	109.022	107.552	0.2440058
763	884.02	109.022	107.552	0.2439657
764	885.171	109.138	107.691	0.2439288
765	886.322	109.138	107.691	0.2439053
766	887.467	109.302	107.76	0.2438754
767	888.618	109.302	107.76	0.2438388
768	889.769	109.442	107.968	0.2437933
769	890.923	109.442	107.968	0.2437926
770	892.073	109.581	108.106	0.2437712
771	893.225	109.581	108.106	0.2437428
772	894.377	109.721	108.245	0.2437228
773	895.532	109.721	108.245	0.2436914
774	896.694	109.859	108.383	0.2436758
775	897.843	109.859	108.383	0.2436395
776	898.994	109.975	108.521	0.2435984
777	900.143	109.975	108.521	0.24357
778	901.29	110.137	108.659	0.2435413
779	902.441	110.137	108.659	0.2435129
780	903.594	110.275	108.796	0.2434788
781	904.744	110.275	108.796	0.2434475
782	905.897	110.414	108.934	0.2434032
783	907.044	110.414	108.934	0.2433658
784	908.192	110.576	109.14	0.2433434
785	909.344	110.576	109.14	0.2433219
786	910.496	110.714	109.277	0.2432746
787	911.658	110.714	109.277	0.2432415
788	912.808	110.852	109.414	0.2432255
789	913.957	110.852	109.414	0.2431764
790	915.105	110.99	109.55	0.2431512
791	916.256	110.99	109.55	0.2431195
792	917.408	111.127	109.687	0.2430842
793	918.571	111.127	109.687	0.2430729
794	919.723	111.265	109.823	0.2430386
795	920.872	111.265	109.823	0.2430034
796	922.057	111.403	109.96	0.2429765
797	923.208	111.403	109.96	0.2429522
798	924.358	111.54	110.096	0.2429309
799	925.507	111.54	110.096	0.2429027
800	926.676	111.677	110.232	0.2428702
801	927.825	111.677	110.232	0.2428481
802	928.972	111.814	110.367	0.2428116
803	930.12	111.814	110.367	0.2427897
804	931.273	111.952	110.503	0.2427535
805	932.432	111.952	110.503	0.2427168
806	933.612	112.089	110.639	0.2426933
807	934.762	112.089	110.639	0.2426592
808	935.909	112.225	110.775	0.24263
809	937.058	112.225	110.775	0.2426051
810	938.21	112.362	110.911	0.2425702
811	939.361	112.362	110.911	0.2425433
812	940.511	112.521	111.046	0.2425094
813	941.662	112.521	111.046	0.2424833
814	942.814	112.658	111.181	0.2424542
815	943.961	112.658	111.181	0.242422
816	945.121	112.794	111.316	0.2423952
817	946.268	112.794	111.316	0.2423653
818	947.418	112.931	111.452	0.2423356
819	948.569	112.931	111.452	0.242302
820	949.755	113.067	111.586	0.2422728
821	950.905	113.067	111.586	0.2422362
822	952.055	113.203	111.722	0.242209
823	953.208	113.203	111.722	0.2421791
824	954.36	113.339	111.856	0.2421516
825	955.509	113.339	111.856	0.2421206
826	956.656	113.475	111.991	0.2420944
827	957.81	113.475	111.991	0.2420518
828	958.962	113.611	112.125	0.2420325
829	960.112	113.611	112.125	0.2419926
830	961.265	113.747	112.26	0.2419609
831	962.416	113.747	112.26	0.2419433
832	963.57	113.882	112.394	0.2419135
833	964.72	113.882	112.394	0.2418701
834	965.871	114.017	112.528	0.2418427
835	967.023	114.017	112.528	0.2418137
836	968.2	114.153	112.662	0.2417935
837	969.355	114.153	112.662	0.2417754
838	970.507	114.288	112.796	0.2417466
839	971.669	114.288	112.796	0.2417182
840	972.815	114.423	112.929	0.2416913
841	973.965	114.423	112.929	0.2416643
842	975.113	114.557	113.063	0.2416353
843	976.261	114.557	113.063	0.2415986
844	977.44	114.714	113.197	0.2415575
845	978.656	114.848	113.33	0.2415296
846	979.804	114.848	113.33	0.2414982
847	980.954	114.982	113.464	0.2414663
848	982.107	114.982	113.464	0.2414438
849	983.256	115.117	113.597	0.2414141
850	984.408	115.117	113.597	0.2413798
851	985.558	115.25	113.731	0.2413579
852	986.703	115.25	113.731	0.2413343
853	987.854	115.384	113.864	0.2413014
854	989.002	115.384	113.864	0.2412656
855	990.172	115.517	113.998	0.2412464
856	991.338	115.517	113.998	0.2412184
857	992.49	115.65	114.131	0.2411824
858	993.639	115.65	114.131	0.241161
859	994.789	115.783	114.264	0.241138
860	995.939	115.783	114.264	0.2411146
861	997.091	115.914	114.396	0.241082
862	998.27	115.914	114.396	0.241041
863	999.42	116.047	114.529	0.2410197
864	1000.568	116.047	114.529	0.2409889
865	1001.717	116.179	114.662	0.2409607
866	1002.87	116.179	114.662	0.2409257
867	1004.022	116.312	114.794	0.2409013
868	1005.199	116.312	114.794	0.2408674
869	1006.349	116.443	114.926	0.240836
870	1007.504	116.443	114.926	0.240814
871	1008.652	116.575	115.058	0.2407834
872	1009.835	116.575	115.058	0.2407554
873	1010.987	116.729	115.255	0.2407275
874	1012.136	116.729	115.255	0.2407014
875	1013.288	116.86	115.387	0.2406708
876	1014.456	116.86	115.387	0.2406392
877	1015.608	116.991	115.518	0.240608
878	1016.772	116.991	115.518	0.240584
879	1017.918	117.122	115.649	0.2405537
880	1019.067	117.122	115.649	0.2405182
881	1020.217	117.253	115.78	0.2404959
882	1021.369	117.253	115.78	0.2404611
883	1022.513	117.383	115.91	0.2404372
884	1023.662	117.383	115.91	0.2404078
885	1024.838	117.514	116.041	0.2403837
886	1025.984	117.514	116.041	0.2403557
887	1027.13	117.644	116.171	0.2403234
888	1028.284	117.644	116.171	0.2402925
889	1029.437	117.774	116.301	0.2402661
890	1030.597	117.774	116.301	0.2402324
891	1031.752	117.904	116.431	0.2402107
892	1032.933	117.904	116.431	0.2401739
893	1034.08	118.034	116.56	0.2401432
894	1035.229	118.034	116.56	0.2401235
895	1036.382	118.142	116.625	0.2400854
896	1037.561	118.142	116.625	0.2400693
897	1038.71	118.293	116.819	0.2400457
898	1039.863	118.293	116.819	0.2400289
899	1041.015	118.422	116.948	0.2399974
900	1042.199	118.422	116.948	0.2399672
901	1043.35	118.552	117.077	0.239944
902	1044.5	118.552	117.077	0.2399156
903	1045.653	118.702	117.206	0.2398933
904	1046.805	118.702	117.206	0.2398695
905	1047.952	118.831	117.334	0.2398415
906	1049.105	118.831	117.334	0.2398098
907	1050.257	118.96	117.463	0.2397832
908	1051.41	118.96	117.463	0.239753
909	1052.563	119.089	117.592	0.2397162
910	1053.712	119.089	117.592	0.2396966
911	1054.866	119.216	117.72	0.2396518
912	1056.015	119.216	117.72	0.2396075
913	1057.196	119.345	117.848	0.239581
914	1058.344	119.345	117.848	0.2395484
915	1059.493	119.474	117.976	0.2395162
916	1060.644	119.474	117.976	0.2394936
917	1061.797	119.602	118.104	0.2394638
918	1062.947	119.602	118.104	0.2394394
919	1064.097	119.73	118.232	0.2394131
920	1065.249	119.73	118.232	0.239393
921	1066.417	119.858	118.359	0.2393604
922	1067.569	119.858	118.359	0.2393357
923	1068.719	119.986	118.486	0.2393133
924	1069.87	119.986	118.486	0.2392823
925	1071.02	120.113	118.613	0.23926
926	1072.169	120.113	118.613	0.2392464
927	1073.316	120.241	118.74	0.2392235
928	1074.465	120.241	118.74	0.2391986
929	1075.618	120.368	118.867	0.2391775
930	1076.799	120.368	118.867	0.2391521
931	1077.951	120.516	118.994	0.2391253
932	1079.103	120.516	118.994	0.2391017
933	1080.285	120.644	119.057	0.2390669
934	1081.436	120.644	119.057	0.2390373
935	1082.591	120.771	119.247	0.2390143
936	1083.74	120.771	119.247	0.2389825
937	1084.888	120.897	119.373	0.2389569
938	1086.035	120.897	119.373	0.2389287
939	1087.185	121.024	119.5	0.2389005
940	1088.338	121.024	119.5	0.2388757
941	1089.488	121.15	119.626	0.238848
942	1090.637	121.15	119.626	0.2388141
943	1091.816	121.277	119.752	0.2387934
944	1092.967	121.277	119.752	0.2387687
945	1094.117	121.403	119.878	0.2387448
946	1095.267	121.403	119.878	0.2387233
947	1096.416	121.53	120.004	0.2386956
948	1097.57	121.53	120.004	0.2386592
949	1098.724	121.656	120.13	0.2386303
950	1099.878	121.656	120.13	0.2386145
951	1101.03	121.782	120.255	0.2385803
952	1102.182	121.782	120.255	0.238549
953	1103.333	121.908	120.38	0.23852
954	1104.481	121.908	120.38	0.2385022
955	1105.631	122.034	120.506	0.2384712
956	1106.811	122.034	120.506	0.2384496
957	1107.961	122.16	120.631	0.2384206
958	1109.106	122.16	120.631	0.2383883
959	1110.252	122.286	120.756	0.2383526
960	1111.4	122.286	120.756	0.2383166
961	1112.549	122.432	120.944	0.2382833
962	1113.732	122.432	120.944	0.2382607
963	1114.878	122.558	121.069	0.2382296
964	1116.028	122.558	121.069	0.2382029
965	1117.179	122.683	121.193	0.2381796
966	1118.328	122.683	121.193	0.2381555
967	1119.477	122.808	121.318	0.2381201
968	1120.628	122.808	121.318	0.2381083
969	1121.778	122.934	121.443	0.2380707
970	1122.93	122.934	121.443	0.238051
971	1124.078	123.059	121.567	0.2380174
972	1125.229	123.059	121.567	0.2379709
973	1126.378	123.184	121.692	0.2379604
974	1127.531	123.184	121.692	0.237922
975	1128.679	123.308	121.816	0.2378974
976	1129.831	123.308	121.816	0.2378792
977	1130.98	123.434	121.94	0.2378528
978	1132.162	123.434	121.94	0.2378255
979	1133.306	123.558	122.064	0.2377952
980	1134.457	123.558	122.064	0.2377616
981	1135.625	123.682	122.188	0.2377378
982	1136.804	123.682	122.188	0.2377231
983	1137.968	123.807	122.312	0.2376868
984	1139.238	123.932	122.436	0.2376519
985	1140.376	123.932	122.436	0.2376356
986	1141.524	124.056	122.56	0.2376071
987	1142.676	124.056	122.56	0.2375761
988	1143.824	124.18	122.683	0.2375548
989	1144.981	124.18	122.683	0.2375165
990	1146.125	124.304	122.807	0.2375051
991	1147.276	124.304	122.807	0.2374771
992	1148.426	124.449	122.931	0.2374462
993	1149.607	124.449	122.931	0.2374142
994	1150.789	124.573	123.054	0.2373904
995	1151.955	124.573	123.054	0.237369
996	1153.119	124.697	123.177	0.2373295
997	1154.272	124.697	123.177	0.2373102
998	1155.422	124.821	123.3	0.2372895
999	1156.586	124.821	123.3	0.2372624
1000	1157.736	124.945	123.423	0.2372387
1001	1158.901	124.945	123.423	0.2372151
1002	1160.056	125.069	123.547	0.2371853
1003	1161.223	125.069	123.547	0.2371654
1004	1162.372	125.192	123.67	0.2371433
1005	1163.525	125.192	123.67	0.2371026
1006	1164.688	125.316	123.793	0.2370695
1007	1165.851	125.316	123.793	0.2370466
1008	1167.0	125.439	123.915	0.2370223
1009	1168.164	125.439	123.915	0.2370006
1010	1169.329	125.563	124.038	0.23698
1011	1170.49	125.563	124.038	0.2369537
1012	1171.653	125.686	124.161	0.2369276
1013	1172.836	125.686	124.161	0.2369071
1014	1174.001	125.81	124.283	0.2368793
1015	1175.153	125.81	124.283	0.2368472
1016	1176.303	125.933	124.405	0.2368292
1017	1177.467	125.933	124.405	0.2367939
1018	1178.631	126.057	124.528	0.2367696
1019	1179.814	126.057	124.528	0.2367588
1020	1180.978	126.181	124.65	0.2367271
1021	1182.129	126.181	124.65	0.2366949
1022	1183.279	126.325	124.773	0.2366574
1023	1184.443	126.325	124.773	0.2366373
1024	1185.607	126.448	124.895	0.2366074
1025	1186.789	126.448	124.895	0.2365775
1026	1187.952	126.571	125.017	0.2365475
1027	1189.1	126.571	125.017	0.2365205
1028	1190.251	126.694	125.139	0.236491
1029	1191.401	126.694	125.139	0.2364507
1030	1192.563	126.817	125.261	0.2364286
1031	1193.725	126.817	125.261	0.2364105
1032	1194.922	126.939	125.383	0.2363816
1033	1196.082	126.939	125.383	0.2363576
1034	1197.248	127.061	125.505	0.2363356
1035	1198.43	127.061	125.505	0.2363085
1036	1199.596	127.183	125.627	0.2362695
1037	1200.78	127.183	125.627	0.2362604
1038	1201.938	127.305	125.749	0.2362325
1039	1203.09	127.305	125.749	0.236209
1040	1204.256	127.427	125.871	0.2361804
1041	1205.409	127.427	125.871	0.2361569
1042	1206.564	127.549	125.993	0.2361216
1043	1207.757	127.549	125.993	0.2361022
1044	1208.949	127.671	126.115	0.2360826
1045	1210.11	127.671	126.115	0.2360567
1046	1211.269	127.792	126.237	0.2360287
1047	1212.42	127.792	126.237	0.23601
1048	1213.582	127.914	126.358	0.2359747
1049	1214.754	127.914	126.358	0.2359577
1050	1215.935	128.035	126.48	0.2359299
1051	1217.173	128.156	126.662	0.2359131
1052	1218.324	128.156	126.662	0.2358864
1053	1219.489	128.297	126.783	0.2358648
1054	1220.643	128.297	126.783	0.235828
1055	1221.796	128.418	126.904	0.235808
1056	1222.978	128.418	126.904	0.2357816
1057	1224.143	128.539	127.024	0.2357507
1058	1225.308	128.539	127.024	0.2357358
1059	1226.473	128.659	127.145	0.2357132
1060	1227.623	128.659	127.145	0.2356907
1061	1228.802	128.779	127.265	0.235667
1062	1229.966	128.779	127.265	0.2356447
1063	1231.118	128.9	127.386	0.2356223
1064	1232.281	128.9	127.386	0.2355978
1065	1233.444	129.02	127.506	0.2355605
1066	1234.611	129.02	127.506	0.2355386
1067	1235.775	129.139	127.625	0.2355193
1068	1236.951	129.139	127.625	0.2354928
1069	1238.117	129.259	127.745	0.2354737
1070	1239.278	129.259	127.745	0.2354568
1071	1240.442	129.379	127.865	0.2354233
1072	1241.607	129.379	127.865	0.2354072
1073	1242.769	129.499	127.984	0.2353751
1074	1243.933	129.499	127.984	0.2353452
1075	1245.1	129.618	128.104	0.2353051
1076	1246.249	129.618	128.104	0.2352801
1077	1247.399	129.737	128.223	0.2352587
1078	1248.561	129.737	128.223	0.2352243
1079	1249.714	129.856	128.343	0.2351995
1080	1250.894	129.856	128.343	0.2351671
1081	1252.045	129.995	128.462	0.2351265
1082	1253.194	129.995	128.462	0.2351054
1083	1254.355	130.115	128.581	0.2350724
1084	1255.539	130.115	128.581	0.2350467
1085	1256.706	130.233	128.7	0.2350321
1086	1257.857	130.233	128.7	0.2350048
1087	1259.005	130.351	128.818	0.2349868
1088	1260.167	130.351	128.818	0.2349586
1089	1261.323	130.471	128.878	0.2349229
1090	1262.468	130.471	128.878	0.234925
1091	1263.624	130.589	129.055	0.2348958
1092	1264.789	130.589	129.055	0.2348711
1093	1265.952	130.707	129.174	0.2348458
1094	1267.109	130.707	129.174	0.2348208
1095	1268.289	130.825	129.292	0.2348062
1096	1269.484	130.825	129.292	0.2347596
1097	1270.634	130.944	129.41	0.2347366
1098	1271.792	130.944	129.41	0.2347011
1099	1272.942	131.062	129.528	0.234657
1100	1274.105	131.062	129.528	0.2346489
1101	1275.257	131.18	129.646	0.2345611
1102	1276.407	131.18	129.646	0.2345107
1103	1277.559	131.298	129.763	0.2344693
1104	1278.725	131.298	129.763	0.2344288
1105	1279.887	131.415	129.881	0.2344163
1106	1281.039	131.415	129.881	0.234402
1107	1282.204	131.534	129.999	0.2343811
1108	1283.357	131.534	129.999	0.2343181
1109	1284.52	131.651	130.116	0.2343155
1110	1285.685	131.651	130.116	0.2342641
1111	1286.85	131.789	130.234	0.2342502
1112	1288.002	131.789	130.234	0.2341976
1113	1289.154	131.906	130.351	0.2341785
1114	1290.306	131.906	130.351	0.2341259
1115	1291.468	132.023	130.468	0.2341135
1116	1292.633	132.023	130.468	0.2340934
1117	1293.786	132.121	130.584	0.234052
1118	1294.95	132.121	130.584	0.2340363
1119	1296.109	132.258	130.701	0.2340149
1120	1297.261	132.258	130.701	0.2339902
1121	1298.412	132.375	130.818	0.2339684
1122	1299.564	132.375	130.818	0.2339552
1123	1300.716	132.491	130.935	0.2339198
1124	1301.867	132.491	130.935	0.233906
1125	1303.02	132.608	131.052	0.2338926
1126	1304.183	132.608	131.052	0.2338944
1127	1305.35	132.726	131.168	0.2338841
1128	1306.517	132.726	131.168	0.2338841
1129	1307.682	132.842	131.227	0.2338461
1130	1308.904	132.958	131.401	0.2338006
1131	1310.076	132.958	131.401	0.233779
1132	1311.242	133.076	131.518	0.233762
1133	1312.423	133.076	131.518	0.2337499
1134	1313.588	133.192	131.634	0.2337403
1135	1314.789	133.192	131.634	0.2336994
1136	1315.955	133.308	131.75	0.2336896
1137	1317.119	133.308	131.75	0.2336685
1138	1318.283	133.425	131.866	0.2336361
1139	1319.448	133.425	131.866	0.2336186
1140	1320.614	133.56	132.04	0.2336201
1141	1321.78	133.56	132.04	0.2335939
1142	1322.976	133.676	132.155	0.2335835
1143	1324.142	133.676	132.155	0.233566
1144	1325.307	133.792	132.271	0.2335566
1145	1326.505	133.792	132.271	0.2335442
1146	1327.669	133.908	132.387	0.2335501
1147	1328.851	133.908	132.387	0.2335241
1148	1330.012	134.024	132.502	0.233523
1149	1331.169	134.024	132.502	0.2335122
1150	1332.338	134.14	132.618	0.2334925
1151	1333.504	134.14	132.618	0.2334771
1152	1334.663	134.257	132.734	0.2334642
1153	1335.828	134.257	132.734	0.2334724
1154	1336.995	134.372	132.849	0.2334431
1155	1338.16	134.372	132.849	0.2334219
1156	1339.354	134.487	132.964	0.2334052
1157	1340.522	134.487	132.964	0.2333904
1158	1341.688	134.603	133.079	0.2333728
1159	1342.872	134.603	133.079	0.2333502
1160	1344.038	134.718	133.194	0.2333232
1161	1345.204	134.718	133.194	0.2332997
1162	1346.37	134.833	133.309	0.233278
1163	1347.538	134.833	133.309	0.2332466
1164	1348.719	134.949	133.424	0.2332249
1165	1349.885	134.949	133.424	0.2332015
1166	1351.051	135.065	133.538	0.2331764
1167	1352.213	135.065	133.538	0.233137
1168	1353.393	135.179	133.654	0.2331171
1169	1354.56	135.179	133.654	0.2330937
1170	1355.728	135.314	133.768	0.2330755
1171	1356.891	135.314	133.768	0.2330482
1172	1358.059	135.428	133.883	0.2330351
1173	1359.223	135.428	133.883	0.2329953
1174	1360.387	135.544	133.997	0.2329674
1175	1361.55	135.544	133.997	0.232948
1176	1362.718	135.659	134.112	0.2329152
1177	1363.947	135.774	134.227	0.2328996
1178	1365.14	135.774	134.227	0.2328785
1179	1366.305	135.889	134.341	0.2328569
1180	1367.471	135.889	134.341	0.2328182
1181	1368.636	135.984	134.455	0.232793
1182	1369.801	135.984	134.455	0.2327646
1183	1370.964	136.117	134.569	0.2327145
1184	1372.145	136.117	134.569	0.2326815
1185	1373.31	136.232	134.683	0.2326793
1186	1374.475	136.232	134.683	0.232647
1187	1375.639	136.347	134.797	0.2325654
1188	1376.824	136.347	134.797	0.2324959
1189	1377.988	136.462	134.912	0.2323905
1190	1379.155	136.462	134.912	0.2322066
1191	1380.319	136.576	135.026	0.2321854
1192	1381.485	136.576	135.026	0.2321499
1193	1382.642	136.691	135.14	0.2320525
1194	1383.807	136.691	135.14	0.2320258
1195	1384.971	136.805	135.254	0.2318654
1196	1386.12	136.805	135.254	0.2318233
1197	1387.272	136.92	135.368	0.2317995
1198	1388.439	136.92	135.368	0.231755
1199	1389.588	137.033	135.481	0.2317204
1200	1390.772	137.033	135.481	0.2316851
1201	1391.923	137.167	135.595	0.2316433
1202	1393.073	137.167	135.595	0.2315457
1203	1394.237	137.282	135.709	0.2314957
1204	1395.389	137.282	135.709	0.2314384
1205	1396.542	137.395	135.822	0.2314098
1206	1397.707	137.395	135.822	0.2313562
1207	1398.87	137.509	135.936	0.2313112
1208	1400.019	137.509	135.936	0.231251
1209	1401.169	137.623	136.05	0.2312255
1210	1402.323	137.623	136.05	0.2311833
1211	1403.474	137.737	136.163	0.2311404
1212	1404.636	137.737	136.163	0.2310976
1213	1405.786	137.851	136.276	0.2310397
1214	1406.935	137.851	136.276	0.2310183
1215	1408.088	137.965	136.39	0.2309976
1216	1409.242	137.965	136.39	0.2309643
1217	1410.395	138.078	136.503	0.2309467
1218	1411.543	138.078	136.503	0.2309152
1219	1412.704	138.193	136.616	0.2308741
1220	1413.869	138.193	136.616	0.2308538
1221	1415.02	138.306	136.729	0.2308264
1222	1416.17	138.306	136.729	0.2307988
1223	1417.321	138.419	136.842	0.2307846
1224	1418.472	138.419	136.842	0.230769
1225	1419.624	138.533	136.955	0.2307439
1226	1420.807	138.533	136.955	0.2307233
1227	1421.957	138.646	137.068	0.2307084
1228	1423.107	138.646	137.068	0.2306731
1229	1424.26	138.76	137.181	0.2306461
1230	1425.413	138.76	137.181	0.2306238
1231	1426.562	138.893	137.294	0.230594
1232	1427.711	138.893	137.294	0.2305712
1233	1428.861	139.007	137.463	0.2305443
1234	1430.015	139.007	137.463	0.2305124
1235	1431.171	139.12	137.576	0.2304967
1236	1432.357	139.12	137.576	0.2304679
1237	1433.508	139.233	137.689	0.2304474
1238	1434.654	139.233	137.689	0.2304153
1239	1435.839	139.347	137.801	0.2303824
1240	1436.99	139.347	137.801	0.2303557
1241	1438.139	139.46	137.914	0.2303293
1242	1439.3	139.46	137.914	0.2302987
1243	1440.453	139.572	138.026	0.2302831
1244	1441.61	139.572	138.026	0.2302639
1245	1442.76	139.685	138.083	0.2302338
1246	1443.911	139.685	138.083	0.2302202
1247	1445.061	139.779	138.251	0.2302049
1248	1446.212	139.779	138.251	0.2301739
1249	1447.363	139.911	138.364	0.2301548
1250	1448.514	139.911	138.364	0.2301372
1251	1449.683	140.023	138.476	0.2301046
1252	1450.852	140.023	138.476	0.2300919
1253	1452.002	140.135	138.588	0.2300744
1254	1453.151	140.135	138.588	0.2300529
1255	1454.307	140.248	138.701	0.230025
1256	1455.461	140.248	138.701	0.2299983
1257	1456.611	140.36	138.813	0.2299739
1258	1457.763	140.36	138.813	0.2299569
1259	1458.915	140.472	138.926	0.2299434
1260	1460.064	140.472	138.926	0.2299205
1261	1461.213	140.602	138.982	0.2298961
1262	1462.365	140.602	138.982	0.2298717
1263	1463.52	140.714	139.151	0.2298513
1264	1464.685	140.714	139.151	0.2298183
1265	1465.838	140.826	139.263	0.2297857
1266	1466.996	140.826	139.263	0.2297701
1267	1468.145	140.937	139.376	0.2297513
1268	1469.331	140.937	139.376	0.2297296
1269	1470.483	141.048	139.488	0.2297068
1270	1471.644	141.048	139.488	0.2296847
1271	1472.81	141.159	139.6	0.2296585
1272	1474.031	141.271	139.711	0.2296203
1273	1475.185	141.271	139.711	0.2296186
1274	1476.367	141.383	139.823	0.2295748
1275	1477.534	141.383	139.823	0.2295655
1276	1478.704	141.494	139.935	0.2295371
1277	1479.868	141.494	139.935	0.229515
1278	1481.022	141.604	139.991	0.2294931
1279	1482.173	141.604	139.991	0.2294666
1280	1483.359	141.716	140.157	0.2294468
1281	1484.509	141.716	140.157	0.2294178
1282	1485.664	141.826	140.268	0.2293854
1283	1486.849	141.826	140.268	0.2293284
1284	1488.003	141.937	140.38	0.2293428
1285	1489.152	141.937	140.38	0.2292762
1286	1490.307	142.046	140.491	0.2292518
1287	1491.462	142.046	140.491	0.2292121
1288	1492.615	142.157	140.602	0.2291445
1289	1493.768	142.157	140.602	0.2290969
1290	1494.917	142.286	140.713	0.2290595
1291	1496.069	142.286	140.713	0.2290227
1292	1497.223	142.396	140.824	0.2290059
1293	1498.374	142.396	140.824	0.2289842
1294	1499.528	142.506	140.934	0.2289627
1295	1500.686	142.506	140.934	0.2289356
1296	1501.839	142.616	141.045	0.2289017
1297	1502.992	142.616	141.045	0.2288973
1298	1504.147	142.726	141.1	0.2289352
1299	1505.302	142.726	141.1	0.2289064
1300	1506.458	142.836	141.265	0.2288614
1301	1507.61	142.836	141.265	0.2288298
1302	1508.764	142.946	141.376	0.2288498
1303	1509.917	142.946	141.376	0.228878
1304	1511.07	143.055	141.486	0.228846
1305	1512.221	143.055	141.486	0.228799
1306	1513.377	143.165	141.595	0.228769
1307	1514.529	143.165	141.595	0.2287203
1308	1515.685	143.274	141.705	0.2287458
1309	1516.845	143.274	141.705	0.2287086
1310	1518.002	143.384	141.815	0.2287112
1311	1519.156	143.384	141.815	0.2286751
1312	1520.307	143.475	141.924	0.2286462
1313	1521.464	143.475	141.924	0.228662
1314	1522.616	143.602	142.034	0.2286211
1315	1523.772	143.602	142.034	0.2286395
1316	1524.957	143.711	142.144	0.228646
1317	1526.128	143.711	142.144	0.228599
1318	1527.297	143.82	142.253	0.2286186
1319	1528.468	143.82	142.253	0.2285961
1320	1529.638	143.947	142.417	0.2285752
1321	1530.809	143.947	142.417	0.22855
1322	1531.979	144.056	142.526	0.2285433
1323	1533.147	144.056	142.526	0.2285267
1324	1534.314	144.165	142.635	0.2285001
1325	1535.469	144.165	142.635	0.2284816
1326	1536.639	144.274	142.744	0.2284603
1327	1537.794	144.274	142.744	0.2284348
1328	1538.962	144.382	142.853	0.2284157
1329	1540.117	144.382	142.853	0.2283937
1330	1541.287	144.49	142.962	0.2283799
1331	1542.454	144.49	142.962	0.2283515
1332	1543.639	144.599	143.071	0.2283279
1333	1544.824	144.599	143.071	0.2283107
1334	1545.988	144.708	143.179	0.2282967
1335	1547.173	144.708	143.179	0.2282745
1336	1548.342	144.815	143.288	0.2282534
1337	1549.51	144.815	143.288	0.2282194
1338	1550.668	144.924	143.396	0.2282098
1339	1551.852	144.924	143.396	0.2281836
1340	1553.022	145.032	143.505	0.228169
1341	1554.189	145.032	143.505	0.2281517
1342	1555.36	145.139	143.613	0.228135
1343	1556.647	145.248	143.721	0.2281017
1344	1557.808	145.248	143.721	0.2280881
1345	1558.977	145.356	143.83	0.2280649
1346	1560.146	145.356	143.83	0.2280511
1347	1561.329	145.464	143.938	0.2280255
1348	1562.488	145.464	143.938	0.2280046
1349	1563.673	145.589	144.046	0.2279863
1350	1564.841	145.589	144.046	0.2279706
1351	1566.007	145.697	144.154	0.2279447
1352	1567.178	145.697	144.154	0.2279145
1353	1568.348	145.805	144.262	0.2278945
1354	1569.518	145.805	144.262	0.2278819
1355	1570.684	145.913	144.37	0.2278653
1356	1571.875	145.913	144.37	0.2278205
1357	1573.042	146.02	144.477	0.2278168
1358	1574.212	146.02	144.477	0.2277985
1359	1575.379	146.128	144.585	0.227781
1360	1576.547	146.128	144.585	0.2277524
1361	1577.716	146.235	144.693	0.2277222
1362	1578.884	146.235	144.693	0.2276951
1363	1580.053	146.343	144.8	0.2276806
1364	1581.222	146.343	144.8	0.227684
1365	1582.389	146.45	144.907	0.227654
1366	1583.558	146.45	144.907	0.2276389
1367	1584.729	146.556	145.015	0.2276199
1368	1585.885	146.556	145.015	0.2276174
1369	1587.039	146.664	145.122	0.2276033
1370	1588.208	146.664	145.122	0.2275834
1371	1589.364	146.771	145.229	0.2275536
1372	1590.53	146.771	145.229	0.2275444
1373	1591.699	146.878	145.336	0.2275213
1374	1592.866	146.878	145.336	0.2275174
1375	1594.034	146.985	145.443	0.2274965
1376	1595.199	146.985	145.443	0.2274783
1377	1596.365	147.073	145.55	0.2274596
1378	1597.54	147.073	145.55	0.2274527
1379	1598.707	147.216	145.657	0.2274387
1380	1599.873	147.216	145.657	0.227422
1381	1601.042	147.323	145.763	0.2274103
1382	1602.21	147.323	145.763	0.2273779
1383	1603.376	147.43	145.87	0.2273539
1384	1604.546	147.43	145.87	0.2273568
1385	1605.697	147.537	145.977	0.2273466
1386	1606.889	147.537	145.977	0.2273325
1387	1608.045	147.642	146.083	0.227335
1388	1609.203	147.642	146.083	0.2273262
1389	1610.358	147.749	146.19	0.2273024
1390	1611.526	147.749	146.19	0.2272995
1391	1612.69	147.855	146.297	0.227253
1392	1613.922	147.962	146.403	0.227247
1393	1615.089	147.962	146.403	0.2272395
1394	1616.269	148.069	146.51	0.2272256
1395	1617.431	148.069	146.51	0.2272066
1396	1618.583	148.175	146.616	0.2272017
1397	1619.766	148.175	146.616	0.2271855
1398	1620.933	148.281	146.723	0.2271652
1399	1622.103	148.281	146.723	0.2271577
1400	1623.273	148.387	146.829	0.2271488
1401	1624.439	148.387	146.829	0.2271339
1402	1625.605	148.493	146.935	0.2271195
1403	1626.789	148.493	146.935	0.2271109
1404	1627.954	148.6	147.041	0.2270905
1405	1629.123	148.6	147.041	0.2270747
1406	1630.289	148.705	147.147	0.2270789
1407	1631.443	148.705	147.147	0.2270467
1408	1632.627	148.829	147.306	0.2270396
1409	1633.795	148.829	147.306	0.227026
1410	1634.962	148.935	147.412	0.2270128
1411	1636.118	148.935	147.412	0.2270152
1412	1637.303	149.041	147.518	0.2270203
1413	1638.458	149.041	147.518	0.2269996
1414	1639.625	149.146	147.624	0.2269987
1415	1640.809	149.146	147.624	0.2269865
1416	1641.978	149.253	147.729	0.2269721
1417	1643.146	149.253	147.729	0.2269635
1418	1644.312	149.358	147.835	0.2269411
1419	1645.505	149.358	147.835	0.2269368
1420	1646.658	149.464	147.941	0.2269357
1421	1647.824	149.464	147.941	0.2269297
1422	1648.991	149.57	148.047	0.2268946
1423	1650.147	149.57	148.047	0.2268613
1424	1651.313	149.676	148.099	0.2268145
1425	1652.475	149.676	148.099	0.2267778
1426	1653.64	149.781	148.258	0.2267974
1427	1654.824	149.781	148.258	0.2267806
1428	1655.987	149.887	148.363	0.2267422
1429	1657.14	149.887	148.363	0.2267302
1430	1658.335	149.992	148.469	0.226686
1431	1659.49	149.992	148.469	0.2266819
1432	1660.649	150.097	148.574	0.2266316
1433	1661.804	150.097	148.574	0.226636
1434	1662.97	150.203	148.679	0.2266014
1435	1664.121	150.203	148.679	0.2266169
1436	1665.284	150.308	148.785	0.2266158
1437	1666.435	150.308	148.785	0.2265868
1438	1667.587	150.43	148.89	0.2265547
1439	1668.739	150.43	148.89	0.2265614
1440	1669.912	150.537	148.995	0.2265137
1441	1671.07	150.537	148.995	0.2265222
1442	1672.232	150.641	149.1	0.2265145
1443	1673.384	150.641	149.1	0.2265043
1444	1674.537	150.746	149.205	0.2264902
1445	1675.688	150.746	149.205	0.226496
1446	1676.873	150.851	149.31	0.226499
1447	1678.026	150.851	149.31	0.2264961
1448	1679.188	150.956	149.415	0.2264937
1449	1680.338	150.956	149.415	0.2264529
1450	1681.493	151.061	149.52	0.226458
1451	1682.725	151.166	149.625	0.2264773
1452	1683.892	151.166	149.625	0.226429
1453	1685.056	151.271	149.73	0.2264313
1454	1686.227	151.271	149.73	0.2264287
1455	1687.385	151.375	149.782	0.2264028
1456	1688.535	151.375	149.782	0.2264149
1457	1689.701	151.48	149.939	0.2263718
1458	1690.867	151.48	149.939	0.226377
1459	1692.034	151.585	150.044	0.2263927
1460	1693.2	151.585	150.044	0.2263789
1461	1694.395	151.691	150.149	0.2263762
1462	1695.556	151.691	150.149	0.2263357
1463	1696.71	151.795	150.253	0.226356
1464	1697.877	151.795	150.253	0.2263049
1465	1699.031	151.9	150.357	0.226299
1466	1700.193	151.9	150.357	0.2262869
1467	1701.357	152.004	150.462	0.2263041
1468	1702.522	152.004	150.462	0.2262889
1469	1703.69	152.126	150.567	0.2262891
1470	1704.873	152.126	150.567	0.2262892
1471	1706.035	152.23	150.671	0.2262393
1472	1707.202	152.23	150.671	0.226261
1473	1708.368	152.335	150.776	0.2262266
1474	1709.533	152.335	150.776	0.2262754
1475	1710.713	152.439	150.88	0.22623
1476	1711.866	152.439	150.88	0.2262017
1477	1713.032	152.544	150.984	0.2261792
1478	1714.199	152.544	150.984	0.2261994
1479	1715.353	152.648	151.088	0.2261885
1480	1716.535	152.648	151.088	0.2261882
1481	1717.699	152.752	151.192	0.2261678
1482	1718.851	152.752	151.192	0.226133
1483	1720.017	152.856	151.296	0.2261308
1484	1721.182	152.856	151.296	0.2261245
1485	1722.345	152.961	151.4	0.2261105
1486	1723.493	152.961	151.4	0.2261365
1487	1724.675	153.065	151.505	0.2261102
1488	1725.841	153.065	151.505	0.2260772
1489	1726.991	153.171	151.557	0.2260538
1490	1728.162	153.171	151.557	0.2260691
1491	1729.315	153.274	151.713	0.226056
1492	1730.469	153.274	151.713	0.226042
1493	1731.633	153.379	151.816	0.2260191
1494	1732.816	153.379	151.816	0.2260107
1495	1733.982	153.483	151.92	0.2260107
1496	1735.146	153.483	151.92	0.2259848
1497	1736.312	153.587	152.076	0.2259728
1498	1737.465	153.587	152.076	0.225955
1499	1738.662	153.709	152.18	0.2259227
1500	1739.812	153.709	152.18	0.2259111
1501	1740.964	153.813	152.283	0.2258815
1502	1742.117	153.813	152.283	0.2258651
1503	1743.282	153.917	152.387	0.2258245
1504	1744.448	153.917	152.387	0.2258145
1505	1745.602	154.021	152.49	0.2257964
1506	1746.782	154.021	152.49	0.2257633
1507	1747.933	154.125	152.594	0.2257228
1508	1749.084	154.125	152.594	0.2257289
1509	1750.233	154.228	152.698	0.2257094
1510	1751.386	154.228	152.698	0.2256949
1511	1752.535	154.331	152.801	0.225672
1512	1753.699	154.331	152.801	0.2256503
1513	1754.85	154.435	152.904	0.2256283
1514	1756.03	154.435	152.904	0.2256122
1515	1757.184	154.539	153.008	0.2256046
1516	1758.408	154.642	153.112	0.2255815
1517	1759.568	154.642	153.112	0.2255597
1518	1760.733	154.746	153.216	0.2255438
1519	1761.882	154.746	153.216	0.2255235
1520	1763.031	154.848	153.32	0.2255104
1521	1764.213	154.848	153.32	0.2254922
1522	1765.363	154.952	153.423	0.2254827
1523	1766.515	154.952	153.423	0.2254651
1524	1767.667	155.053	153.527	0.2254539
1525	1768.85	155.053	153.527	0.2254405
1526	1770.036	155.157	153.63	0.2254235
1527	1771.187	155.157	153.63	0.2254081
1528	1772.339	155.276	153.733	0.2253863
1529	1773.487	155.276	153.733	0.2253689
1530	1774.638	155.379	153.836	0.2253576
1531	1775.791	155.379	153.836	0.225337
1532	1776.943	155.465	153.94	0.2253258
1533	1778.106	155.465	153.94	0.2253042
1534	1779.289	155.585	154.042	0.2252998
1535	1780.441	155.585	154.042	0.2252739
1536	1781.593	155.687	154.145	0.2252451
1537	1782.772	155.687	154.145	0.2252355
1538	1783.921	155.79	154.248	0.2252103
1539	1785.073	155.79	154.248	0.2251909
1540	1786.235	155.891	154.351	0.2251775
1541	1787.387	155.891	154.351	0.2251545
1542	1788.551	155.993	154.453	0.2251388
1543	1789.701	155.993	154.453	0.2251333
1544	1790.881	156.096	154.555	0.2251059
1545	1792.033	156.096	154.555	0.2250887
1546	1793.186	156.197	154.657	0.2250753
1547	1794.35	156.197	154.657	0.2250577
1548	1795.515	156.3	154.759	0.2250454
1549	1796.666	156.3	154.759	0.2250252
1550	1797.818	156.401	154.861	0.2249622
1551	1798.971	156.401	154.861	0.2249826
1552	1800.141	156.503	154.963	0.2249663
1553	1801.293	156.503	154.963	0.2249369
1554	1802.443	156.604	155.065	0.2249276
1555	1803.593	156.604	155.065	0.224917
1556	1804.741	156.706	155.167	0.224904
1557	1805.905	156.706	155.167	0.2248778
1558	1807.07	156.824	155.269	0.2248607
1559	1808.235	156.824	155.269	0.2248332
1560	1809.389	156.926	155.37	0.2248162
1561	1810.538	156.926	155.37	0.2248121
1562	1811.7	157.027	155.472	0.2247947
1563	1812.867	157.027	155.472	0.2247824
1564	1814.02	157.128	155.573	0.224756
1565	1815.187	157.128	155.573	0.2247277
1566	1816.353	157.23	155.675	0.2247008
1567	1817.519	157.23	155.675	0.2246923
1568	1818.669	157.331	155.776	0.2246754
1569	1819.834	157.331	155.776	0.2246563
1570	1820.983	157.432	155.878	0.2246272
1571	1822.139	157.432	155.878	0.2246038
1572	1823.289	157.533	155.979	0.224581
1573	1824.438	157.533	155.979	0.2245582
1574	1825.619	157.633	156.08	0.224535
1575	1826.799	157.633	156.08	0.2245079
1576	1827.948	157.734	156.181	0.2245086
1577	1829.099	157.734	156.181	0.2244914
1578	1830.249	157.834	156.282	0.2244198
1579	1831.399	157.834	156.282	0.2244184
1580	1832.55	157.935	156.382	0.2244109
1581	1833.701	157.935	156.382	0.2243655
1582	1834.866	158.036	156.483	0.2243535
1583	1836.03	158.036	156.483	0.2242717
1584	1837.178	158.136	156.583	0.2242739
1585	1838.337	158.136	156.583	0.2242608
1586	1839.495	158.238	156.684	0.2242203
1587	1840.662	158.238	156.684	0.2241771
1588	1841.813	158.337	156.784	0.2241416
1589	1842.992	158.337	156.784	0.2241293
1590	1844.157	158.454	156.935	0.2240696
1591	1845.322	158.454	156.935	0.2240505
1592	1846.472	158.554	157.035	0.2240228
1593	1847.625	158.554	157.035	0.2240234
1594	1848.777	158.655	157.136	0.2240153
1595	1849.927	158.655	157.136	0.2240023
1596	1851.079	158.755	157.236	0.223927
1597	1852.242	158.755	157.236	0.2239398
1598	1853.408	158.838	157.336	0.223926
1599	1854.563	158.838	157.336	0.2238885
1600	1855.723	158.955	157.386	0.2238917
1601	1856.908	158.955	157.386	0.2238441
1602	1858.075	159.056	157.535	0.2238153
1603	1859.324	159.155	157.635	0.2237919
1604	1860.488	159.155	157.635	0.223764
1605	1861.669	159.255	157.735	0.2237471
1606	1862.821	159.255	157.735	0.2237297
1607	1863.971	159.354	157.835	0.2237059
1608	1865.154	159.354	157.835	0.2236844
1609	1866.317	159.453	157.935	0.2236447
1610	1867.482	159.453	157.935	0.2236045
1611	1868.646	159.554	158.034	0.223564
1612	1869.796	159.554	158.034	0.2235796
1613	1870.946	159.653	158.133	0.2235882
1614	1872.097	159.653	158.133	0.2236176
1615	1873.281	159.752	158.233	0.2235298
1616	1874.431	159.752	158.233	0.2235211
1617	1875.595	159.836	158.332	0.223505
1618	1876.761	159.836	158.332	0.2234989
1619	1877.912	159.967	158.432	0.2234361
1620	1879.074	159.967	158.432	0.223497
1621	1880.24	160.065	158.531	0.2234814
1622	1881.391	160.065	158.531	0.2234652
1623	1882.541	160.164	158.63	0.22348
1624	1883.694	160.164	158.63	0.2233961
1625	1884.874	160.263	158.729	0.2234119
1626	1886.023	160.263	158.729	0.2234048
1627	1887.204	160.363	158.828	0.2234069
1628	1888.368	160.363	158.828	0.2233942
1629	1889.522	160.461	158.927	0.2234051
1630	1890.684	160.461	158.927	0.2234309
1631	1891.832	160.561	159.026	0.2233821
1632	1892.981	160.561	159.026	0.2234306
1633	1894.131	160.659	159.125	0.2234351
1634	1895.28	160.659	159.125	0.223412
1635	1896.432	160.758	159.224	0.2233883
1636	1897.594	160.758	159.224	0.2233746
1637	1898.743	160.858	159.322	0.2233831
1638	1899.894	160.858	159.322	0.2233609
1639	1901.058	160.956	159.371	0.2233273
1640	1902.225	160.956	159.371	0.223318
1641	1903.387	161.054	159.519	0.2233023
1642	1904.537	161.054	159.519	0.2232772
1643	1905.717	161.153	159.618	0.223235
1644	1906.884	161.153	159.618	0.223216
1645	1908.049	161.252	159.717	0.2232057
1646	1909.216	161.252	159.717	0.2231936
1647	1910.382	161.35	159.815	0.2231791
1648	1911.548	161.35	159.815	0.2231694
1649	1912.701	161.465	159.913	0.2231474
1650	1913.868	161.465	159.913	0.2231281
1651	1915.032	161.563	160.011	0.2231192
1652	1916.194	161.563	160.011	0.2230978
1653	1917.343	161.645	160.109	0.2230792
1654	1918.526	161.645	160.109	0.2230632
1655	1919.689	161.759	160.207	0.2230516
1656	1920.885	161.759	160.207	0.2230336
1657	1922.039	161.858	160.305	0.2230237
1658	1923.206	161.858	160.305	0.2229967
1659	1924.372	161.956	160.403	0.2229818
1660	1925.538	161.956	160.403	0.2229582
1661	1926.722	162.053	160.501	0.2229356
1662	1927.885	162.053	160.501	0.2229095
1663	1929.035	162.151	160.599	0.2228705
1664	1930.186	162.151	160.599	0.2228503
1665	1931.337	162.25	160.696	0.2228496
1666	1932.488	162.25	160.696	0.2228088
1667	1933.643	162.348	160.794	0.2227932
1668	1934.817	162.348	160.794	0.2227306
1669	1935.965	162.446	160.892	0.2227296
1670	1937.117	162.446	160.892	0.2226985
1671	1938.267	162.542	160.989	0.2226567
1672	1939.416	162.542	160.989	0.2226432
1673	1940.567	162.641	161.087	0.2225698
1674	1941.719	162.641	161.087	0.2225578
1675	1942.881	162.739	161.184	0.2225262
1676	1944.029	162.739	161.184	0.2225126
1677	1945.182	162.82	161.281	0.2224808
1678	1946.331	162.82	161.281	0.2224438
1679	1947.48	162.934	161.427	0.2223914
1680	1948.663	162.934	161.427	0.2223694
1681	1949.829	163.048	161.524	0.2223756
1682	1951.057	163.145	161.621	0.2223561
1683	1952.208	163.145	161.621	0.2223468
1684	1953.368	163.242	161.719	0.2223282
1685	1954.531	163.242	161.719	0.222284
1686	1955.695	163.339	161.816	0.2223387
1687	1956.875	163.339	161.816	0.2223185
1688	1958.037	163.437	161.913	0.2222947
1689	1959.189	163.437	161.913	0.2223141
1690	1960.337	163.534	162.01	0.2222601
1691	1961.488	163.534	162.01	0.2222409
1692	1962.639	163.631	162.107	0.2222366
1693	1963.803	163.631	162.107	0.2221901
1694	1964.965	163.729	162.203	0.2221554
1695	1966.131	163.729	162.203	0.2221359
1696	1967.297	163.826	162.299	0.2221297
1697	1968.464	163.826	162.299	0.2221239
1698	1969.626	163.922	162.397	0.2221094
1699	1970.789	163.922	162.397	0.2220734
1700	1971.939	164.019	162.493	0.2220525
1701	1973.103	164.019	162.493	0.2220226
1702	1974.283	164.116	162.589	0.2220053
1703	1975.432	164.116	162.589	0.2219854
1704	1976.596	164.213	162.685	0.221942
1705	1977.746	164.213	162.685	0.2219272
1706	1978.898	164.31	162.782	0.221912
1707	1980.049	164.31	162.782	0.2218863
1708	1981.214	164.406	162.878	0.22187
1709	1982.371	164.406	162.878	0.2218632
1710	1983.522	164.52	162.975	0.2218377
1711	1984.687	164.52	162.975	0.2218227
1712	1985.84	164.616	163.071	0.2217974
1713	1987.006	164.616	163.071	0.2217667
1714	1988.168	164.713	163.167	0.2217485
1715	1989.319	164.713	163.167	0.2217216
1716	1990.501	164.809	163.263	0.2217009
1717	1991.651	164.809	163.263	0.2216742
1718	1992.831	164.905	163.359	0.2216654
1719	1993.982	164.905	163.359	0.2216313
1720	1995.162	165.002	163.455	0.2216254
1721	1996.327	165.002	163.455	0.2216114
1722	1997.48	165.099	163.551	0.2215993
1723	1998.66	165.099	163.551	0.2215879
1724	1999.825	165.195	163.647	0.2215645
1725	2000.99	165.195	163.647	0.221543
1726	2002.153	165.291	163.743	0.2215265
1727	2003.333	165.291	163.743	0.2215112
1728	2004.495	165.388	163.839	0.2214865
1729	2005.661	165.388	163.839	0.2214826
1730	2006.839	165.483	163.935	0.2214709
1731	2007.999	165.483	163.935	0.2214459
1732	2009.163	165.579	164.031	0.2214298
1733	2010.314	165.579	164.031	0.2214202
1734	2011.476	165.675	164.126	0.2213817
1735	2012.626	165.675	164.126	0.2213853
1736	2013.776	165.772	164.222	0.2213656
1737	2014.94	165.772	164.222	0.2213571
1738	2016.093	165.868	164.318	0.2213346
1739	2017.273	165.868	164.318	0.221314
1740	2018.425	165.98	164.414	0.2212805
1741	2019.575	165.98	164.414	0.2212647
1742	2020.739	166.076	164.509	0.2212466
1743	2021.89	166.076	164.509	0.2212376
1744	2023.052	166.171	164.604	0.2212119
1745	2024.216	166.171	164.604	0.2211987
1746	2025.371	166.268	164.699	0.2211954
1747	2026.522	166.268	164.699	0.2211688
1748	2027.686	166.363	164.794	0.221151
1749	2028.868	166.363	164.794	0.2211444
1750	2030.033	166.459	164.889	0.2211172
1751	2031.195	166.459	164.889	0.2210875
1752	2032.36	166.555	164.985	0.2210862
1753	2033.506	166.555	164.985	0.2210663
1754	2034.686	166.651	165.08	0.221036
1755	2035.903	166.746	165.175	0.2210168
1756	2037.06	166.746	165.175	0.2209997
1757	2038.212	166.842	165.27	0.2209746
1758	2039.365	166.842	165.27	0.2209605
1759	2040.529	166.937	165.365	0.2209562
1760	2041.696	166.937	165.365	0.2209594
1761	2042.858	167.033	165.46	0.2209296
1762	2044.024	167.033	165.46	0.2209327
1763	2045.187	167.128	165.555	0.2209228
1764	2046.351	167.128	165.555	0.2209266
1765	2047.503	167.224	165.65	0.2209329
1766	2048.669	167.224	165.65	0.2208965
1767	2049.834	167.319	165.745	0.220885
1768	2050.983	167.319	165.745	0.2208352
1769	2052.148	167.429	165.887	0.2208196
1770	2053.3	167.429	165.887	0.2207938
1771	2054.463	167.525	165.982	0.220825
1772	2055.612	167.525	165.982	0.2208244
1773	2056.791	167.621	166.076	0.2207856
1774	2057.942	167.621	166.076	0.2207751
1775	2059.105	167.715	166.171	0.2207396
1776	2060.268	167.715	166.171	0.2207176
1777	2061.436	167.811	166.266	0.2207074
1778	2062.598	167.811	166.266	0.2206722
1779	2063.748	167.906	166.36	0.2206715
1780	2064.923	167.906	166.36	0.2206347
1781	2066.087	168.001	166.455	0.2206201
1782	2067.25	168.001	166.455	0.22059
1783	2068.413	168.096	166.549	0.2205734
1784	2069.593	168.096	166.549	0.220541
1785	2070.756	168.19	166.643	0.220513
1786	2071.907	168.19	166.643	0.2204961
1787	2073.068	168.286	166.737	0.2204795
1788	2074.219	168.286	166.737	0.2204715
1789	2075.382	168.38	166.832	0.2204234
1790	2076.533	168.38	166.832	0.2203795
1791	2077.696	168.476	166.926	0.220363
1792	2078.876	168.476	166.926	0.2203445
1793	2080.04	168.555	167.02	0.2203501
1794	2081.191	168.555	167.02	0.2203249
1795	2082.37	168.665	167.067	0.220298
1796	2083.52	168.665	167.067	0.2203003
1797	2084.685	168.759	167.208	0.2202785
1798	2085.833	168.759	167.208	0.2202568
1799	2086.994	168.856	167.302	0.2202404
1800	2088.154	168.856	167.302	0.2202511
1801	2089.315	168.966	167.396	0.2202325
1802	2090.482	168.966	167.396	0.2202181
1803	2091.644	169.061	167.491	0.2201938
1804	2092.824	169.061	167.491	0.2201641
1805	2093.986	169.156	167.584	0.220121
1806	2095.153	169.156	167.584	0.2201252
1807	2096.316	169.25	167.678	0.2200489
1808	2097.473	169.25	167.678	0.2200174
1809	2098.635	169.344	167.772	0.2199738
1810	2099.799	169.344	167.772	0.2199499
1811	2100.963	169.439	167.865	0.219931
1812	2102.118	169.439	167.865	0.2198839
1813	2103.279	169.534	167.959	0.2198572
1814	2104.441	169.534	167.959	0.2198416
1815	2105.607	169.627	168.053	0.2198354
1816	2106.786	169.627	168.053	0.2198164
1817	2107.951	169.722	168.147	0.2198024
1818	2109.114	169.722	168.147	0.2197776
1819	2110.273	169.816	168.24	0.2197676
1820	2111.438	169.816	168.24	0.2197088
1821	2112.589	169.91	168.334	0.2197107
1822	2113.74	169.91	168.334	0.21969
1823	2114.891	170.004	168.427	0.2196867
1824	2116.053	170.004	168.427	0.2196833
1825	2117.217	170.098	168.52	0.2196609
1826	2118.37	170.098	168.52	0.2196913
1827	2119.531	170.192	168.614	0.2196765
1828	2120.768	170.285	168.707	0.2196649
1829	2121.949	170.285	168.707	0.2196647
1830	2123.115	170.395	168.801	0.2196322
1831	2124.279	170.395	168.801	0.2196375
1832	2125.444	170.488	168.894	0.2196216
1833	2126.609	170.488	168.894	0.2195698
1834	2127.767	170.582	168.941	0.2195753
1835	2128.915	170.582	168.941	0.2195772
1836	2130.066	170.674	169.082	0.2195907
1837	2131.227	170.674	169.082	0.2195743
1838	2132.391	170.768	169.175	0.219467
1839	2133.538	170.768	169.175	0.2194706
1840	2134.699	170.861	169.268	0.2194569
1841	2135.859	170.861	169.268	0.2194514
1842	2137.022	170.954	169.361	0.2194528
1843	2138.183	170.954	169.361	0.2194836
1844	2139.366	171.047	169.455	0.2194593
1845	2140.536	171.047	169.455	0.2194677
1846	2141.697	171.139	169.548	0.2194444
1847	2142.858	171.139	169.548	0.2194153
1848	2144.021	171.232	169.641	0.2194411
1849	2145.183	171.232	169.641	0.2194218
1850	2146.345	171.325	169.734	0.2194129
1851	2147.507	171.325	169.734	0.2193737
1852	2148.667	171.418	169.827	0.2193783
1853	2149.829	171.418	169.827	0.2193817
1854	2150.982	171.509	169.92	0.2193947
1855	2152.175	171.509	169.92	0.2193917
1856	2153.337	171.603	170.012	0.2194021
1857	2154.501	171.603	170.012	0.2194301
1858	2155.653	171.679	170.104	0.219392
1859	2156.831	171.679	170.104	0.2193717
1860	2157.992	171.786	170.197	0.2193553
1861	2159.155	171.786	170.197	0.2193452
1862	2160.321	171.895	170.335	0.2194551
1863	2161.485	171.895	170.335	0.219454
1864	2162.636	171.986	170.427	0.2194514
1865	2163.789	171.986	170.427	0.2194748
1866	2164.94	172.077	170.519	0.2194667
1867	2166.117	172.077	170.519	0.2194864
1868	2167.267	172.17	170.611	0.2194685
1869	2168.418	172.17	170.611	0.2194171
1870	2169.566	172.262	170.703	0.2194127
1871	2170.728	172.262	170.703	0.2193536
1872	2171.889	172.353	170.795	0.2193366
1873	2173.039	172.353	170.795	0.2193293
1874	2174.19	172.444	170.886	0.2192827
1875	2175.34	172.444	170.886	0.2192694
1876	2176.502	172.536	170.978	0.2192403
1877	2177.664	172.536	170.978	0.2191931
1878	2178.83	172.628	171.069	0.2191874
1879	2179.993	172.628	171.069	0.219166
1880	2181.146	172.718	171.161	0.2191417
1881	2182.304	172.718	171.161	0.2191647
1882	2183.467	172.81	171.252	0.2191309
1883	2184.618	172.81	171.252	0.2190558
1884	2185.779	172.901	171.343	0.2190543
1885	2186.945	172.901	171.343	0.2189758
1886	2188.11	172.992	171.434	0.2189433
1887	2189.276	172.992	171.434	0.2189905
1888	2190.437	173.082	171.525	0.2189267
1889	2191.585	173.082	171.525	0.2190044
1890	2192.765	173.174	171.616	0.2189063
1891	2193.929	173.174	171.616	0.2188958
1892	2195.092	173.279	171.707	0.2188205
1893	2196.253	173.279	171.707	0.2187903
1894	2197.415	173.369	171.798	0.2187913
1895	2198.566	173.369	171.798	0.2187513
1896	2199.729	173.461	171.889	0.2187203
1897	2200.895	173.461	171.889	0.2187525
1898	2202.048	173.551	171.98	0.2187327
1899	2203.21	173.551	171.98	0.2187055
1900	2204.371	173.642	172.07	0.2187217
1901	2205.519	173.642	172.07	0.2186936
1902	2206.682	173.732	172.161	0.2186753
1903	2207.909	173.823	172.251	0.2186757
1904	2209.061	173.823	172.251	0.2187225
1905	2210.226	173.914	172.342	0.2186896
1906	2211.389	173.914	172.342	0.2186524
1907	2212.554	174.003	172.431	0.2186622
1908	2213.711	174.003	172.431	0.2186646
1909	2214.902	174.093	172.522	0.2187057
1910	2216.05	174.093	172.522	0.2186878
1911	2217.2	174.183	172.612	0.2186409
1912	2218.362	174.183	172.612	0.2186661
1913	2219.512	174.273	172.702	0.2186269
1914	2220.66	174.273	172.702	0.2187232
1915	2221.815	174.362	172.792	0.2186597
1916	2222.979	174.362	172.792	0.2186659
1917	2224.128	174.453	172.881	0.2186136
1918	2225.293	174.453	172.881	0.2185996
1919	2226.452	174.541	172.971	0.2186435
1920	2227.602	174.541	172.971	0.2185989
1921	2228.769	174.646	173.06	0.2186216
1922	2229.917	174.646	173.06	0.218645
1923	2231.065	174.735	173.15	0.2186424
1924	2232.248	174.735	173.15	0.2186076
1925	2233.41	174.824	173.239	0.2185938
1926	2234.572	174.824	173.239	0.218613
1927	2235.729	174.915	173.328	0.2186118
1928	2236.909	174.915	173.328	0.2186039
1929	2238.07	175.003	173.417	0.2186137
1930	2239.22	175.003	173.417	0.2186082
1931	2240.371	175.093	173.506	0.2186139
1932	2241.535	175.093	173.506	0.2186
1933	2242.685	175.182	173.595	0.2185864
1934	2243.835	175.182	173.595	0.2185722
1935	2244.987	175.271	173.684	0.2185554
1936	2246.137	175.271	173.684	0.2185494
1937	2247.29	175.36	173.773	0.2185258
1938	2248.44	175.36	173.773	0.2185093
1939	2249.589	175.448	173.862	0.2184858
1940	2250.74	175.448	173.862	0.2184736
1941	2251.917	175.536	173.95	0.2184651
1942	2253.079	175.536	173.95	0.2184531
1943	2254.231	175.626	174.038	0.2184359
1944	2255.381	175.626	174.038	0.2184181
1945	2256.543	175.714	174.127	0.2184018
1946	2257.692	175.714	174.127	0.218384
1947	2258.841	175.803	174.216	0.2183714
1948	2259.993	175.803	174.216	0.2183629
1949	2261.145	175.891	174.304	0.2183457
1950	2262.309	175.891	174.304	0.2183241
1951	2263.472	175.995	174.393	0.2183074
1952	2264.624	175.995	174.393	0.2182991
1953	2265.773	176.083	174.525	0.2182805
1954	2266.922	176.083	174.525	0.2182588
1955	2268.071	176.171	174.613	0.2182422
1956	2269.223	176.171	174.613	0.218222
1957	2270.376	176.26	174.7	0.218199
1958	2271.542	176.26	174.7	0.2181845
1959	2272.709	176.348	174.788	0.2181737
1960	2273.873	176.348	174.788	0.2181587
1961	2275.035	176.435	174.876	0.2181411
1962	2276.188	176.435	174.876	0.2181288
1963	2277.351	176.523	174.964	0.2180983
1964	2278.517	176.523	174.964	0.218098
1965	2279.681	176.611	175.051	0.2180663
1966	2280.834	176.611	175.051	0.2180511
1967	2281.991	176.699	175.139	0.2180339
1968	2283.149	176.699	175.139	0.2180122
1969	2284.295	176.786	175.227	0.2179859
1970	2285.445	176.786	175.227	0.2179822
1971	2286.593	176.874	175.314	0.2179749
1972	2287.748	176.874	175.314	0.2179437
1973	2288.899	176.962	175.401	0.2179338
1974	2290.054	176.962	175.401	0.2179247
1975	2291.204	177.049	175.488	0.2178976
1976	2292.358	177.049	175.488	0.2178926
1977	2293.514	177.136	175.576	0.2178724
1978	2294.667	177.136	175.576	0.2178804
1979	2295.816	177.224	175.663	0.2178496
1980	2296.979	177.224	175.663	0.2178412
1981	2298.129	177.326	175.75	0.2178315
1982	2299.279	177.326	175.75	0.2178137
1983	2300.431	177.413	175.837	0.2177794
1984	2301.587	177.413	175.837	0.2177712
1985	2302.736	177.499	175.924	0.2177622
1986	2303.891	177.499	175.924	0.2177254
1987	2305.047	177.587	176.011	0.2176784
1988	2306.199	177.587	176.011	0.2176865
1989	2307.354	177.673	176.098	0.2176737
1990	2308.504	177.673	176.098	0.2176618
1991	2309.656	177.761	176.142	0.2176048
1992	2310.837	177.761	176.142	0.2176143
1993	2312.02	177.848	176.271	0.2175759
1994	2313.172	177.848	176.271	0.2175787
1995	2314.322	177.934	176.357	0.2175592
1996	2315.475	177.934	176.357	0.2175005
1997	2316.625	178.02	176.444	0.2174962
1998	2317.778	178.02	176.444	0.2174885
1999	2318.928	178.107	176.53	0.2174821
2000	2320.102	178.107	176.53	0.2174798
2001	2321.252	178.193	176.617	0.2174819
2002	2322.404	178.193	176.617	0.2174753
2003	2323.585	178.28	176.703	0.2174617
2004	2324.737	178.28	176.703	0.2174312
2005	2325.89	178.366	176.789	0.2174216
2006	2327.04	178.366	176.789	0.2173985
2007	2328.193	178.453	176.875	0.2173932
2008	2329.343	178.453	176.875	0.2173799
2009	2330.494	178.539	176.961	0.2173606
2010	2331.647	178.539	176.961	0.2173518
2011	2332.804	178.626	177.047	0.2173293
2012	2333.966	178.626	177.047	0.2173206
2013	2335.117	178.726	177.133	0.2173115
2014	2336.34	178.798	177.219	0.2172976
2015	2337.502	178.798	177.219	0.2172798
2016	2338.677	178.898	177.304	0.2172777
2017	2339.83	178.898	177.304	0.2172552
2018	2340.997	178.984	177.39	0.2172453
2019	2342.151	178.984	177.39	0.2172258
2020	2343.303	179.07	177.476	0.2172078
2021	2344.454	179.07	177.476	0.2171977
2022	2345.605	179.156	177.561	0.2171842
2023	2346.768	179.156	177.561	0.2171636
2024	2347.92	179.241	177.647	0.2171424
2025	2349.088	179.241	177.647	0.2170999
2026	2350.251	179.327	177.732	0.2170308
2027	2351.415	179.327	177.732	0.2169842
2028	2352.568	179.412	177.818	0.2170273
2029	2353.718	179.412	177.818	0.2169917
2030	2354.896	179.498	177.86	0.2169447
2031	2356.049	179.498	177.86	0.2169228
2032	2357.201	179.582	177.988	0.2168912
2033	2358.353	179.582	177.988	0.2168535
2034	2359.502	179.668	178.073	0.2168051
2035	2360.662	179.668	178.073	0.2167585
2036	2361.816	179.753	178.157	0.2167027
2037	2362.969	179.753	178.157	0.2166883
2038	2364.121	179.837	178.242	0.2166695
2039	2365.284	179.837	178.242	0.216663
2040	2366.439	179.923	178.327	0.2166453
2041	2367.59	179.923	178.327	0.2166153
2042	2368.757	180.022	178.454	0.2165525
2043	2369.909	180.022	178.454	0.216585
2044	2371.063	180.107	178.539	0.216593
2045	2372.215	180.107	178.539	0.2165577
2046	2373.363	180.192	178.624	0.2164647
2047	2374.533	180.192	178.624	0.2164779
2048	2375.683	180.277	178.708	0.2164465
2049	2376.834	180.277	178.708	0.216461
2050	2377.982	180.362	178.792	0.2164484
2051	2379.131	180.362	178.792	0.2164104
2052	2380.28	180.446	178.877	0.2164304
2053	2381.463	180.446	178.877	0.21644
2054	2382.612	180.531	178.961	0.2163948
2055	2383.767	180.531	178.961	0.216393
2056	2384.948	180.616	179.046	0.21643
2057	2386.133	180.616	179.046	0.2163919
2058	2387.287	180.701	179.129	0.2163997
2059	2388.437	180.701	179.129	0.216415
2060	2389.586	180.784	179.214	0.2163866
2061	2390.736	180.784	179.214	0.2164266
2062	2391.889	180.87	179.298	0.2164621
2063	2393.042	180.87	179.298	0.2164411
2064	2394.19	180.953	179.382	0.2164609
2065	2395.344	180.953	179.382	0.2164799
2066	2396.496	181.037	179.466	0.2164796
2067	2397.658	181.037	179.466	0.2164655
2068	2398.81	181.122	179.55	0.2164418
2069	2399.975	181.122	179.55	0.2164315
2070	2401.127	181.207	179.633	0.2164227
2071	2402.278	181.207	179.633	0.2164088
2072	2403.443	181.304	179.717	0.2163938
2073	2404.596	181.304	179.717	0.2163832
2074	2405.743	181.389	179.8	0.2163697
2075	2406.924	181.389	179.8	0.2163472
2076	2408.076	181.472	179.884	0.2163441
2077	2409.226	181.472	179.884	0.2163063
2078	2410.377	181.556	179.967	0.216313
2079	2411.53	181.556	179.967	0.2162738
2080	2412.68	181.626	180.05	0.2163013
2081	2413.831	181.626	180.05	0.2162718
2082	2414.984	181.723	180.133	0.2162781
2083	2416.132	181.723	180.133	0.2162547
2084	2417.285	181.806	180.217	0.2162433
2085	2418.435	181.806	180.217	0.216227
2086	2419.585	181.89	180.3	0.2162009
2087	2420.737	181.89	180.3	0.21616
2088	2421.898	181.973	180.383	0.2161658
2089	2423.05	181.973	180.383	0.216132
2090	2424.2	182.058	180.467	0.2161209
2091	2425.351	182.058	180.467	0.2160854
2092	2426.505	182.141	180.55	0.2160651
2093	2427.653	182.141	180.55	0.2160535
2094	2428.804	182.225	180.633	0.2160264
2095	2429.957	182.225	180.633	0.2159736
2096	2431.121	182.308	180.715	0.2159705
2097	2432.272	182.308	180.715	0.2159062
2098	2433.421	182.39	180.799	0.2158867
2099	2434.572	182.39	180.799	0.2159038
2100	2435.72	182.473	180.881	0.2158942
2101	2436.871	182.473	180.881	0.2158549
2102	2438.02	182.571	180.964	0.2158264
2103	2439.172	182.571	180.964	0.2158485
2104	2440.355	182.653	181.046	0.2158291
2105	2441.538	182.653	181.046	0.2157655
2106	2442.688	182.736	181.129	0.2157498
2107	2443.839	182.736	181.129	0.2157455
2108	2444.987	182.819	181.212	0.2157139
2109	2446.138	182.819	181.212	0.2156713
2110	2447.29	182.903	181.294	0.2156505
2111	2448.443	182.903	181.294	0.2156411
2112	2449.594	182.985	181.376	0.2156554
2113	2450.744	182.985	181.376	0.215661
2114	2451.909	183.067	181.458	0.2156268
2115	2453.06	183.067	181.458	0.2155872
2116	2454.209	183.15	181.541	0.2155725
2117	2455.361	183.15	181.541	0.2155604
2118	2456.516	183.232	181.623	0.2155201
2119	2457.665	183.232	181.623	0.2155023
2120	2458.818	183.315	181.705	0.2154776
2121	2459.97	183.315	181.705	0.2154377
2122	2461.128	183.397	181.787	0.2154309
2123	2462.282	183.397	181.787	0.2154418
2124	2463.43	183.48	181.869	0.2154015
2125	2464.584	183.48	181.869	0.2154003
2126	2465.733	183.562	181.951	0.2153651
2127	2466.886	183.562	181.951	0.2152916
2128	2468.035	183.644	182.034	0.2153027
2129	2469.187	183.644	182.034	0.2152511
2130	2470.333	183.726	182.115	0.2152656
2131	2471.486	183.726	182.115	0.2152313
2132	2472.635	183.81	182.198	0.2151957
2133	2473.797	183.81	182.198	0.2151816
2134	2474.949	183.904	182.32	0.2151456
2135	2476.101	183.904	182.32	0.215136
2136	2477.251	183.986	182.402	0.2151005
2137	2478.406	183.986	182.402	0.2150837
2138	2479.558	184.068	182.483	0.2150434
2139	2480.723	184.068	182.483	0.2150235
2140	2481.882	184.15	182.565	0.2150073
2141	2483.033	184.15	182.565	0.215016
2142	2484.185	184.232	182.646	0.2149743
2143	2485.412	184.313	182.728	0.2149836
2144	2486.565	184.313	182.728	0.2149381
2145	2487.713	184.382	182.809	0.2149339
2146	2488.865	184.382	182.809	0.214958
2147	2490.019	184.478	182.849	0.2149224
2148	2491.167	184.478	182.849	0.2149082
2149	2492.346	184.558	182.971	0.2148986
2150	2493.497	184.558	182.971	0.2148563
2151	2494.66	184.64	183.052	0.21487
2152	2495.839	184.64	183.052	0.2148644
2153	2496.991	184.721	183.133	0.2148595
2154	2498.141	184.721	183.133	0.2148363
2155	2499.288	184.803	183.214	0.2148156
2156	2500.47	184.803	183.214	0.2148005
2157	2501.618	184.884	183.295	0.2147606
2158	2502.769	184.884	183.295	0.2147412
2159	2503.919	184.966	183.376	0.2147266
2160	2505.095	184.966	183.376	0.214717
2161	2506.25	185.047	183.457	0.2147088
2162	2507.412	185.047	183.457	0.2146977
2163	2508.562	185.142	183.538	0.2146632
2164	2509.71	185.142	183.538	0.2146532
2165	2510.873	185.223	183.619	0.2146274
2166	2512.024	185.223	183.619	0.2145975
2167	2513.174	185.304	183.699	0.2145959
2168	2514.346	185.304	183.699	0.2145821
2169	2515.496	185.385	183.78	0.2145729
2170	2516.645	185.385	183.78	0.2145381
2171	2517.804	185.465	183.86	0.2145389
2172	2518.956	185.465	183.86	0.2145215
2173	2520.134	185.546	183.941	0.2145126
2174	2521.284	185.546	183.941	0.2144942
2175	2522.434	185.627	184.021	0.2144594
2176	2523.584	185.627	184.021	0.2144445
2177	2524.753	185.708	184.101	0.2144447
2178	2525.915	185.708	184.101	0.214433
2179	2527.063	185.79	184.182	0.2143734
2180	2528.216	185.79	184.182	0.2143698
2181	2529.366	185.869	184.263	0.2143628
2182	2530.529	185.869	184.263	0.2143714
2183	2531.681	185.949	184.343	0.2143525
2184	2532.846	185.949	184.343	0.2143475
2185	2534.0	186.03	184.423	0.2143535
2186	2535.153	186.03	184.423	0.2143496
2187	2536.301	186.111	184.463	0.2143241
2188	2537.454	186.111	184.463	0.2143447
2189	2538.607	186.191	184.583	0.2143192
2190	2539.768	186.191	184.583	0.2143086
2191	2540.938	186.272	184.663	0.2142971
2192	2542.086	186.272	184.663	0.2142479
2193	2543.236	186.365	184.744	0.2142561
2194	2544.388	186.365	184.744	0.2141745
2195	2545.538	186.447	184.824	0.2141861
2196	2546.689	186.447	184.824	0.2141428
2197	2547.871	186.527	184.903	0.2141381
2198	2549.02	186.527	184.903	0.2141383
2199	2550.172	186.608	184.983	0.214085
2200	2551.322	186.608	184.983	0.2140615
2201	2552.473	186.688	185.063	0.214058
2202	2553.635	186.688	185.063	0.213963
2203	2554.783	186.768	185.142	0.2139683
2204	2555.936	186.768	185.142	0.2139233
2205	2557.084	186.848	185.223	0.2139356
2206	2558.235	186.848	185.223	0.2138582
2207	2559.415	186.927	185.302	0.2138548
2208	2560.568	186.927	185.302	0.2138503
2209	2561.718	187.008	185.382	0.213811
2210	2562.902	187.008	185.382	0.2138427
2211	2564.051	187.074	185.462	0.2138443
2212	2565.199	187.074	185.462	0.2137779
2213	2566.354	187.168	185.541	0.2137753
2214	2567.536	187.168	185.541	0.2137908
2215	2568.697	187.247	185.621	0.2137592
2216	2569.851	187.247	185.621	0.2137287
2217	2571.0	187.327	185.7	0.2136926
2218	2572.153	187.327	185.7	0.2136901
2219	2573.302	187.406	185.779	0.2136512
2220	2574.454	187.406	185.779	0.213619
2221	2575.603	187.485	185.859	0.2136255
2222	2576.756	187.485	185.859	0.2136701
2223	2577.917	187.579	185.977	0.2136105
2224	2579.068	187.579	185.977	0.2136167
2225	2580.221	187.657	186.057	0.2136061
2226	2581.377	187.657	186.057	0.2136004
2227	2582.53	187.737	186.137	0.2136048
2228	2583.679	187.737	186.137	0.2135891
2229	2584.827	187.816	186.216	0.2136182
2230	2585.98	187.816	186.216	0.213621
2231	2587.132	187.894	186.295	0.2136253
2232	2588.28	187.894	186.295	0.2136196
2233	2589.432	187.974	186.374	0.2135549
2234	2590.583	187.974	186.374	0.2135613
2235	2591.768	188.053	186.453	0.2135386
2236	2592.949	188.053	186.453	0.2134538
2237	2594.094	188.13	186.532	0.2134537
2238	2595.271	188.13	186.532	0.2134074
2239	2596.424	188.209	186.611	0.2133634
2240	2597.574	188.209	186.611	0.2133321
2241	2598.723	188.288	186.69	0.2133294
2242	2599.875	188.288	186.69	0.2133199
2243	2601.037	188.366	186.769	0.2132765
2244	2602.186	188.366	186.769	0.213246
2245	2603.332	188.444	186.847	0.2132529
2246	2604.496	188.444	186.847	0.213251
2247	2605.647	188.522	186.926	0.2132161
2248	2606.798	188.522	186.926	0.2131188
2249	2607.948	188.601	187.005	0.2131203
2250	2609.101	188.601	187.005	0.21308
2251	2610.252	188.68	187.083	0.2130051
2252	2611.415	188.68	187.083	0.213008
2253	2612.566	188.771	187.162	0.2130018
2254	2613.729	188.771	187.162	0.2128617
2255	2614.881	188.849	187.24	0.2128827
2256	2616.034	188.849	187.24	0.2128076
2257	2617.197	188.927	187.318	0.2127741
2258	2618.347	188.927	187.318	0.2127847
2259	2619.515	189.005	187.396	0.2127632
2260	2620.723	189.082	187.475	0.2127646
2261	2621.878	189.082	187.475	0.2127041
2262	2623.033	189.16	187.553	0.2127355
2263	2624.21	189.16	187.553	0.2126717
2264	2625.363	189.239	187.63	0.2126471
2265	2626.511	189.239	187.63	0.2126529
2266	2627.663	189.316	187.708	0.2126354
2267	2628.825	189.316	187.708	0.212636
2268	2629.976	189.392	187.786	0.212607
2269	2631.139	189.392	187.786	0.2125956
2270	2632.29	189.47	187.864	0.2126251
2271	2633.468	189.47	187.864	0.2125964
2272	2634.629	189.547	187.942	0.2126423
2273	2635.779	189.547	187.942	0.2126258
2274	2636.931	189.626	188.02	0.2126538
2275	2638.096	189.626	188.02	0.212641
2276	2639.248	189.689	188.097	0.2126543
2277	2640.412	189.689	188.097	0.2126746
2278	2641.566	189.78	188.174	0.2126504
2279	2642.717	189.78	188.174	0.2126706
2280	2643.882	189.857	188.252	0.2126821
2281	2645.034	189.857	188.252	0.2127031
2282	2646.188	189.947	188.329	0.2126649
2283	2647.34	189.947	188.329	0.2126535
2284	2648.505	190.023	188.406	0.212651
2285	2649.652	190.023	188.406	0.2126495
2286	2650.798	190.1	188.484	0.2126367
2287	2651.952	190.1	188.484	0.2126727
2288	2653.102	190.178	188.561	0.212658
2289	2654.252	190.178	188.561	0.2126826
2290	2655.404	190.254	188.638	0.2126377
2291	2656.554	190.254	188.638	0.2126575
2292	2657.707	190.331	188.714	0.212663
2293	2658.874	190.331	188.714	0.2126571
2294	2660.036	190.407	188.792	0.2126479
2295	2661.184	190.407	188.792	0.2126397
2296	2662.332	190.484	188.869	0.212666
2297	2663.484	190.484	188.869	0.2127087
2298	2664.634	190.561	188.946	0.2127117
2299	2665.786	190.561	188.946	0.2127346
2300	2666.937	190.636	189.023	0.2127516
2301	2668.09	190.636	189.023	0.2127881
2302	2669.243	190.712	189.099	0.212771
2303	2670.391	190.712	189.099	0.2128192
2304	2671.545	190.789	189.176	0.2129138
2305	2672.705	190.789	189.176	0.2129188
2306	2673.866	190.865	189.253	0.2129451
2307	2675.019	190.865	189.253	0.2129038
2308	2676.171	190.943	189.33	0.2129046
2309	2677.316	190.943	189.33	0.2129083
2310	2678.472	191.018	189.407	0.2129437
2311	2679.624	191.018	189.407	0.2129462
2312	2680.776	191.106	189.521	0.212934
2313	2681.924	191.106	189.521	0.2129138
2314	2683.073	191.182	189.597	0.2129434
2315	2684.225	191.182	189.597	0.2129664
2316	2685.375	191.259	189.674	0.2129807
2317	2686.54	191.259	189.674	0.212956
2318	2687.692	191.335	189.749	0.2129421
2319	2688.844	191.335	189.749	0.2129469
2320	2690.012	191.411	189.826	0.2129675
2321	2691.16	191.411	189.826	0.2129563
2322	2692.312	191.486	189.901	0.2129454
2323	2693.461	191.486	189.901	0.212946
2324	2694.624	191.562	189.977	0.2129488
2325	2695.778	191.562	189.977	0.2129553
2326	2696.958	191.638	190.054	0.2129466
2327	2698.11	191.638	190.054	0.2129405
2328	2699.262	191.713	190.13	0.2129452
2329	2700.413	191.713	190.13	0.212947
2330	2701.569	191.789	190.205	0.2129316
2331	2702.722	191.789	190.205	0.2129151
2332	2703.908	191.865	190.281	0.2128735
2333	2705.061	191.865	190.281	0.2129225
2334	2706.223	191.94	190.357	0.2128918
2335	2707.373	191.94	190.357	0.2128919
2336	2708.522	192.015	190.432	0.2128757
2337	2709.692	192.015	190.432	0.2128564
2338	2710.858	192.091	190.508	0.2128766
2339	2712.037	192.091	190.508	0.2128593
2340	2713.202	192.165	190.583	0.2128414
2341	2714.368	192.165	190.583	0.2128792
2342	2715.532	192.254	190.659	0.2128588
2343	2716.694	192.254	190.659	0.2128526
2344	2717.889	192.329	190.697	0.2128524
2345	2719.055	192.329	190.697	0.212857
2346	2720.218	192.404	190.81	0.2128351
2347	2721.384	192.404	190.81	0.2128271
2348	2722.551	192.478	190.885	0.2127852
2349	2723.718	192.478	190.885	0.212775
2350	2724.886	192.554	190.961	0.2127679
2351	2726.052	192.554	190.961	0.2126973
2352	2727.214	192.629	191.036	0.2127197
2353	2728.379	192.629	191.036	0.2127311
2354	2729.547	192.704	191.111	0.2127531
2355	2730.71	192.704	191.111	0.2127727
2356	2731.869	192.78	191.186	0.2127385
2357	2733.099	192.853	191.261	0.2127763
2358	2734.258	192.853	191.261	0.2127807
2359	2735.452	192.928	191.337	0.2127388
2360	2736.617	192.928	191.337	0.2127116
2361	2737.779	193.003	191.411	0.2127165
2362	2738.948	193.003	191.411	0.2126721
2363	2740.117	193.078	191.487	0.2126823
2364	2741.28	193.078	191.487	0.212607
2365	2742.447	193.153	191.561	0.2125897
2366	2743.643	193.153	191.561	0.212605
2367	2744.808	193.226	191.637	0.2125336
2368	2745.974	193.226	191.637	0.2125289
2369	2747.137	193.314	191.712	0.2125226
2370	2748.306	193.314	191.712	0.2124887
2371	2749.471	193.388	191.786	0.2124112
2372	2750.638	193.388	191.786	0.2124376
2373	2751.804	193.462	191.861	0.212369
2374	2752.97	193.462	191.861	0.21234
2375	2754.147	193.537	191.936	0.2123381
2376	2755.313	193.537	191.936	0.2122716
2377	2756.483	193.612	192.01	0.2123049
2378	2757.647	193.612	192.01	0.2122231
2379	2758.81	193.685	192.084	0.2122252
2380	2759.98	193.685	192.084	0.2121646
2381	2761.128	193.759	192.16	0.2121677
2382	2762.28	193.759	192.16	0.2120917
2383	2763.432	193.834	192.196	0.2121007
2384	2764.581	193.834	192.196	0.2120855
2385	2765.732	193.908	192.308	0.2120432
2386	2766.9	193.908	192.308	0.2120521
2387	2768.048	193.983	192.383	0.2119912
2388	2769.21	193.983	192.383	0.2119296
2389	2770.359	194.057	192.457	0.2119406
2390	2771.521	194.057	192.457	0.2119038
2391	2772.67	194.131	192.531	0.2119132
2392	2773.818	194.131	192.531	0.2119453
2393	2774.968	194.205	192.605	0.2119074
2394	2776.148	194.205	192.605	0.2118801
2395	2777.298	194.279	192.679	0.2118499
2396	2778.446	194.279	192.679	0.2118957
2397	2779.611	194.352	192.754	0.2118792
2398	2780.774	194.352	192.754	0.2118877
2399	2781.94	194.439	192.864	0.2118926
2400	2783.105	194.439	192.864	0.2118521
2401	2784.272	194.512	192.938	0.2119139
2402	2785.437	194.512	192.938	0.2119253
2403	2786.606	194.587	193.012	0.2119267
2404	2787.768	194.587	193.012	0.2119583
2405	2788.958	194.66	193.086	0.2119744
2406	2790.127	194.66	193.086	0.2119583
2407	2791.296	194.734	193.16	0.2119372
2408	2792.444	194.734	193.16	0.2119188
2409	2793.611	194.809	193.234	0.2119099
2410	2794.773	194.809	193.234	0.2118977
2411	2795.938	194.88	193.308	0.2118817
2412	2797.088	194.88	193.308	0.2118856
2413	2798.251	194.955	193.383	0.2118779
2414	2799.412	194.955	193.383	0.2118536
2415	2800.579	195.029	193.457	0.2118363
2416	2801.754	195.029	193.457	0.211829
2417	2802.915	195.102	193.531	0.2118042
2418	2804.081	195.102	193.531	0.2118072
2419	2805.249	195.177	193.604	0.2117845
2420	2806.491	195.248	193.678	0.211786
2421	2807.654	195.248	193.678	0.2117744
2422	2808.835	195.322	193.752	0.2117814
2423	2810.004	195.322	193.752	0.2117729
2424	2811.164	195.395	193.825	0.2117553
2425	2812.347	195.395	193.825	0.211737
2426	2813.497	195.47	193.899	0.2117331
2427	2814.658	195.47	193.899	0.2117207
2428	2815.823	195.554	193.972	0.2117139
2429	2816.989	195.554	193.972	0.2117021
2430	2818.143	195.628	194.046	0.2116777
2431	2819.323	195.628	194.046	0.2116729
2432	2820.492	195.689	194.12	0.2116579
2433	2821.646	195.689	194.12	0.2116656
2434	2822.823	195.775	194.194	0.2116615
2435	2823.99	195.775	194.194	0.2116432
2436	2825.154	195.849	194.268	0.2115955
2437	2826.32	195.849	194.268	0.211594
2438	2827.483	195.922	194.341	0.2116057
2439	2828.648	195.922	194.341	0.2115842
2440	2829.819	195.995	194.378	0.2115691
2441	2830.981	195.995	194.378	0.2115429
2442	2832.138	196.069	194.453	0.2114952
2443	2833.304	196.069	194.453	0.2115173
2444	2834.455	196.141	194.563	0.2114708
2445	2835.617	196.141	194.563	0.211451
2446	2836.783	196.214	194.599	0.2114757
2447	2837.938	196.214	194.599	0.2113964
2448	2839.105	196.288	194.709	0.2114228
2449	2840.268	196.288	194.709	0.211389
2450	2841.432	196.36	194.782	0.211371
2451	2842.599	196.36	194.782	0.2113744
2452	2843.765	196.433	194.818	0.2113107
2453	2844.921	196.433	194.818	0.2113176
2454	2846.074	196.507	194.929	0.2112927
2455	2847.24	196.507	194.929	0.2113023
2456	2848.405	196.579	195.002	0.211299
2457	2849.557	196.579	195.002	0.2112999
2458	2850.72	196.664	195.075	0.2112683
2459	2851.872	196.664	195.075	0.2112521
2460	2853.023	196.737	195.111	0.211246
2461	2854.177	196.737	195.111	0.2112149
2462	2855.333	196.811	195.222	0.2111911
2463	2856.523	196.811	195.222	0.2111884
2464	2857.674	196.882	195.295	0.2111399
2465	2858.837	196.882	195.295	0.2110976
2466	2860.002	196.956	195.368	0.2110895
2467	2861.154	196.956	195.368	0.2110236
2468	2862.317	197.029	195.442	0.2109739
2469	2863.486	197.029	195.442	0.2109486
2470	2864.64	197.102	195.478	0.2108969
2471	2865.806	197.102	195.478	0.2108744
2472	2866.985	197.174	195.588	0.2108717
2473	2868.147	197.174	195.588	0.2108169
2474	2869.314	197.248	195.661	0.2107452
2475	2870.482	197.248	195.661	0.2107809
2476	2871.648	197.32	195.734	0.2107189
2477	2872.813	197.32	195.734	0.2107149
2478	2873.979	197.393	195.806	0.2107034
2479	2875.144	197.393	195.806	0.2106523
2480	2876.305	197.466	195.88	0.2106422
2481	2877.474	197.466	195.88	0.2105853
2482	2878.639	197.538	195.916	0.2105646
2483	2879.875	197.611	196.025	0.2105643
2484	2881.03	197.611	196.025	0.210558
2485	2882.185	197.696	196.135	0.2105451
2486	2883.354	197.696	196.135	0.2105406
2487	2884.522	197.768	196.208	0.2105291
2488	2885.683	197.768	196.208	0.2105234
2489	2886.853	197.842	196.281	0.2105085
2490	2888.021	197.842	196.281	0.2104698
2491	2889.185	197.914	196.354	0.2104679
2492	2890.348	197.914	196.354	0.2104722
2493	2891.512	197.986	196.427	0.2104474
2494	2892.678	197.986	196.427	0.210447
2495	2893.837	198.059	196.5	0.2104582
2496	2894.99	198.059	196.5	0.2104234
2497	2896.156	198.119	196.572	0.2104117
2498	2897.319	198.119	196.572	0.2103734
2499	2898.485	198.204	196.645	0.2103674
2500	2899.638	198.204	196.645	0.2103434
2501	2900.803	198.277	196.718	0.2103137
2502	2901.967	198.277	196.718	0.2103373
2503	2903.124	198.349	196.791	0.2102819
2504	2904.284	198.349	196.791	0.2102843
2505	2905.438	198.423	196.864	0.2102665
2506	2906.601	198.423	196.864	0.2102433
2507	2907.753	198.494	196.937	0.2102154
2508	2908.916	198.494	196.937	0.2102004
2509	2910.07	198.566	197.009	0.2101623
2510	2911.238	198.566	197.009	0.2101493
2511	2912.4	198.639	197.082	0.2101206
2512	2913.566	198.639	197.082	0.2101047
2513	2914.73	198.713	197.155	0.2100882
2514	2915.893	198.713	197.155	0.2100683
2515	2917.045	198.797	197.227	0.2100432
2516	2918.223	198.797	197.227	0.2100467
2517	2919.407	198.869	197.3	0.2100026
2518	2920.565	198.869	197.3	0.2099712
2519	2921.73	198.941	197.373	0.209981
2520	2922.883	198.941	197.373	0.2099703
2521	2924.05	199.014	197.446	0.209917
2522	2925.216	199.014	197.446	0.2098871
2523	2926.38	199.086	197.519	0.2098926
2524	2927.53	199.086	197.519	0.209889
2525	2928.693	199.157	197.591	0.2098674
2526	2929.846	199.157	197.591	0.209827
2527	2931.013	199.231	197.664	0.2098229
2528	2932.209	199.231	197.664	0.2098323
2529	2933.372	199.303	197.737	0.2097702
2530	2934.538	199.303	197.737	0.2097309
2531	2935.703	199.376	197.809	0.2097022
2532	2936.871	199.376	197.809	0.209711
2533	2938.035	199.447	197.882	0.2096794
2534	2939.198	199.447	197.882	0.2096514
2535	2940.395	199.52	197.954	0.2096157
2536	2941.561	199.52	197.954	0.2096297
2537	2942.715	199.593	198.027	0.2096116
2538	2943.882	199.593	198.027	0.2095888
2539	2945.047	199.666	198.1	0.2096076
2540	2946.213	199.666	198.1	0.2096052
2541	2947.381	199.737	198.173	0.2095767
2542	2948.547	199.737	198.173	0.2095811
2543	2949.71	199.81	198.245	0.2096037
2544	2950.864	199.81	198.245	0.2095619
2545	2952.031	199.894	198.318	0.2095515
2546	2953.262	199.967	198.39	0.2095626
2547	2954.412	199.967	198.39	0.2095611
2548	2955.577	200.04	198.463	0.2095515
2549	2956.742	200.04	198.463	0.2095388
2550	2957.91	200.112	198.535	0.2095348
2551	2959.07	200.112	198.535	0.2095313
2552	2960.225	200.185	198.608	0.2095305
2553	2961.39	200.185	198.608	0.2095269
2554	2962.556	200.256	198.68	0.2095291
2555	2963.723	200.256	198.68	0.2095294
2556	2964.892	200.329	198.753	0.209536
2557	2966.054	200.329	198.753	0.2095235
2558	2967.22	200.401	198.826	0.2094922
2559	2968.383	200.401	198.826	0.2094877
2560	2969.548	200.472	198.898	0.209483
2561	2970.715	200.472	198.898	0.2095154
2562	2971.881	200.532	198.969	0.2095235
2563	2973.065	200.532	198.969	0.2095379
2564	2974.229	200.617	199.042	0.2095114
2565	2975.382	200.617	199.042	0.2094869
2566	2976.544	200.69	199.115	0.2095137
2567	2977.697	200.69	199.115	0.2095318
2568	2978.863	200.763	199.187	0.2095148
2569	2980.027	200.763	199.187	0.2094899
2570	2981.193	200.835	199.26	0.2094924
2571	2982.355	200.835	199.26	0.209433
2572	2983.516	200.907	199.333	0.2094559
2573	2984.669	200.907	199.333	0.2094776
2574	2985.822	200.991	199.442	0.2094748
2575	2987.019	200.991	199.442	0.2094609
2576	2988.201	201.063	199.515	0.2094465
2577	2989.365	201.063	199.515	0.2094603
2578	2990.53	201.136	199.588	0.2094337
2579	2991.699	201.136	199.588	0.20943
2580	2992.853	201.207	199.66	0.2094005
2581	2994.017	201.207	199.66	0.209442
2582	2995.18	201.28	199.733	0.2094138
2583	2996.331	201.28	199.733	0.2094159
2584	2997.499	201.352	199.805	0.209414
2585	2998.664	201.352	199.805	0.2093619
2586	2999.831	201.425	199.878	0.2093734
2587	3000.983	201.425	199.878	0.2093669
2588	3002.152	201.497	199.95	0.2093665
2589	3003.347	201.497	199.95	0.2093452
2590	3004.499	201.569	200.023	0.2093815
2591	3005.65	201.569	200.023	0.2093636
2592	3006.813	201.642	200.059	0.2093657
2593	3007.967	201.642	200.059	0.209327
2594	3009.12	201.715	200.168	0.2093387
2595	3010.284	201.715	200.168	0.2093576
2596	3011.449	201.785	200.24	0.2093367
2597	3012.616	201.785	200.24	0.2092912
2598	3013.777	201.859	200.312	0.2092607
2599	3014.941	201.859	200.312	0.2092579
2600	3016.104	201.931	200.385	0.2092216
2601	3017.269	201.931	200.385	0.2092223
2602	3018.435	202.003	200.457	0.2091793
2603	3019.615	202.003	200.457	0.2091755
2604	3020.77	202.089	200.529	0.2091699
2605	3021.936	202.089	200.529	0.2091683
2606	3023.1	202.16	200.603	0.2091547
2607	3024.256	202.16	200.603	0.2091565
2608	3025.438	202.233	200.675	0.2091559
2609	3026.653	202.305	200.748	0.2091541
2610	3027.82	202.305	200.748	0.2091439
2611	3029.007	202.377	200.821	0.2091363
2612	3030.197	202.377	200.821	0.209132
2613	3031.362	202.449	200.893	0.2091139
2614	3032.528	202.449	200.893	0.2090853
2615	3033.694	202.521	200.966	0.2091014
2616	3034.86	202.521	200.966	0.209055
2617	3036.022	202.593	201.002	0.2090617
2618	3037.188	202.593	201.002	0.2090273
2619	3038.343	202.666	201.111	0.2090145
2620	3039.507	202.666	201.111	0.2090035
2621	3040.661	202.74	201.183	0.2089861
2622	3041.827	202.74	201.183	0.208978
2623	3042.997	202.809	201.256	0.2088662
2624	3044.162	202.809	201.256	0.2088017
2625	3045.314	202.883	201.329	0.2088292
2626	3046.495	202.883	201.329	0.2088182
2627	3047.645	202.944	201.402	0.2087021
2628	3048.796	202.944	201.402	0.2086702
2629	3049.949	203.029	201.474	0.2086579
2630	3051.097	203.029	201.474	0.2086789
2631	3052.245	203.1	201.547	0.2086226
2632	3053.393	203.1	201.547	0.2086069
2633	3054.541	203.186	201.62	0.2085892
2634	3055.69	203.186	201.62	0.2086165
2635	3056.841	203.258	201.693	0.2085919
2636	3057.994	203.258	201.693	0.2085467
2637	3059.145	203.329	201.765	0.2085481
2638	3060.31	203.329	201.765	0.2085332
2639	3061.463	203.404	201.838	0.2085079
2640	3062.617	203.404	201.838	0.208491
2641	3063.766	203.474	201.911	0.2084874
2642	3064.95	203.474	201.911	0.2084415
2643	3066.102	203.547	201.983	0.2084879
2644	3067.254	203.547	201.983	0.2084735
2645	3068.407	203.62	202.019	0.2084408
2646	3069.561	203.62	202.019	0.2084029
2647	3070.738	203.692	202.129	0.2083938
2648	3071.888	203.692	202.129	0.2083454
2649	3073.057	203.765	202.202	0.2083009
2650	3074.205	203.765	202.202	0.2083227
2651	3075.358	203.837	202.275	0.2082495
2652	3076.511	203.837	202.275	0.2082468
2653	3077.662	203.91	202.347	0.2081845
2654	3078.824	203.91	202.347	0.2081861
2655	3080.012	203.982	202.42	0.2082099
2656	3081.159	203.982	202.42	0.2081823
2657	3082.31	204.054	202.493	0.2081706
2658	3083.463	204.054	202.493	0.2081521
2659	3084.612	204.127	202.566	0.2081393
2660	3085.761	204.127	202.566	0.2081396
2661	3086.927	204.211	202.675	0.2081075
2662	3088.075	204.211	202.675	0.2080965
2663	3089.228	204.284	202.748	0.2080523
2664	3090.383	204.284	202.748	0.2080109
2665	3091.536	204.357	202.821	0.2079694
2666	3092.688	204.357	202.821	0.2079604
2667	3093.837	204.429	202.894	0.2079065
2668	3095.018	204.429	202.894	0.2078638
2669	3096.17	204.501	202.967	0.2078079
2670	3097.319	204.501	202.967	0.2077757
2671	3098.481	204.574	203.04	0.2077956
2672	3099.636	204.574	203.04	0.2077733
2673	3100.789	204.647	203.113	0.2077583
2674	3101.937	204.647	203.113	0.2077147
2675	3103.093	204.72	203.186	0.2077253
2676	3104.244	204.72	203.186	0.2076609
2677	3105.396	204.792	203.258	0.20763
2678	3106.552	204.792	203.258	0.2076153
2679	3107.735	204.865	203.331	0.2075848
2680	3108.886	204.865	203.331	0.2075894
2681	3110.047	204.938	203.404	0.2075926
2682	3111.2	204.938	203.404	0.2075911
2683	3112.377	205.01	203.477	0.2075894
2684	3113.527	205.01	203.477	0.2075508
2685	3114.682	205.083	203.55	0.2075219
2686	3115.833	205.083	203.55	0.2074943
2687	3116.986	205.156	203.623	0.2075328
2688	3118.164	205.156	203.623	0.2074651
2689	3119.312	205.229	203.696	0.2074577
2690	3120.464	205.229	203.696	0.207451
2691	3121.652	205.314	203.77	0.2074812
2692	3122.822	205.314	203.77	0.2074706
2693	3123.975	205.387	203.843	0.2074811
2694	3125.125	205.387	203.843	0.207532
2695	3126.274	205.459	203.916	0.2074987
2696	3127.459	205.459	203.916	0.2075188
2697	3128.607	205.534	203.989	0.2075335
2698	3129.76	205.534	203.989	0.2075171
2699	3130.908	205.607	204.062	0.2075159
2700	3132.148	205.68	204.135	0.2074747
2701	3133.299	205.68	204.135	0.207449
2702	3134.475	205.755	204.209	0.2073783
2703	3135.643	205.755	204.209	0.2074557
2704	3136.796	205.827	204.282	0.2073961
2705	3137.952	205.827	204.282	0.2074042
2706	3139.105	205.901	204.355	0.2074056
2707	3140.254	205.901	204.355	0.2073656
2708	3141.408	205.973	204.428	0.2073537
2709	3142.559	205.973	204.428	0.2072982
2710	3143.71	206.048	204.502	0.2072854
2711	3144.863	206.048	204.502	0.2072412
2712	3146.011	206.12	204.575	0.207247
2713	3147.161	206.12	204.575	0.2072663
2714	3148.312	206.193	204.648	0.2072293
2715	3149.462	206.193	204.648	0.20719
2716	3150.613	206.268	204.721	0.2071707
2717	3151.764	206.268	204.721	0.2071735
2718	3152.915	206.34	204.794	0.2071311
2719	3154.067	206.34	204.794	0.207111
2720	3155.215	206.425	204.868	0.2071093
2721	3156.365	206.425	204.868	0.2070934
2722	3157.53	206.498	204.941	0.2070785
2723	3158.68	206.498	204.941	0.2070774
2724	3159.835	206.571	205.015	0.2070894
2725	3160.987	206.571	205.015	0.2070644
2726	3162.132	206.645	205.089	0.2070455
2727	3163.302	206.645	205.089	0.2070452
2728	3164.453	206.72	205.162	0.2070162
2729	3165.605	206.72	205.162	0.2070275
2730	3166.752	206.794	205.235	0.2070047
2731	3167.902	206.794	205.235	0.2070001
2732	3169.051	206.865	205.309	0.2069849
2733	3170.199	206.865	205.309	0.2069506
2734	3171.383	206.938	205.383	0.2069279
2735	3172.536	206.938	205.383	0.2069399
2736	3173.721	207.012	205.456	0.2069385
2737	3174.894	207.012	205.456	0.2068968
2738	3176.042	207.085	205.531	0.2068592
2739	3177.195	207.085	205.531	0.2068345
2740	3178.344	207.159	205.605	0.206826
2741	3179.496	207.159	205.605	0.2067927
2742	3180.647	207.232	205.679	0.2067816
2743	3181.802	207.232	205.679	0.2067149
2744	3182.988	207.304	205.754	0.2067292
2745	3184.14	207.304	205.754	0.2066714
2746	3185.289	207.377	205.828	0.2066668
2747	3186.44	207.377	205.828	0.2066624
2748	3187.622	207.452	205.902	0.2066538
2749	3188.772	207.452	205.902	0.2066373
2750	3189.953	207.536	206.013	0.2066432
2751	3191.106	207.536	206.013	0.206611
2752	3192.258	207.609	206.087	0.2066052
2753	3193.406	207.609	206.087	0.2065907
2754	3194.559	207.682	206.161	0.2065992
2755	3195.71	207.682	206.161	0.2065974
2756	3196.859	207.756	206.235	0.206565
2757	3198.01	207.756	206.235	0.2065311
2758	3199.159	207.828	206.309	0.206541
2759	3200.309	207.828	206.309	0.2064954
2760	3201.46	207.903	206.384	0.2064913
2761	3202.613	207.903	206.384	0.2064612
2762	3203.765	207.974	206.457	0.2064712
2763	3204.919	207.974	206.457	0.2064466
2764	3206.098	208.05	206.531	0.2064261
2765	3207.252	208.05	206.531	0.2064112
2766	3208.406	208.121	206.605	0.206402
2767	3209.557	208.121	206.605	0.2063841
2768	3210.711	208.196	206.68	0.2063362
2769	3211.894	208.196	206.68	0.2063087
2770	3213.039	208.269	206.754	0.2063351
2771	3214.19	208.269	206.754	0.2063018
2772	3215.341	208.341	206.828	0.2063538
2773	3216.527	208.341	206.828	0.206327
2774	3217.678	208.414	206.865	0.2063104
2775	3218.843	208.414	206.865	0.2062819
2776	3220.008	208.488	206.976	0.206299
2777	3221.161	208.488	206.976	0.2063346
2778	3222.314	208.561	207.05	0.2063289
2779	3223.462	208.561	207.05	0.2063572
2780	3224.603	208.635	207.123	0.2063291
2781	3225.788	208.635	207.123	0.2063194
2782	3226.954	208.72	207.197	0.2063111
2783	3228.106	208.72	207.197	0.2063016
2784	3229.268	208.779	207.271	0.2062918
2785	3230.434	208.779	207.271	0.206296
2786	3231.586	208.866	207.344	0.2062815
2787	3232.739	208.866	207.344	0.2063044
2788	3233.88	208.937	207.419	0.2062909
2789	3235.031	208.937	207.419	0.206312
2790	3236.184	209.011	207.493	0.2062529
2791	3237.336	209.011	207.493	0.2062645
2792	3238.495	209.084	207.567	0.2062487
2793	3239.645	209.084	207.567	0.2062815
2794	3240.795	209.158	207.641	0.2062794
2795	3241.949	209.158	207.641	0.2062311
2796	3243.101	209.231	207.714	0.2062152
2797	3244.285	209.231	207.714	0.2062142
2798	3245.437	209.303	207.789	0.2061873
2799	3246.588	209.303	207.789	0.2061787
2800	3247.747	209.376	207.862	0.2061126
2801	3248.916	209.376	207.862	0.2061112
2802	3250.093	209.449	207.937	0.2061003
2803	3251.242	209.449	207.937	0.206102
2804	3252.393	209.521	208.011	0.2061043
2805	3253.538	209.521	208.011	0.2060877
2806	3254.691	209.597	208.084	0.2060864
2807	3255.84	209.597	208.084	0.2060269
2808	3256.992	209.669	208.158	0.2060288
2809	3258.146	209.669	208.158	0.205984
2810	3259.301	209.742	208.233	0.2059689
2811	3260.454	209.742	208.233	0.2059555
2812	3261.622	209.828	208.27	0.2059419
2813	3262.772	209.828	208.27	0.2058969
2814	3263.954	209.901	208.381	0.2058535
2815	3265.166	209.974	208.455	0.2058402
2816	3266.309	209.974	208.455	0.2058463
2817	3267.46	210.047	208.529	0.2058441
2818	3268.606	210.047	208.529	0.2058435
2819	3269.761	210.12	208.603	0.2058119
2820	3270.909	210.12	208.603	0.2057725
2821	3272.054	210.194	208.676	0.2057602
2822	3273.206	210.194	208.676	0.2057405
2823	3274.361	210.267	208.751	0.2057403
2824	3275.541	210.267	208.751	0.2057232
2825	3276.709	210.34	208.824	0.2057022
2826	3277.859	210.34	208.824	0.2056793
2827	3279.041	210.414	208.898	0.2056732
2828	3280.207	210.414	208.898	0.2056976
2829	3281.389	210.485	208.972	0.2057121
2830	3282.552	210.485	208.972	0.2056532
2831	3283.707	210.56	209.046	0.2056358
2832	3284.86	210.56	209.046	0.2056157
2833	3286.027	210.632	209.12	0.2055861
2834	3287.21	210.632	209.12	0.2055463
2835	3288.373	210.705	209.194	0.2055308
2836	3289.527	210.705	209.194	0.205499
2837	3290.69	210.778	209.268	0.2054556
2838	3291.843	210.778	209.268	0.2054739
2839	3293.023	210.865	209.379	0.205429
2840	3294.176	210.865	209.379	0.2054144
2841	3295.328	210.937	209.453	0.2053995
2842	3296.512	210.937	209.453	0.2053493
2843	3297.661	211.01	209.527	0.2053472
2844	3298.811	211.01	209.527	0.2053084
2845	3299.994	211.084	209.601	0.205298
2846	3301.142	211.084	209.601	0.2052737
2847	3302.296	211.158	209.675	0.2052863
2848	3303.447	211.158	209.675	0.2052779
2849	3304.596	211.22	209.75	0.2052425
2850	3305.749	211.22	209.75	0.2052245
2851	3306.9	211.303	209.823	0.2051578
2852	3308.053	211.303	209.823	0.2051748
2853	3309.2	211.377	209.897	0.2051479
2854	3310.368	211.377	209.897	0.2051091
2855	3311.517	211.45	209.971	0.2051231
2856	3312.665	211.45	209.971	0.2051096
2857	3313.829	211.524	210.045	0.205118
2858	3315.004	211.524	210.045	0.2051105
2859	3316.156	211.598	210.119	0.2050745
2860	3317.306	211.598	210.119	0.2050427
2861	3318.456	211.671	210.194	0.2050175
2862	3319.606	211.671	210.194	0.2050051
2863	3320.754	211.744	210.268	0.2049914
2864	3321.905	211.744	210.268	0.2049607
2865	3323.055	211.816	210.341	0.2049057
2866	3324.202	211.816	210.341	0.2049072
2867	3325.352	211.889	210.416	0.2048651
2868	3326.507	211.889	210.416	0.204861
2869	3327.653	211.963	210.489	0.2048134
2870	3328.813	211.963	210.489	0.2047339
2871	3329.961	212.048	210.563	0.2047087
2872	3331.112	212.048	210.563	0.2047087
2873	3332.26	212.124	210.637	0.2046728
2874	3333.41	212.124	210.637	0.2046565
2875	3334.592	212.196	210.711	0.2046507
2876	3335.747	212.196	210.711	0.204634
2877	3336.902	212.268	210.784	0.2045801
2878	3338.053	212.268	210.784	0.2045561
2879	3339.222	212.342	210.858	0.2045247
2880	3340.371	212.342	210.858	0.2045142
2881	3341.523	212.416	210.932	0.2044794
2882	3342.671	212.416	210.932	0.2044762
2883	3343.822	212.488	211.007	0.204467
2884	3344.972	212.488	211.007	0.2044269
2885	3346.124	212.562	211.081	0.2044506
2886	3347.285	212.562	211.081	0.2044611
2887	3348.465	212.636	211.155	0.2044465
2888	3349.614	212.636	211.155	0.2044346
2889	3350.767	212.71	211.228	0.2043975
2890	3351.917	212.71	211.228	0.204433
2891	3353.067	212.782	211.302	0.2044219
2892	3354.22	212.782	211.302	0.2044391
2893	3355.368	212.856	211.376	0.2044146
2894	3356.52	212.856	211.376	0.2044003
2895	3357.702	212.929	211.45	0.2044074
2896	3358.857	212.929	211.45	0.2044195
2897	3360.007	213.002	211.524	0.2043759
2898	3361.159	213.002	211.524	0.2043677
2899	3362.317	213.076	211.599	0.204344
2900	3363.467	213.076	211.599	0.2043342
2901	3364.627	213.161	211.673	0.2043105
2902	3365.792	213.161	211.673	0.2043116
2903	3366.958	213.235	211.747	0.2042856
2904	3368.107	213.235	211.747	0.204306
2905	3369.29	213.309	211.82	0.2042573
2906	3370.466	213.309	211.82	0.2042177
2907	3371.637	213.381	211.895	0.204198
2908	3372.795	213.381	211.895	0.2042085
2909	3373.946	213.455	211.969	0.2041711
2910	3375.099	213.455	211.969	0.2041551
2911	3376.249	213.528	212.043	0.2041654
2912	3377.399	213.528	212.043	0.2041684
2913	3378.56	213.602	212.116	0.2041226
2914	3379.71	213.602	212.116	0.2041512
2915	3380.859	213.663	212.19	0.2041374
2916	3382.011	213.663	212.19	0.2041307
2917	3383.175	213.749	212.265	0.2040951
2918	3384.334	213.749	212.265	0.2040639
2919	3385.484	213.823	212.339	0.2040929
2920	3386.708	213.897	212.413	0.2040936
2921	3387.858	213.897	212.413	0.2040733
2922	3389.042	213.969	212.487	0.204105
2923	3390.195	213.969	212.487	0.2040951
2924	3391.356	214.042	212.561	0.2040838
2925	3392.509	214.042	212.561	0.204099
2926	3393.66	214.118	212.635	0.2041117
2927	3394.813	214.118	212.635	0.2041335
2928	3395.971	214.191	212.709	0.2041228
2929	3397.129	214.191	212.709	0.2041385
2930	3398.277	214.275	212.82	0.2041208
2931	3399.453	214.275	212.82	0.2041371
2932	3400.603	214.35	212.894	0.2041193
2933	3401.752	214.35	212.894	0.2041406
2934	3402.901	214.423	212.968	0.2041541
2935	3404.054	214.423	212.968	0.204172
2936	3405.221	214.497	213.042	0.2041755
2937	3406.381	214.497	213.042	0.2041676
2938	3407.53	214.57	213.116	0.2042017
2939	3408.688	214.57	213.116	0.2042371
2940	3409.835	214.644	213.191	0.2043002
2941	3410.987	214.644	213.191	0.2042839
2942	3412.14	214.717	213.265	0.2042753
2943	3413.288	214.717	213.265	0.2042792
2944	3414.44	214.791	213.338	0.2042703
2945	3415.59	214.791	213.338	0.2042423
2946	3416.74	214.865	213.412	0.2042132
2947	3417.89	214.865	213.412	0.2042237
2948	3419.041	214.938	213.487	0.2042259
2949	3420.209	214.938	213.487	0.2042389
2950	3421.389	215.012	213.561	0.2042138
2951	3422.541	215.012	213.561	0.2041857
2952	3423.693	215.085	213.635	0.2041837
2953	3424.842	215.085	213.635	0.2042069
2954	3425.991	215.159	213.709	0.2041489
2955	3427.143	215.159	213.709	0.2040515
2956	3428.293	215.233	213.783	0.2039952
2957	3429.441	215.233	213.783	0.2039826
2958	3430.607	215.308	213.858	0.2040286
2959	3431.755	215.308	213.858	0.204064
2960	3432.904	215.393	213.932	0.2039295
2961	3434.055	215.393	213.932	0.2038753
2962	3435.204	215.466	214.006	0.2038796
2963	3436.388	215.466	214.006	0.2038949
2964	3437.533	215.542	214.08	0.2039301
2965	3438.684	215.542	214.08	0.2039121
2966	3439.838	215.615	214.154	0.2038932
2967	3440.99	215.615	214.154	0.2038975
2968	3442.156	215.688	214.191	0.2038655
2969	3443.321	215.688	214.191	0.2038442
2970	3444.471	215.761	214.302	0.2037918
2971	3445.621	215.761	214.302	0.2037728
2972	3446.789	215.836	214.377	0.2037732
2973	3447.955	215.836	214.377	0.2037086
2974	3449.111	215.909	214.45	0.2036951
2975	3450.305	215.909	214.45	0.2036795
2976	3451.472	215.984	214.525	0.2036627
2977	3452.634	215.984	214.525	0.203651
2978	3453.796	216.056	214.599	0.2035911
2979	3454.964	216.056	214.599	0.2036119
2980	3456.131	216.119	214.674	0.2036251
2981	3457.298	216.119	214.674	0.2035856
2982	3458.463	216.204	214.748	0.2035687
2983	3459.625	216.204	214.748	0.2035658
2984	3460.79	216.278	214.823	0.2035472
2985	3461.953	216.278	214.823	0.2035548
2986	3463.124	216.352	214.896	0.2035585
2987	3464.287	216.352	214.896	0.2035385
2988	3465.451	216.426	214.971	0.2035437
2989	3466.617	216.426	214.971	0.2035634
2990	3467.784	216.511	215.045	0.2035784
2991	3468.966	216.511	215.045	0.2035377
2992	3470.131	216.586	215.119	0.2034973
2993	3471.296	216.586	215.119	0.2035294
2994	3472.492	216.66	215.194	0.2035255
2995	3473.658	216.66	215.194	0.2035523
2996	3474.825	216.734	215.268	0.2035305
2997	3475.994	216.734	215.268	0.2035033
2998	3477.159	216.807	215.342	0.2034687
2999	3478.322	216.807	215.342	0.2034598
3000	3479.488	216.882	215.417	0.2034201
3001	3480.748	216.955	215.491	0.2034576
3002	3481.911	216.955	215.491	0.2034399
3003	3483.064	217.028	215.565	0.2033849
3004	3484.247	217.028	215.565	0.2034003
3005	3485.413	217.103	215.639	0.203347
3006	3486.581	217.103	215.639	0.20335
3007	3487.746	217.178	215.676	0.2033466
3008	3488.913	217.178	215.676	0.203365
3009	3490.08	217.251	215.788	0.203345
3010	3491.247	217.251	215.788	0.2033283
3011	3492.412	217.326	215.862	0.2032867
3012	3493.562	217.326	215.862	0.2032858
3013	3494.713	217.399	215.937	0.2032544
3014	3495.879	217.399	215.937	0.2032386
3015	3497.074	217.472	216.011	0.2032064
3016	3498.23	217.472	216.011	0.2032027
3017	3499.383	217.548	216.124	0.2031992
3018	3500.549	217.548	216.124	0.2031739
3019	3501.712	217.633	216.198	0.2031405
3020	3502.876	217.633	216.198	0.2031501
3021	3504.038	217.708	216.272	0.2031341
3022	3505.206	217.708	216.272	0.2031423
3023	3506.369	217.782	216.347	0.2031401
3024	3507.536	217.782	216.347	0.2030983
3025	3508.7	217.855	216.422	0.2030911
3026	3509.864	217.855	216.422	0.2031257
3027	3511.031	217.929	216.496	0.2030825
3028	3512.195	217.929	216.496	0.203081
3029	3513.346	218.005	216.571	0.2030476
3030	3514.512	218.005	216.571	0.2030813
3031	3515.708	218.078	216.645	0.2030684
3032	3516.87	218.078	216.645	0.2030345
3033	3518.034	218.151	216.72	0.203016
3034	3519.199	218.151	216.72	0.2029778
3035	3520.365	218.228	216.795	0.2029603
3036	3521.518	218.228	216.795	0.2029302
3037	3522.683	218.302	216.869	0.2029231
3038	3523.848	218.302	216.869	0.2029178
3039	3525.013	218.376	216.943	0.2028889
3040	3526.179	218.376	216.943	0.2028884
3041	3527.346	218.45	217.018	0.2028861
3042	3528.51	218.45	217.018	0.2028662
3043	3529.663	218.524	217.093	0.2028595
3044	3530.823	218.524	217.093	0.2028445
3045	3531.987	218.586	217.168	0.2028426
3046	3533.154	218.586	217.168	0.2028494
3047	3534.317	218.684	217.243	0.2028287
3048	3535.48	218.684	217.243	0.2028086
3049	3536.629	218.759	217.317	0.2028013
3050	3537.822	218.759	217.317	0.2027866
3051	3538.991	218.833	217.391	0.2027858
3052	3540.155	218.833	217.391	0.2027727
3053	3541.321	218.908	217.465	0.2027748
3054	3542.475	218.908	217.465	0.2027939
3055	3543.653	218.982	217.54	0.2027997
3056	3544.815	218.982	217.54	0.202804
3057	3545.975	219.056	217.615	0.202806
3058	3547.129	219.056	217.615	0.2027827
3059	3548.29	219.13	217.689	0.2027944
3060	3549.457	219.13	217.689	0.2027734
3061	3550.623	219.205	217.763	0.2027622
3062	3551.837	219.278	217.838	0.2027536
3063	3552.986	219.278	217.838	0.2027396
3064	3554.182	219.354	217.913	0.2027559
3065	3555.346	219.354	217.913	0.2027398
3066	3556.508	219.428	217.987	0.2027336
3067	3557.66	219.428	217.987	0.2027136
3068	3558.826	219.501	218.062	0.2026925
3069	3559.978	219.501	218.062	0.2026825
3070	3561.146	219.576	218.137	0.202668
3071	3562.311	219.576	218.137	0.2026748
3072	3563.466	219.651	218.212	0.2026615
3073	3564.621	219.651	218.212	0.2026485
3074	3565.788	219.726	218.287	0.2026455
3075	3566.958	219.726	218.287	0.2026423
3076	3568.125	219.813	218.361	0.2026242
3077	3569.292	219.813	218.361	0.2026113
3078	3570.46	219.886	218.436	0.2025678
3079	3571.624	219.886	218.436	0.2025473
3080	3572.789	219.961	218.511	0.2025277
3081	3573.959	219.961	218.511	0.202418
3082	3575.123	220.036	218.586	0.2024552
3083	3576.29	220.036	218.586	0.2024396
3084	3577.454	220.109	218.66	0.2024527
3085	3578.619	220.109	218.66	0.202408
3086	3579.785	220.185	218.735	0.2023846
3087	3580.964	220.185	218.735	0.202382
3088	3582.126	220.258	218.81	0.202318
3089	3583.292	220.258	218.81	0.2022725
3090	3584.444	220.333	218.885	0.2022494
3091	3585.596	220.333	218.885	0.2022544
3092	3586.748	220.409	218.959	0.2021425
3093	3587.899	220.409	218.959	0.2021114
3094	3589.051	220.484	219.035	0.2021006
3095	3590.203	220.484	219.035	0.2020635
3096	3591.351	220.558	219.109	0.201938
3097	3592.505	220.558	219.109	0.201986
3098	3593.653	220.632	219.183	0.2019302
3099	3594.818	220.632	219.183	0.2018494
3100	3595.981	220.706	219.258	0.2018259
3101	3597.133	220.706	219.258	0.2016779
3102	3598.285	220.781	219.332	0.2017367
3103	3599.437	220.781	219.332	0.2017211
3104	3600.615	220.855	219.408	0.2017628
3105	3601.767	220.855	219.408	0.2017552
3106	3602.948	220.942	219.52	0.2016828
3107	3604.1	220.942	219.52	0.2016375
3108	3605.25	221.015	219.595	0.2016405
3109	3606.4	221.015	219.595	0.2016766
3110	3607.553	221.091	219.67	0.2016696
3111	3608.703	221.091	219.67	0.201691
3112	3609.849	221.165	219.745	0.2016674
3113	3611.027	221.165	219.745	0.2016113
3114	3612.21	221.24	219.82	0.2015331
3115	3613.362	221.24	219.82	0.2015162
3116	3614.523	221.315	219.895	0.2015492
3117	3615.674	221.315	219.895	0.2015161
3118	3616.823	221.39	219.969	0.201553
3119	3617.97	221.39	219.969	0.2015435
3120	3619.122	221.466	220.044	0.2014934
3121	3620.271	221.466	220.044	0.2014432
3122	3621.422	221.539	220.119	0.2013718
3123	3622.573	221.539	220.119	0.2013687
3124	3623.753	221.614	220.157	0.201305
3125	3624.904	221.614	220.157	0.2013248
3126	3626.051	221.689	220.27	0.2013102
3127	3627.2	221.689	220.27	0.2012445
3128	3628.349	221.763	220.345	0.2012628
3129	3629.497	221.763	220.345	0.2012699
3130	3630.65	221.838	220.419	0.2012658
3131	3631.799	221.838	220.419	0.2012462
3132	3632.95	221.913	220.495	0.2011903
3133	3634.13	221.913	220.495	0.2011229
3134	3635.278	221.989	220.57	0.2011148
3135	3636.428	221.989	220.57	0.2011089
3136	3637.578	222.063	220.644	0.2011151
3137	3638.726	222.063	220.644	0.2011136
3138	3639.873	222.151	220.72	0.2011277
3139	3641.056	222.151	220.72	0.2011222
3140	3642.204	222.225	220.794	0.2011236
3141	3643.355	222.225	220.794	0.201158
3142	3644.504	222.301	220.869	0.2011206
3143	3645.653	222.301	220.869	0.201116
3144	3646.804	222.374	220.944	0.2011276
3145	3647.983	222.374	220.944	0.2011638
3146	3649.137	222.45	221.019	0.2011406
3147	3650.287	222.45	221.019	0.2010893
3148	3651.432	222.524	221.094	0.2010868
3149	3652.579	222.524	221.094	0.2010604
3150	3653.73	222.598	221.169	0.2010593
3151	3654.88	222.598	221.169	0.2010733
3152	3656.033	222.675	221.244	0.2010414
3153	3657.184	222.675	221.244	0.2010708
3154	3658.346	222.748	221.319	0.2010559
3155	3659.514	222.748	221.319	0.2010344
3156	3660.677	222.823	221.394	0.2010274
3157	3661.833	222.823	221.394	0.2010051
3158	3662.986	222.899	221.469	0.2010337
3159	3664.224	222.974	221.544	0.2009852
3160	3665.385	222.974	221.544	0.2010186
3161	3666.548	223.05	221.619	0.2010147
3162	3667.718	223.05	221.619	0.200984
3163	3668.886	223.124	221.657	0.2009557
3164	3670.05	223.124	221.657	0.2009831
3165	3671.214	223.21	221.769	0.2009708
3166	3672.376	223.21	221.769	0.2009537
3167	3673.543	223.285	221.844	0.2008685
3168	3674.737	223.285	221.844	0.20084
3169	3675.901	223.361	221.92	0.2008724
3170	3677.067	223.361	221.92	0.2008431
3171	3678.232	223.436	221.995	0.2008181
3172	3679.394	223.436	221.995	0.2008444
3173	3680.559	223.511	222.07	0.2009564
3174	3681.722	223.511	222.07	0.201005
3175	3682.886	223.585	222.145	0.2009845
3176	3684.05	223.585	222.145	0.2009307
3177	3685.216	223.66	222.221	0.2009089
3178	3686.38	223.66	222.221	0.200866
3179	3687.545	223.737	222.295	0.2009595
3180	3688.709	223.737	222.295	0.2009144
3181	3689.861	223.811	222.371	0.2009648
3182	3691.045	223.811	222.371	0.200865
3183	3692.21	223.886	222.445	0.2008173
3184	3693.364	223.886	222.445	0.2007529
3185	3694.523	223.961	222.52	0.2007857
3186	3695.673	223.961	222.52	0.2008041
3187	3696.833	224.036	222.596	0.2007706
3188	3697.982	224.036	222.596	0.2007766
3189	3699.168	224.112	222.671	0.2008345
3190	3700.319	224.112	222.671	0.2007355
3191	3701.487	224.186	222.746	0.2007311
3192	3702.636	224.186	222.746	0.2007799
3193	3703.788	224.261	222.822	0.2007461
3194	3704.949	224.261	222.822	0.2006795
3195	3706.117	224.348	222.934	0.200711
3196	3707.283	224.348	222.934	0.2007443
3197	3708.449	224.425	223.01	0.2006937
3198	3709.613	224.425	223.01	0.2006899
3199	3710.797	224.499	223.085	0.2005892
3200	3711.956	224.499	223.085	0.2005851
3201	3713.119	224.562	223.161	0.2005295
3202	3714.313	224.562	223.161	0.2005335
3203	3715.465	224.65	223.236	0.2005222
3204	3716.626	224.65	223.236	0.200403
3205	3717.777	224.725	223.311	0.2004595
3206	3718.959	224.725	223.311	0.2004282
3207	3720.123	224.8	223.387	0.2004335
3208	3721.288	224.8	223.387	0.2004127
3209	3722.441	224.876	223.462	0.2004552
3210	3723.608	224.876	223.462	0.2004606
3211	3724.76	224.951	223.537	0.2004473
3212	3725.927	224.951	223.537	0.2004144
3213	3727.077	225.027	223.612	0.2003653
3214	3728.237	225.027	223.612	0.2003765
3215	3729.418	225.102	223.688	0.2002979
3216	3730.584	225.102	223.688	0.2001907
3217	3731.732	225.177	223.763	0.2002516
3218	3732.915	225.177	223.763	0.2002383
3219	3734.066	225.252	223.838	0.2001967
3220	3735.216	225.252	223.838	0.2001941
3221	3736.365	225.326	223.914	0.2000591
3222	3737.513	225.326	223.914	0.20013
3223	3738.664	225.402	223.989	0.2001424
3224	3739.899	225.402	224.064	0.2001108
3225	3741.059	225.489	224.064	0.2000948
3226	3742.206	225.566	224.14	0.2000513
3227	3743.353	225.566	224.14	0.2000485
3228	3744.501	225.641	224.216	0.2000651
3229	3745.72	225.641	224.216	0.2000068
3230	3746.882	225.715	224.291	0.2000044
3231	3748.032	225.715	224.291	0.1999912
3232	3749.183	225.793	224.368	0.1999443
3233	3750.333	225.793	224.368	0.1999597
3234	3751.484	225.867	224.442	0.1999483
3235	3752.636	225.867	224.442	0.1998965
3236	3753.786	225.943	224.518	0.1998397
3237	3754.956	225.943	224.518	0.1998072
3238	3756.102	226.018	224.594	0.1998514
3239	3757.255	226.018	224.594	0.1997816
3240	3758.402	226.094	224.669	0.199801
3241	3759.554	226.094	224.669	0.1998266
3242	3760.734	226.169	224.745	0.1997948
3243	3761.883	226.169	224.745	0.1997989
3244	3763.036	226.245	224.821	0.1997781
3245	3764.193	226.245	224.821	0.1997561
3246	3765.336	226.32	224.896	0.1996599
3247	3766.478	226.32	224.896	0.1996359
3248	3767.628	226.396	224.972	0.1996685
3249	3768.778	226.396	224.972	0.1996589
3250	3769.954	226.47	225.047	0.199637
3251	3771.102	226.47	225.047	0.1996333
3252	3772.254	226.547	225.123	0.1995456
3253	3773.42	226.547	225.123	0.1996018
3254	3774.568	226.634	225.199	0.1995621
3255	3775.718	226.634	225.199	0.1995728
3256	3776.886	226.711	225.275	0.1995283
3257	3778.036	226.711	225.275	0.1994785
3258	3779.217	226.787	225.35	0.1995204
3259	3780.364	226.787	225.35	0.1995127
3260	3781.517	226.862	225.425	0.1994397
3261	3782.669	226.862	225.425	0.1994285
3262	3783.85	226.939	225.501	0.1993694
3263	3784.997	226.939	225.501	0.1993074
3264	3786.15	227.013	225.577	0.1993116
3265	3787.3	227.013	225.577	0.1993063
3266	3788.449	227.078	225.652	0.1992962
3267	3789.601	227.078	225.652	0.1992545
3268	3790.752	227.166	225.728	0.1992953
3269	3791.9	227.166	225.728	0.1992434
3270	3793.082	227.239	225.804	0.1991728
3271	3794.231	227.239	225.804	0.1991175
3272	3795.383	227.315	225.879	0.1990377
3273	3796.533	227.315	225.879	0.1990112
3274	3797.683	227.392	225.955	0.1990062
3275	3798.837	227.392	225.955	0.1989466
3276	3799.985	227.469	226.031	0.1989448
3277	3801.153	227.469	226.031	0.198985
3278	3802.301	227.543	226.106	0.1989847
3279	3803.485	227.543	226.106	0.1989554
3280	3804.637	227.619	226.181	0.1989085
3281	3805.787	227.619	226.181	0.1988868
3282	3806.966	227.695	226.256	0.1988641
3283	3808.119	227.695	226.256	0.1988806
3284	3809.271	227.782	226.371	0.1988138
3285	3810.42	227.782	226.371	0.1988319
3286	3811.585	227.858	226.446	0.1988357
3287	3812.749	227.858	226.446	0.1988573
3288	3813.903	227.933	226.522	0.1989522
3289	3815.056	227.933	226.522	0.1989342
3290	3816.237	228.009	226.598	0.1989315
3291	3817.42	228.009	226.598	0.1989302
3292	3818.574	228.083	226.674	0.1988885
3293	3819.726	228.083	226.674	0.1988692
3294	3820.909	228.159	226.75	0.1989071
3295	3822.062	228.159	226.75	0.1988823
3296	3823.212	228.235	226.826	0.1989024
3297	3824.361	228.235	226.826	0.199001
3298	3825.544	228.31	226.902	0.1990454
3299	3826.708	228.31	226.902	0.1990372
3300	3827.862	228.385	226.978	0.1990711
3301	3829.015	228.385	226.978	0.199039
3302	3830.166	228.461	227.053	0.1991291
3303	3831.315	228.461	227.053	0.1991246
3304	3832.466	228.537	227.129	0.1992206
3305	3833.617	228.537	227.129	0.1991954
3306	3834.767	228.612	227.205	0.1992333
3307	3835.948	228.612	227.205	0.1992568
3308	3837.098	228.688	227.28	0.1992547
3309	3838.252	228.688	227.28	0.1992252
3310	3839.432	228.762	227.357	0.1992492
3311	3840.584	228.762	227.357	0.1992742
3312	3841.739	228.838	227.433	0.1992535
3313	3842.922	228.838	227.433	0.1992261
3314	3844.077	228.927	227.509	0.1993164
3315	3845.23	228.927	227.509	0.1993079
3316	3846.382	229.001	227.585	0.1993213
3317	3847.536	229.001	227.585	0.1992756
3318	3848.686	229.077	227.66	0.1993224
3319	3849.838	229.077	227.66	0.1992896
3320	3850.989	229.152	227.698	0.1992658
3321	3852.137	229.152	227.698	0.1991888
3322	3853.286	229.228	227.812	0.1991791
3323	3854.434	229.228	227.812	0.1991706
3324	3855.587	229.303	227.887	0.1991466
3325	3856.736	229.303	227.887	0.1991233
3326	3857.887	229.376	227.963	0.1991309
3327	3859.071	229.376	227.963	0.1991115
3328	3860.221	229.452	228.038	0.1990776
3329	3861.448	229.527	228.114	0.1990842
3330	3862.606	229.527	228.114	0.1990719
3331	3863.789	229.589	228.189	0.1990653
3332	3864.971	229.589	228.189	0.1990283
3333	3866.121	229.677	228.265	0.1990303
3334	3867.268	229.677	228.265	0.1989941
3335	3868.417	229.752	228.341	0.1990401
3336	3869.569	229.752	228.341	0.1990362
3337	3870.719	229.828	228.416	0.1990374
3338	3871.873	229.828	228.416	0.1989765
3339	3873.053	229.903	228.492	0.1989925
3340	3874.219	229.903	228.492	0.1990122
3341	3875.385	229.976	228.567	0.1990338
3342	3876.567	229.976	228.567	0.1989729
3343	3877.732	230.066	228.642	0.1989496
3344	3878.899	230.066	228.642	0.1989487
3345	3880.062	230.139	228.718	0.1989635
3346	3881.248	230.139	228.718	0.1989748
3347	3882.413	230.214	228.794	0.1989901
3348	3883.567	230.214	228.794	0.1990067
3349	3884.718	230.289	228.869	0.199016
3350	3885.904	230.289	228.869	0.1989654
3351	3887.073	230.364	228.945	0.1989403
3352	3888.256	230.364	228.945	0.1989897
3353	3889.44	230.439	229.02	0.1989637
3354	3890.605	230.439	229.02	0.198925
3355	3891.759	230.515	229.095	0.1989354
3356	3892.913	230.515	229.095	0.1989157
3357	3894.066	230.588	229.171	0.1989159
3358	3895.231	230.588	229.171	0.1989297
3359	3896.382	230.665	229.209	0.1989923
3360	3897.536	230.665	229.209	0.1989939
3361	3898.688	230.739	229.321	0.1989662
3362	3899.841	230.739	229.321	0.1989826
3363	3901.007	230.815	229.397	0.1990245
3364	3902.16	230.815	229.397	0.1990367
3365	3903.326	230.889	229.472	0.1990664
3366	3904.509	230.889	229.472	0.1990923
3367	3905.664	230.963	229.547	0.1991083
3368	3906.832	230.963	229.547	0.1991393
3369	3907.997	231.038	229.621	0.1991473
3370	3909.165	231.038	229.621	0.1992111
3371	3910.333	231.114	229.696	0.1992197
3372	3911.499	231.114	229.696	0.199229
3373	3912.666	231.201	229.809	0.199244
3374	3913.831	231.201	229.809	0.1992501
3375	3914.995	231.275	229.885	0.1992721
3376	3916.161	231.275	229.885	0.1992804
3377	3917.327	231.35	229.959	0.199273
3378	3918.493	231.35	229.959	0.1993203
3379	3919.658	231.424	230.034	0.199353
3380	3920.813	231.424	230.034	0.1993935
3381	3921.991	231.498	230.109	0.1994359
3382	3923.145	231.498	230.109	0.1994551
3383	3924.297	231.574	230.184	0.1995127
3384	3925.45	231.574	230.184	0.1995253
3385	3926.601	231.649	230.259	0.1996423
3386	3927.754	231.649	230.259	0.1996178
3387	3928.908	231.723	230.334	0.1996493
3388	3930.061	231.723	230.334	0.1996315
3389	3931.215	231.796	230.408	0.1996529
3390	3932.367	231.796	230.408	0.1996521
3391	3933.519	231.871	230.484	0.199683
3392	3934.669	231.871	230.484	0.1996699
3393	3935.823	231.947	230.559	0.1996776
3394	3936.973	231.947	230.559	0.1996734
3395	3938.128	232.021	230.633	0.1996912
3396	3939.282	232.021	230.633	0.1997326
3397	3940.433	232.084	230.708	0.1997262
3398	3941.615	232.084	230.708	0.1997557
3399	3942.766	232.168	230.783	0.1997524
3400	3943.919	232.168	230.783	0.1997676
3401	3945.069	232.243	230.858	0.1998423
3402	3946.302	232.331	230.933	0.1998101
3403	3947.451	232.331	230.933	0.1998069
3404	3948.605	232.405	231.008	0.199791
3405	3949.785	232.405	231.008	0.1998016
3406	3950.966	232.48	231.083	0.1997569
3407	3952.116	232.48	231.083	0.1997804
3408	3953.267	232.552	231.158	0.199798
3409	3954.42	232.552	231.158	0.1998661
3410	3955.572	232.627	231.232	0.1998727
3411	3956.724	232.627	231.232	0.1998649
3412	3957.873	232.702	231.307	0.1998621
3413	3959.051	232.702	231.307	0.1999201
3414	3960.205	232.778	231.382	0.1998966
3415	3961.358	232.778	231.382	0.1998772
3416	3962.512	232.85	231.457	0.1998845
3417	3963.694	232.85	231.457	0.1999036
3418	3964.845	232.926	231.531	0.1998787
3419	3965.999	232.926	231.531	0.1998814
3420	3967.149	233.0	231.605	0.1999675
3421	3968.334	233.0	231.605	0.1999679
3422	3969.485	233.075	231.68	0.1999647
3423	3970.637	233.075	231.68	0.1999222
3424	3971.79	233.149	231.755	0.2000433
3425	3972.942	233.149	231.755	0.2000342
3426	3974.123	233.224	231.829	0.2000958
3427	3975.278	233.224	231.829	0.2000402
3428	3976.431	233.298	231.904	0.2001349
3429	3977.584	233.298	231.904	0.200213
3430	3978.769	233.372	231.978	0.2001632
3431	3979.925	233.372	231.978	0.2002068
3432	3981.076	233.458	232.053	0.2002208
3433	3982.229	233.458	232.053	0.2002007
3434	3983.413	233.533	232.127	0.2002133
3435	3984.563	233.533	232.127	0.200218
3436	3985.744	233.607	232.202	0.2002199
3437	3986.895	233.607	232.202	0.2001926
3438	3988.081	233.681	232.277	0.2002162
3439	3989.232	233.681	232.277	0.2004345
3440	3990.383	233.755	232.351	0.2004579
3441	3991.566	233.755	232.351	0.2004353
3442	3992.713	233.829	232.425	0.2003668
3443	3993.866	233.829	232.425	0.2003805
3444	3995.053	233.903	232.5	0.2003711
3445	3996.237	233.903	232.5	0.200353
3446	3997.385	233.977	232.574	0.2003111
3447	3998.537	233.977	232.574	0.2002961
3448	3999.686	234.051	232.649	0.2002152
3449	4000.842	234.051	232.649	0.2002256
3450	4001.996	234.125	232.723	0.2001568
3451	4003.149	234.125	232.723	0.2001738
3452	4004.301	234.198	232.797	0.2001425
3453	4005.454	234.198	232.797	0.2001291
3454	4006.604	234.273	232.872	0.200122
3455	4007.753	234.273	232.872	0.2001652
3456	4008.905	234.347	232.946	0.2001772
3457	4010.056	234.347	232.946	0.2002126
3458	4011.236	234.422	233.02	0.2002479
3459	4012.39	234.422	233.02	0.2002588
3460	4013.547	234.496	233.095	0.2002454
3461	4014.725	234.496	233.095	0.2002325
3462	4015.88	234.581	233.206	0.200325
3463	4017.029	234.581	233.206	0.2003893
3464	4018.182	234.655	233.279	0.2004701
3465	4019.365	234.655	233.279	0.2006909
3466	4020.518	234.716	233.354	0.2008496
3467	4021.681	234.716	233.354	0.2007844
3468	4022.856	234.804	233.428	0.2008021
3469	4024.04	234.804	233.428	0.2007713
3470	4025.191	234.877	233.503	0.2007792
3471	4026.346	234.877	233.503	0.200706
3472	4027.497	234.951	233.577	0.200712
3473	4028.678	234.951	233.577	0.2006272
3474	4029.834	235.026	233.651	0.2006228
3475	4030.989	235.026	233.651	0.2006083
3476	4032.153	235.086	233.688	0.2005422
3477	4033.337	235.086	233.688	0.2005015
3478	4034.49	235.172	233.8	0.2005405
3479	4035.748	235.247	233.873	0.2004432
3480	4036.897	235.247	233.873	0.2004353
3481	4038.054	235.32	233.947	0.2004072
3482	4039.206	235.32	233.947	0.200388
3483	4040.37	235.393	234.022	0.2003709
3484	4041.526	235.393	234.022	0.200327
3485	4042.692	235.469	234.095	0.2002862
3486	4043.863	235.469	234.095	0.2002933
3487	4045.018	235.542	234.168	0.2002769
3488	4046.172	235.542	234.168	0.2002427
3489	4047.343	235.616	234.242	0.2002534
3490	4048.496	235.616	234.242	0.2001676
3491	4049.65	235.702	234.316	0.2001239
3492	4050.802	235.702	234.316	0.2000928
3493	4051.986	235.775	234.389	0.2000319
3494	4053.154	235.775	234.389	0.200036
3495	4054.32	235.849	234.464	0.1999332
3496	4055.491	235.849	234.464	0.2000153
3497	4056.678	235.923	234.537	0.1999921
3498	4057.843	235.923	234.537	0.2000287
3499	4059.009	235.996	234.611	0.2000781
3500	4060.175	235.996	234.611	0.2000158
3501	4061.361	236.07	234.685	0.200022
3502	4062.521	236.07	234.685	0.1999871
3503	4063.686	236.144	234.759	0.1999849
3504	4064.841	236.144	234.759	0.1999735
3505	4066.037	236.218	234.833	0.1999935
3506	4067.202	236.218	234.833	0.1999827
3507	4068.368	236.292	234.906	0.1999885
3508	4069.566	236.292	234.906	0.2000138
3509	4070.731	236.365	234.98	0.2000037
3510	4071.885	236.365	234.98	0.2000078
3511	4073.069	236.438	235.053	0.1999977
3512	4074.234	236.438	235.053	0.1999134
3513	4075.396	236.512	235.127	0.1999133
3514	4076.551	236.512	235.127	0.1999297
3515	4077.723	236.585	235.164	0.199951
3516	4078.892	236.585	235.164	0.1999713
3517	4080.085	236.658	235.275	0.1999337
3518	4081.245	236.658	235.275	0.1998966
3519	4082.404	236.732	235.349	0.1998835
3520	4083.572	236.732	235.349	0.1998614
3521	4084.739	236.806	235.422	0.1998253
3522	4085.906	236.806	235.422	0.1998112
3523	4087.088	236.892	235.496	0.1998204
3524	4088.257	236.892	235.496	0.1997895
3525	4089.425	236.964	235.569	0.1998094
3526	4090.593	236.964	235.569	0.1997325
3527	4091.762	237.039	235.643	0.1997354
3528	4092.93	237.039	235.643	0.1997485
3529	4094.098	237.112	235.716	0.1997444
3530	4095.264	237.112	235.716	0.1997594
3531	4096.43	237.186	235.79	0.199728
3532	4097.666	237.258	235.863	0.1997054
3533	4098.82	237.258	235.863	0.1997176
3534	4099.976	237.333	235.937	0.1996995
3535	4101.141	237.333	235.937	0.1997771
3536	4102.307	237.406	236.011	0.1997534
3537	4103.49	237.406	236.011	0.1997514
3538	4104.684	237.479	236.084	0.1997253
3539	4105.849	237.479	236.084	0.1997013
3540	4107.014	237.552	236.157	0.1997006
3541	4108.167	237.552	236.157	0.1997089
3542	4109.331	237.626	236.23	0.1997057
3543	4110.499	237.626	236.23	0.1997442
3544	4111.666	237.698	236.304	0.199776
3545	4112.85	237.698	236.304	0.1997482
3546	4114.018	237.772	236.378	0.1997521
3547	4115.184	237.772	236.378	0.1997089
3548	4116.338	237.857	236.488	0.1997171
3549	4117.503	237.857	236.488	0.1996808
3550	4118.67	237.931	236.561	0.199606
3551	4119.839	237.931	236.561	0.1996088
3552	4121.005	238.003	236.635	0.1995335
3553	4122.168	238.003	236.635	0.1995148
3554	4123.335	238.078	236.709	0.1994773
3555	4124.497	238.078	236.709	0.1994672
3556	4125.665	238.151	236.781	0.1994664
3557	4126.859	238.151	236.781	0.1994417
3558	4128.024	238.225	236.855	0.1994186
3559	4129.191	238.225	236.855	0.1994221
3560	4130.357	238.296	236.929	0.1993968
3561	4131.523	238.296	236.929	0.1994098
3562	4132.687	238.37	237.002	0.1993659
3563	4133.849	238.37	237.002	0.1993249
3564	4135.015	238.444	237.075	0.1993095
3565	4136.172	238.444	237.075	0.1993416
3566	4137.339	238.517	237.148	0.199281
3567	4138.505	238.517	237.148	0.1992577
3568	4139.7	238.591	237.221	0.1992383
3569	4140.863	238.591	237.221	0.1992357
3570	4142.047	238.663	237.295	0.1992247
3571	4143.211	238.663	237.295	0.1991917
3572	4144.375	238.735	237.368	0.1991729
3573	4145.54	238.735	237.368	0.1991557
3574	4146.708	238.809	237.442	0.1991577
3575	4147.871	238.809	237.442	0.1991362
3576	4149.037	238.882	237.515	0.199092
3577	4150.202	238.882	237.515	0.1990867
3578	4151.364	238.968	237.589	0.1990594
3579	4152.562	238.968	237.589	0.1990571
3580	4153.729	239.041	237.661	0.1990453
3581	4154.893	239.041	237.661	0.1989976
3582	4156.06	239.112	237.735	0.1989911
3583	4157.3	239.186	237.807	0.1989584
3584	4158.469	239.186	237.807	0.198926
3585	4159.637	239.247	237.88	0.1989429
3586	4160.832	239.247	237.88	0.1989297
3587	4162.027	239.334	237.954	0.198909
3588	4163.189	239.334	237.954	0.1989169
3589	4164.354	239.405	238.026	0.1989504
3590	4165.548	239.405	238.026	0.1989055
3591	4166.701	239.479	238.099	0.1989012
3592	4167.864	239.479	238.099	0.1988847
3593	4169.047	239.551	238.173	0.1988696
3594	4170.214	239.551	238.173	0.1988307
3595	4171.379	239.625	238.246	0.1988229
3596	4172.53	239.625	238.246	0.1987672
3597	4173.684	239.698	238.319	0.1987507
3598	4174.833	239.698	238.319	0.1987482
3599	4176.012	239.771	238.392	0.1986343
3600	4177.159	239.771	238.392	0.1986691
3601	4178.31	239.844	238.465	0.198582
3602	4179.458	239.844	238.465	0.198591
3603	4180.609	239.917	238.538	0.1986072
3604	4181.755	239.917	238.538	0.198534
3605	4182.936	239.991	238.611	0.1984369
3606	4184.094	239.991	238.611	0.1984272
3607	4185.244	240.074	238.683	0.1984024
3608	4186.393	240.074	238.683	0.1983754
3609	4187.576	240.147	238.757	0.1984185
3610	4188.725	240.147	238.757	0.1983674
3611	4189.873	240.22	238.829	0.1983912
3612	4191.02	240.22	238.829	0.1983528
3613	4192.202	240.293	238.902	0.1984447
3614	4193.354	240.293	238.902	0.1984469
3615	4194.502	240.366	238.975	0.1984072
3616	4195.653	240.366	238.975	0.1984601
3617	4196.804	240.439	239.048	0.1984918
3618	4197.954	240.439	239.048	0.1984756
3619	4199.105	240.512	239.121	0.1984605
3620	4200.256	240.512	239.121	0.1984787
3621	4201.422	240.585	239.193	0.1984289
3622	4202.572	240.585	239.193	0.1984434
3623	4203.72	240.657	239.266	0.1984454
3624	4204.871	240.657	239.266	0.1984279
3625	4206.019	240.73	239.339	0.1984382
3626	4207.168	240.73	239.339	0.198432
3627	4208.319	240.803	239.412	0.1984444
3628	4209.467	240.803	239.412	0.1984466
3629	4210.619	240.875	239.484	0.1984419
3630	4211.797	240.875	239.484	0.1984086
3631	4212.946	240.947	239.557	0.1984175
3632	4214.094	240.947	239.557	0.1984117
3633	4215.243	241.02	239.63	0.198388
3634	4216.393	241.02	239.63	0.1984329
3635	4217.542	241.106	239.739	0.1984792
3636	4218.689	241.106	239.739	0.1984394
3637	4219.853	241.179	239.812	0.1985012
3638	4221.003	241.179	239.812	0.1985088
3639	4222.152	241.251	239.885	0.1985038
3640	4223.305	241.251	239.885	0.198535
3641	4224.456	241.323	239.958	0.1985364
3642	4225.604	241.323	239.958	0.1985952
3643	4226.784	241.396	240.031	0.1986103
3644	4227.933	241.396	240.031	0.198585
3645	4229.085	241.468	240.103	0.1986041
3646	4230.233	241.468	240.103	0.1985447
3647	4231.384	241.54	240.176	0.1985538
3648	4232.531	241.54	240.176	0.1985375
3649	4233.681	241.614	240.248	0.1984889
3650	4234.833	241.614	240.248	0.1985281
3651	4236.012	241.674	240.321	0.1984993
3652	4237.162	241.674	240.321	0.1984796
3653	4238.316	241.759	240.394	0.1984732
3654	4239.469	241.759	240.394	0.1983773
3655	4240.645	241.831	240.467	0.1984809
3656	4241.794	241.831	240.467	0.1984953
3657	4242.942	241.903	240.539	0.1984582
3658	4244.093	241.903	240.539	0.1984407
3659	4245.246	241.977	240.612	0.198443
3660	4246.431	241.977	240.612	0.1983232
3661	4247.581	242.049	240.684	0.1982478
3662	4248.731	242.049	240.684	0.198222
3663	4249.882	242.122	240.757	0.1982816
3664	4251.066	242.122	240.757	0.1982098
3665	4252.219	242.207	240.829	0.1982492
3666	4253.367	242.207	240.829	0.1982302
3667	4254.549	242.278	240.902	0.1983366
3668	4255.694	242.278	240.902	0.1983413
3669	4256.843	242.351	240.974	0.1982687
3670	4257.994	242.351	240.974	0.1982877
3671	4259.141	242.425	241.011	0.1983751
3672	4260.292	242.425	241.011	0.1983603
3673	4261.446	242.496	241.119	0.1983493
3674	4262.597	242.496	241.119	0.1983292
3675	4263.757	242.568	241.191	0.1983136
3676	4264.937	242.568	241.191	0.1982891
3677	4266.085	242.64	241.263	0.198259
3678	4267.236	242.64	241.263	0.1982258
3679	4268.397	242.713	241.335	0.1981437
3680	4269.547	242.713	241.335	0.1980878
3681	4270.7	242.785	241.408	0.1981156
3682	4271.851	242.785	241.408	0.1980994
3683	4273.019	242.858	241.479	0.1980995
3684	4274.172	242.858	241.479	0.1980565
3685	4275.336	242.93	241.552	0.1979957
3686	4276.548	243.003	241.625	0.1979521
3687	4277.696	243.003	241.625	0.1979722
3688	4278.851	243.075	241.697	0.1979166
3689	4280.03	243.075	241.697	0.1979585
3690	4281.18	243.148	241.769	0.1979041
3691	4282.329	243.148	241.769	0.1978411
3692	4283.48	243.219	241.841	0.197879
3693	4284.632	243.219	241.841	0.1978817
3694	4285.785	243.304	241.914	0.1978637
3695	4286.966	243.304	241.914	0.1978631
3696	4288.119	243.375	241.986	0.1978965
3697	4289.282	243.375	241.986	0.197863
3698	4290.433	243.447	242.058	0.197844
3699	4291.585	243.447	242.058	0.197815
3700	4292.735	243.521	242.13	0.1978851
3701	4293.899	243.521	242.13	0.1978715
3702	4295.061	243.593	242.203	0.1978704
3703	4296.214	243.593	242.203	0.1978379
3704	4297.364	243.665	242.275	0.1978426
3705	4298.528	243.665	242.275	0.1978767
3706	4299.678	243.737	242.347	0.1978521
3707	4300.845	243.737	242.347	0.1978049
3708	4302.024	243.809	242.42	0.1977886
3709	4303.185	243.809	242.42	0.1978496
3710	4304.35	243.882	242.456	0.1978236
3711	4305.532	243.882	242.456	0.1978646
3712	4306.684	243.953	242.564	0.1978879
3713	4307.837	243.953	242.564	0.1978974
3714	4308.998	244.026	242.636	0.1978929
3715	4310.149	244.026	242.636	0.1978949
3716	4311.303	244.086	242.708	0.1978744
3717	4312.482	244.086	242.708	0.1978138
3718	4313.644	244.17	242.78	0.1978414
3719	4314.794	244.17	242.78	0.197831
3720	4315.973	244.242	242.852	0.1978162
3721	4317.124	244.242	242.852	0.1977749
3722	4318.274	244.325	242.96	0.1977012
3723	4319.424	244.325	242.96	0.1976855
3724	4320.575	244.398	243.033	0.1976562
3725	4321.728	244.398	243.033	0.197622
3726	4322.894	244.469	243.104	0.1976209
3727	4324.076	244.469	243.104	0.1975754
3728	4325.243	244.541	243.176	0.1975575
3729	4326.406	244.541	243.176	0.1976006
3730	4327.556	244.613	243.247	0.1975557
3731	4328.749	244.613	243.247	0.1975441
3732	4329.911	244.686	243.32	0.1975319
3733	4331.076	244.686	243.32	0.1974891
3734	4332.26	244.757	243.392	0.1974969
3735	4333.413	244.757	243.392	0.1975159
3736	4334.578	244.829	243.463	0.1975144
3737	4335.74	244.829	243.463	0.1974787
3738	4336.924	244.902	243.535	0.1974974
3739	4338.106	244.902	243.535	0.1975073
3740	4339.258	244.974	243.606	0.1975031
3741	4340.409	244.974	243.606	0.1974957
3742	4341.603	245.047	243.678	0.1975049
3743	4342.767	245.047	243.678	0.1974536
3744	4343.932	245.118	243.748	0.1974469
3745	4345.084	245.118	243.748	0.19747
3746	4346.244	245.189	243.821	0.1974644
3747	4347.41	245.189	243.821	0.1974839
3748	4348.576	245.261	243.892	0.1975138
3749	4349.726	245.261	243.892	0.1974683
3750	4350.906	245.333	243.964	0.197471
3751	4352.084	245.333	243.964	0.1974641
3752	4353.237	245.417	244.036	0.1974662
3753	4354.4	245.417	244.036	0.1974356
3754	4355.582	245.488	244.108	0.1974683
3755	4356.818	245.56	244.18	0.1974876
3756	4358.005	245.56	244.18	0.1974757
3757	4359.198	245.632	244.252	0.1974964
3758	4360.364	245.632	244.252	0.1975167
3759	4361.527	245.702	244.323	0.197507
3760	4362.693	245.702	244.323	0.1975005
3761	4363.844	245.776	244.395	0.1974981
3762	4365.009	245.776	244.395	0.1974938
3763	4366.169	245.847	244.467	0.1974787
3764	4367.322	245.847	244.467	0.1974657
3765	4368.478	245.92	244.538	0.1974804
3766	4369.634	245.92	244.538	0.1974811
3767	4370.784	245.991	244.61	0.1975158
3768	4371.946	245.991	244.61	0.1974742
3769	4373.097	246.063	244.682	0.1974344
3770	4374.261	246.063	244.682	0.1974577
3771	4375.425	246.134	244.753	0.1974861
3772	4376.604	246.134	244.753	0.1975403
3773	4377.755	246.207	244.825	0.1975187
3774	4378.905	246.207	244.825	0.1975405
3775	4380.086	246.277	244.896	0.1975435
3776	4381.249	246.277	244.896	0.197554
3777	4382.4	246.348	244.968	0.1975676
3778	4383.553	246.348	244.968	0.1975713
3779	4384.703	246.434	245.04	0.1975549
3780	4385.866	246.434	245.04	0.1975432
3781	4387.016	246.505	245.112	0.1975361
3782	4388.165	246.505	245.112	0.1975329
3783	4389.332	246.577	245.183	0.1975785
3784	4390.483	246.577	245.183	0.1975367
3785	4391.631	246.649	245.255	0.1975554
3786	4392.778	246.649	245.255	0.197558
3787	4393.945	246.72	245.326	0.1975318
3788	4395.093	246.72	245.326	0.1975301
3789	4396.245	246.792	245.398	0.197539
3790	4397.393	246.792	245.398	0.1975406
3791	4398.544	246.864	245.469	0.1975532
3792	4399.705	246.864	245.469	0.197549
3793	4400.856	246.936	245.54	0.1975559
3794	4402.037	246.936	245.54	0.1975557
3795	4403.186	247.007	245.611	0.1975529
3796	4404.367	247.007	245.611	0.1975343
3797	4405.518	247.077	245.682	0.1975091
3798	4406.669	247.077	245.682	0.1975183
3799	4407.819	247.149	245.753	0.1975185
3800	4408.987	247.149	245.753	0.1975019
3801	4410.137	247.22	245.825	0.1975122
3802	4411.283	247.22	245.825	0.1974942
3803	4412.436	247.293	245.897	0.1975077
3804	4413.615	247.293	245.897	0.1975063
3805	4414.766	247.364	245.968	0.197519
3806	4415.933	247.364	245.968	0.1975026
3807	4417.085	247.436	246.039	0.1974896
3808	4418.265	247.436	246.039	0.1974881
3809	4419.414	247.52	246.146	0.1974907
3810	4420.564	247.52	246.146	0.1974366
3811	4421.714	247.59	246.217	0.1974532
3812	4422.893	247.59	246.217	0.1975016
3813	4424.045	247.662	246.289	0.1975423
3814	4425.196	247.662	246.289	0.1975078
3815	4426.344	247.732	246.36	0.1975009
3816	4427.526	247.732	246.36	0.1975145
3817	4428.691	247.804	246.43	0.1974653
3818	4429.839	247.804	246.43	0.1975325
3819	4430.989	247.876	246.501	0.197471
3820	4432.137	247.876	246.501	0.1974539
3821	4433.285	247.946	246.573	0.1974332
3822	4434.432	247.946	246.573	0.1974326
3823	4435.579	248.018	246.644	0.197392
3824	4436.73	248.018	246.644	0.1974156
3825	4437.881	248.09	246.716	0.1974023
3826	4439.033	248.09	246.716	0.1973985
3827	4440.183	248.162	246.751	0.1974524
3828	4441.355	248.162	246.751	0.1974784
3829	4442.506	248.233	246.858	0.1974561
3830	4443.652	248.233	246.858	0.1974399
3831	4444.801	248.303	246.929	0.1974721
3832	4445.968	248.303	246.929	0.1975329
3833	4447.153	248.375	247.0	0.1975105
3834	4448.304	248.375	247.0	0.1975272
3835	4449.454	248.446	247.072	0.197513
3836	4450.62	248.446	247.072	0.1975656
3837	4451.774	248.518	247.142	0.1975335
3838	4452.923	248.518	247.142	0.197536
3839	4454.071	248.6	247.213	0.1975488
3840	4455.236	248.6	247.213	0.1975732
3841	4456.399	248.671	247.285	0.1975878
3842	4457.549	248.671	247.285	0.1975535
3843	4458.699	248.743	247.356	0.1975688
3844	4459.848	248.743	247.356	0.1975418
3845	4461.012	248.815	247.427	0.1975463
3846	4462.164	248.815	247.427	0.1975019
3847	4463.313	248.886	247.498	0.1974846
3848	4464.463	248.886	247.498	0.1974299
3849	4465.649	248.956	247.568	0.1974475
3850	4466.798	248.956	247.568	0.1974515
3851	4467.946	249.028	247.639	0.1974425
3852	4469.098	249.028	247.639	0.1973799
3853	4470.278	249.098	247.71	0.1974084
3854	4471.489	249.168	247.781	0.1974718
3855	4472.644	249.168	247.781	0.197432
3856	4473.795	249.241	247.853	0.1974031
3857	4474.945	249.241	247.853	0.1973966
3858	4476.112	249.312	247.923	0.197378
3859	4477.278	249.312	247.923	0.1973953
3860	4478.446	249.384	247.994	0.1973609
3861	4479.624	249.384	247.994	0.1973559
3862	4480.775	249.454	248.065	0.1973663
3863	4481.939	249.454	248.065	0.1972953
3864	4483.092	249.524	248.136	0.1973202
3865	4484.245	249.524	248.136	0.1973391
3866	4485.407	249.608	248.172	0.1973023
3867	4486.572	249.608	248.172	0.1972919
3868	4487.736	249.679	248.277	0.1972688
3869	4488.9	249.679	248.277	0.1972354
3870	4490.096	249.75	248.348	0.197163
3871	4491.246	249.75	248.348	0.1971298
3872	4492.44	249.809	248.418	0.1971152
3873	4493.605	249.809	248.418	0.1971158
3874	4494.772	249.892	248.489	0.1970985
3875	4495.94	249.892	248.489	0.1970983
3876	4497.099	249.965	248.56	0.1970094
3877	4498.246	249.965	248.56	0.1969642
3878	4499.399	250.036	248.631	0.1969007
3879	4500.551	250.036	248.631	0.1968746
3880	4501.736	250.108	248.701	0.196799
3881	4502.92	250.108	248.701	0.1968348
3882	4504.1	250.179	248.772	0.1967881
3883	4505.251	250.179	248.772	0.1967945
3884	4506.4	250.249	248.842	0.1967617
3885	4507.556	250.249	248.842	0.1966863
3886	4508.706	250.32	248.913	0.1967069
3887	4509.858	250.32	248.913	0.1966878
3888	4511.006	250.391	248.984	0.1966433
3889	4512.187	250.391	248.984	0.196595
3890	4513.336	250.465	249.054	0.1965572
3891	4514.489	250.465	249.054	0.1965329
3892	4515.674	250.536	249.125	0.196513
3893	4516.825	250.536	249.125	0.1964629
3894	4518.009	250.607	249.195	0.1964424
3895	4519.189	250.607	249.195	0.1964472
3896	4520.342	250.689	249.301	0.196362
3897	4521.491	250.689	249.301	0.1963704
3898	4522.675	250.76	249.371	0.1963525
3899	4523.855	250.76	249.371	0.1963737
3900	4525.005	250.832	249.441	0.1963208
3901	4526.157	250.832	249.441	0.196297
3902	4527.303	250.903	249.512	0.1963458
3903	4528.455	250.903	249.512	0.1962938
3904	4529.605	250.974	249.582	0.1963055
3905	4530.755	250.974	249.582	0.196324
3906	4531.905	251.044	249.652	0.1963405
3907	4533.054	251.044	249.652	0.1963211
3908	4534.204	251.116	249.723	0.1962967
3909	4535.359	251.116	249.723	0.1962896
3910	4536.508	251.187	249.793	0.1963128
3911	4537.674	251.187	249.793	0.1962862
3912	4538.823	251.258	249.864	0.1963333
3913	4540.004	251.258	249.864	0.1963113
3914	4541.154	251.328	249.935	0.1962921
3915	4542.303	251.328	249.935	0.1962708
3916	4543.481	251.398	250.006	0.1962355
3917	4544.632	251.398	250.006	0.1962804
3918	4545.786	251.471	250.077	0.1962158
3919	4546.937	251.471	250.077	0.1962194
3920	4548.101	251.539	250.148	0.1962326
3921	4549.252	251.539	250.148	0.1962328
3922	4550.404	251.611	250.219	0.1962469
3923	4551.553	251.611	250.219	0.1962592
3924	4552.738	251.694	250.29	0.1962403
3925	4553.89	251.694	250.29	0.1962073
3926	4555.051	251.765	250.36	0.1962111
3927	4556.203	251.765	250.36	0.1962315
3928	4557.386	251.835	250.431	0.1962103
3929	4558.534	251.835	250.431	0.1962068
3930	4559.683	251.905	250.502	0.196154
3931	4560.831	251.905	250.502	0.1961549
3932	4561.985	251.975	250.572	0.1961605
3933	4563.133	251.975	250.572	0.1961777
3934	4564.286	252.046	250.643	0.1961379
3935	4565.515	252.117	250.714	0.1961488
3936	4566.696	252.117	250.714	0.1961528
3937	4567.865	252.174	250.784	0.1961526
3938	4569.012	252.174	250.784	0.1961219
3939	4570.161	252.257	250.855	0.1961383
3940	4571.34	252.257	250.855	0.1961107
3941	4572.491	252.327	250.926	0.1961607
3942	4573.638	252.327	250.926	0.1961725
3943	4574.789	252.397	250.996	0.1961398
3944	4575.941	252.397	250.996	0.1961793
3945	4577.092	252.468	251.067	0.1961622
3946	4578.242	252.468	251.067	0.1961676
3947	4579.393	252.537	251.137	0.1961599
3948	4580.545	252.537	251.137	0.1961347
3949	4581.696	252.608	251.208	0.1961648
3950	4582.848	252.608	251.208	0.196159
3951	4584.026	252.69	251.277	0.1961319
3952	4585.211	252.69	251.277	0.196147
3953	4586.363	252.761	251.347	0.1961056
3954	4587.518	252.761	251.347	0.1960933
3955	4588.675	252.83	251.418	0.1960793
3956	4589.859	252.83	251.418	0.1960633
3957	4591.02	252.899	251.488	0.1960509
3958	4592.172	252.899	251.488	0.1960144
3959	4593.324	252.969	251.558	0.1960306
3960	4594.471	252.969	251.558	0.1960122
3961	4595.623	253.04	251.628	0.1960292
3962	4596.773	253.04	251.628	0.196007
3963	4597.922	253.111	251.699	0.1960006
3964	4599.102	253.111	251.699	0.1959979
3965	4600.251	253.181	251.769	0.1959725
3966	4601.405	253.181	251.769	0.1959744
3967	4602.555	253.25	251.84	0.1959854
3968	4603.745	253.25	251.84	0.1959914
3969	4604.903	253.318	251.91	0.1959841
3970	4606.051	253.318	251.91	0.1959848
3971	4607.203	253.391	251.98	0.1959421
3972	4608.355	253.391	251.98	0.1959562
3973	4609.505	253.459	252.049	0.1959296
3974	4610.654	253.459	252.049	0.1959101
3975	4611.804	253.528	252.119	0.1959185
3976	4612.97	253.528	252.119	0.195903
3977	4614.118	253.598	252.189	0.1958942
3978	4615.27	253.598	252.189	0.1958662
3979	4616.423	253.669	252.259	0.1958618
3980	4617.573	253.669	252.259	0.1958694
3981	4618.754	253.75	252.364	0.1958621
3982	4619.904	253.75	252.364	0.1958363
3983	4621.054	253.819	252.399	0.1958155
3984	4622.221	253.819	252.399	0.1957953
3985	4623.374	253.888	252.503	0.1958067
3986	4624.527	253.888	252.503	0.1957997
3987	4625.678	253.957	252.572	0.1958124
3988	4626.834	253.957	252.572	0.1958491
3989	4628.016	254.026	252.641	0.1958421
3990	4629.166	254.026	252.641	0.1958435
3991	4630.349	254.096	252.71	0.1958204
3992	4631.501	254.096	252.71	0.1958385
3993	4632.682	254.166	252.78	0.1958121
3994	4633.831	254.166	252.78	0.1958138
3995	4634.985	254.235	252.85	0.1958212
3996	4636.153	254.235	252.85	0.195808
3997	4637.301	254.305	252.919	0.195786
3998	4638.453	254.305	252.919	0.1957877
3999	4639.642	254.375	252.988	0.1957833
4000	4640.789	254.375	252.988	0.1957778
4001	4641.945	254.444	253.057	0.195736
4002	4643.093	254.444	253.057	0.1957487
4003	4644.242	254.502	253.127	0.1957438
4004	4645.426	254.502	253.127	0.1957348
4005	4646.572	254.581	253.196	0.1957079
4006	4647.721	254.581	253.196	0.1956787
4007	4648.869	254.649	253.265	0.1956518
4008	4650.05	254.649	253.265	0.1956084
4009	4651.229	254.72	253.335	0.1956183
4010	4652.381	254.72	253.335	0.1955748
4011	4653.535	254.8	253.404	0.1955803
4012	4654.686	254.8	253.404	0.1955888
4013	4655.869	254.87	253.473	0.1955421
4014	4657.019	254.87	253.473	0.1954973
4015	4658.17	254.937	253.542	0.1955374
4016	4659.321	254.937	253.542	0.1955459
4017	4660.489	255.007	253.612	0.1954879
4018	4661.641	255.007	253.612	0.1955188
4019	4662.796	255.074	253.681	0.195536
4020	4663.953	255.074	253.681	0.1955276
4021	4665.104	255.144	253.749	0.1955062
4022	4666.255	255.144	253.749	0.1955461
4023	4667.406	255.213	253.784	0.195484
4024	4668.551	255.213	253.784	0.1954676
4025	4669.733	255.282	253.887	0.1953999
4026	4670.886	255.282	253.887	0.1954414
4027	4672.04	255.35	253.956	0.195371
4028	4673.19	255.35	253.956	0.1953985
4029	4674.337	255.42	254.024	0.1954016
4030	4675.491	255.42	254.024	0.1953872
4031	4676.645	255.489	254.093	0.1954028
4032	4677.796	255.489	254.093	0.1953867
4033	4678.948	255.556	254.162	0.195416
4034	4680.192	255.624	254.23	0.1953522
4035	4681.349	255.624	254.23	0.1954284
4036	4682.503	255.693	254.298	0.1953998
4037	4683.655	255.693	254.298	0.1953614
4038	4684.808	255.762	254.367	0.1953354
4039	4685.978	255.762	254.367	0.1953195
4040	4687.13	255.842	254.436	0.1953096
4041	4688.279	255.842	254.436	0.1953159
4042	4689.431	255.911	254.505	0.1952317
4043	4690.581	255.911	254.505	0.1952085
4044	4691.764	255.978	254.573	0.1952258
4045	4692.931	255.978	254.573	0.195236
4046	4694.078	256.047	254.641	0.1952322
4047	4695.231	256.047	254.641	0.1951959
4048	4696.386	256.115	254.71	0.1951651
4049	4697.538	256.115	254.71	0.1951598
4050	4698.686	256.183	254.778	0.1951649
4051	4699.836	256.183	254.778	0.1951781
4052	4700.985	256.252	254.847	0.1952034
4053	4702.153	256.252	254.847	0.1951964
4054	4703.339	256.32	254.915	0.195207
4055	4704.49	256.32	254.915	0.19519
4056	4705.639	256.389	254.983	0.1952207
4057	4706.82	256.389	254.983	0.195212
4058	4707.985	256.456	255.052	0.1952048
4059	4709.14	256.456	255.052	0.195235
4060	4710.287	256.525	255.12	0.1952851
4061	4711.437	256.525	255.12	0.1952974
4062	4712.586	256.591	255.153	0.1952505
4063	4713.739	256.591	255.153	0.1952433
4064	4714.889	256.661	255.256	0.1951995
4065	4716.054	256.661	255.256	0.1951881
4066	4717.205	256.729	255.324	0.1951881
4067	4718.355	256.729	255.324	0.1951798
4068	4719.507	256.808	255.425	0.1951564
4069	4720.658	256.808	255.425	0.1951734
4070	4721.845	256.876	255.494	0.1951704
4071	4722.999	256.876	255.494	0.1952398
4072	4724.149	256.944	255.561	0.195281
4073	4725.302	256.944	255.561	0.1952871
4074	4726.486	257.012	255.629	0.1952817
4075	4727.638	257.012	255.629	0.1952839
4076	4728.789	257.079	255.696	0.1953067
4077	4729.94	257.079	255.696	0.1952741
4078	4731.124	257.147	255.764	0.1953286
4079	4732.271	257.147	255.764	0.1953082
4080	4733.424	257.216	255.832	0.1952982
4081	4734.589	257.216	255.832	0.1952967
4082	4735.739	257.284	255.9	0.1953339
4083	4736.891	257.284	255.9	0.195372
4084	4738.044	257.351	255.967	0.1953322
4085	4739.211	257.351	255.967	0.1952727
4086	4740.388	257.419	256.035	0.195218
4087	4741.568	257.419	256.035	0.1953113
4088	4742.714	257.485	256.102	0.1952598
4089	4743.867	257.485	256.102	0.195209
4090	4745.05	257.552	256.17	0.1951699
4091	4746.199	257.552	256.17	0.195153
4092	4747.352	257.621	256.237	0.1951305
4093	4748.52	257.621	256.237	0.1950651
4094	4749.703	257.688	256.305	0.1950294
4095	4750.856	257.688	256.305	0.1949497
4096	4752.007	257.756	256.372	0.1949294
4097	4753.162	257.756	256.372	0.1949162
4098	4754.312	257.835	256.439	0.1948922
4099	4755.462	257.835	256.439	0.1948763
4100	4756.614	257.901	256.507	0.1947704
4101	4757.778	257.901	256.507	0.1947904
4102	4758.959	257.97	256.574	0.1947576
4103	4760.113	257.97	256.574	0.1947589
4104	4761.293	258.036	256.642	0.1947407
4105	4762.477	258.036	256.642	0.1946668
4106	4763.629	258.105	256.709	0.1946499
4107	4764.778	258.105	256.709	0.1946243
4108	4765.943	258.171	256.777	0.1945633
4109	4767.126	258.171	256.777	0.1944616
4110	4768.292	258.239	256.844	0.194489
4111	4769.454	258.239	256.844	0.194443
4112	4770.606	258.307	256.912	0.1944187
4113	4771.775	258.307	256.912	0.1943809
4114	4772.94	258.372	256.979	0.1943347
4115	4774.122	258.372	256.979	0.1941267
4116	4775.281	258.44	257.047	0.1943132
4117	4776.564	258.507	257.114	0.1942159
4118	4777.723	258.507	257.114	0.1941865
4119	4778.905	258.574	257.181	0.1941341
4120	4780.091	258.574	257.181	0.1939957
4121	4781.255	258.642	257.248	0.1940138
4122	4782.409	258.642	257.248	0.1942367
4123	4783.594	258.709	257.316	0.1940772
4124	4784.746	258.709	257.316	0.1943446
4125	4785.901	258.787	257.382	0.1943164
4126	4787.064	258.787	257.382	0.1943409
4127	4788.218	258.853	257.45	0.1943876
4128	4789.373	258.853	257.45	0.1944514
4129	4790.527	258.921	257.516	0.1945038
4130	4791.691	258.921	257.516	0.1945473
4131	4792.874	258.987	257.583	0.1945399
4132	4794.027	258.987	257.583	0.1945173
4133	4795.192	259.055	257.65	0.1944761
4134	4796.343	259.055	257.65	0.1944469
4135	4797.524	259.122	257.717	0.1945046
4136	4798.688	259.122	257.717	0.1944995
4137	4799.853	259.19	257.783	0.1945059
4138	4801.006	259.19	257.783	0.1945503
4139	4802.16	259.255	257.85	0.1945322
4140	4803.312	259.255	257.85	0.1945103
4141	4804.483	259.322	257.917	0.1945138
4142	4805.646	259.322	257.917	0.1945154
4143	4806.801	259.389	257.983	0.1944678
4144	4807.964	259.389	257.983	0.1944238
4145	4809.119	259.454	258.049	0.1944918
4146	4810.271	259.454	258.049	0.1944795
4147	4811.421	259.521	258.116	0.1944772
4148	4812.586	259.521	258.116	0.1944755
4149	4813.74	259.589	258.183	0.1944674
4150	4814.904	259.589	258.183	0.1944248
4151	4816.089	259.656	258.25	0.1944352
4152	4817.254	259.656	258.25	0.1943818
4153	4818.405	259.722	258.316	0.1943784
4154	4819.554	259.722	258.316	0.194382
4155	4820.72	259.8	258.416	0.1943955
4156	4821.883	259.8	258.416	0.1943589
4157	4823.049	259.865	258.483	0.1943473
4158	4824.205	259.865	258.483	0.1943667
4159	4825.39	259.922	258.548	0.1943868
4160	4826.555	259.922	258.548	0.1943747
4161	4827.708	259.998	258.615	0.1943204
4162	4828.877	259.998	258.615	0.1942712
4163	4830.039	260.065	258.682	0.1942507
4164	4831.204	260.065	258.682	0.1942308
4165	4832.355	260.131	258.747	0.1942065
4166	4833.54	260.131	258.747	0.1942091
4167	4834.701	260.197	258.814	0.1941718
4168	4835.852	260.197	258.814	0.1941478
4169	4837.004	260.264	258.88	0.1941948
4170	4838.155	260.264	258.88	0.1941238
4171	4839.338	260.331	258.946	0.1941343
4172	4840.49	260.331	258.946	0.1941152
4173	4841.642	260.396	259.012	0.1941873
4174	4842.829	260.396	259.012	0.1941391
4175	4843.98	260.461	259.078	0.1941288
4176	4845.133	260.461	259.078	0.1941206
4177	4846.282	260.528	259.145	0.194074
4178	4847.432	260.528	259.145	0.1940669
4179	4848.583	260.595	259.178	0.194054
4180	4849.739	260.595	259.178	0.1940045
4181	4850.89	260.66	259.277	0.194005
4182	4852.043	260.66	259.277	0.1940167
4183	4853.223	260.738	259.343	0.1939732
4184	4854.377	260.738	259.343	0.1940225
4185	4855.525	260.803	259.409	0.193972
4186	4856.678	260.803	259.409	0.1939371
4187	4857.865	260.87	259.475	0.1939397
4188	4859.072	260.935	259.541	0.1937988
4189	4860.217	260.935	259.541	0.1937979
4190	4861.402	261.001	259.607	0.1936693
4191	4862.556	261.001	259.607	0.1936898
4192	4863.709	261.066	259.673	0.1936941
4193	4864.875	261.066	259.673	0.1936758
4194	4866.055	261.133	259.738	0.1936699
4195	4867.207	261.133	259.738	0.193622
4196	4868.356	261.198	259.804	0.1935818
4197	4869.525	261.198	259.804	0.1936276
4198	4870.706	261.264	259.87	0.193645
4199	4871.856	261.264	259.87	0.1936385
4200	4873.006	261.331	259.935	0.1935963
4201	4874.155	261.331	259.935	0.1935405
4202	4875.339	261.395	260.001	0.1935727
4203	4876.49	261.395	260.001	0.1935629
4204	4877.642	261.461	260.066	0.193512
4205	4878.794	261.461	260.066	0.1936004
4206	4879.956	261.526	260.132	0.1935968
4207	4881.106	261.526	260.132	0.1936073
4208	4882.258	261.593	260.198	0.1935375
4209	4883.409	261.593	260.198	0.1935429
4210	4884.591	261.658	260.263	0.1934709
4211	4885.742	261.658	260.263	0.1934981
4212	4886.904	261.736	260.329	0.1934455
4213	4888.085	261.736	260.329	0.1934603
4214	4889.235	261.802	260.395	0.1933965
4215	4890.386	261.802	260.395	0.1933628
4216	4891.538	261.866	260.459	0.1933322
4217	4892.691	261.866	260.459	0.1932978
4218	4893.875	261.931	260.493	0.1932456
4219	4895.025	261.931	260.493	0.1932633
4220	4896.174	261.997	260.591	0.1932406
4221	4897.323	261.997	260.591	0.1932475
4222	4898.476	262.061	260.657	0.1932342
4223	4899.637	262.061	260.657	0.1932282
4224	4900.786	262.116	260.722	0.1931994
4225	4901.95	262.116	260.722	0.1932222
4226	4903.099	262.192	260.788	0.1932623
4227	4904.253	262.192	260.788	0.1932872
4228	4905.403	262.258	260.853	0.193298
4229	4906.552	262.258	260.853	0.1933224
4230	4907.701	262.323	260.919	0.1933018
4231	4908.849	262.323	260.919	0.1933967
4232	4910.033	262.389	260.984	0.1934586
4233	4911.18	262.389	260.984	0.1934495
4234	4912.36	262.453	261.049	0.1934323
4235	4913.511	262.453	261.049	0.1934469
4236	4914.659	262.519	261.114	0.1934063
4237	4915.812	262.519	261.114	0.1934132
4238	4916.959	262.585	261.179	0.1933599
4239	4918.139	262.585	261.179	0.1933654
4240	4919.289	262.66	261.277	0.1932722
4241	4920.439	262.66	261.277	0.1933009
4242	4921.635	262.727	261.342	0.1932899
4243	4922.806	262.727	261.342	0.1932366
4244	4923.973	262.792	261.407	0.1931129
4245	4925.125	262.792	261.407	0.193195
4246	4926.278	262.855	261.472	0.1931565
4247	4927.426	262.855	261.472	0.193085
4248	4928.576	262.92	261.536	0.1930269
4249	4929.725	262.92	261.536	0.1930341
4250	4930.877	262.987	261.601	0.1930499
4251	4932.057	262.987	261.601	0.1930339
4252	4933.21	263.052	261.666	0.1930108
4253	4934.361	263.052	261.666	0.1929662
4254	4935.542	263.115	261.731	0.1930251
4255	4936.693	263.115	261.731	0.1930156
4256	4937.873	263.179	261.796	0.192951
4257	4939.027	263.179	261.796	0.1929206
4258	4940.191	263.246	261.861	0.192921
4259	4941.342	263.246	261.861	0.1929147
4260	4942.493	263.31	261.926	0.1929114
4261	4943.644	263.31	261.926	0.1929699
4262	4944.827	263.375	261.99	0.1929253
4263	4946.007	263.375	261.99	0.1929692
4264	4947.158	263.44	262.056	0.1929498
4265	4948.321	263.44	262.056	0.1928858
4266	4949.5	263.505	262.121	0.1929227
4267	4950.649	263.505	262.121	0.1928795
4268	4951.804	263.569	262.185	0.1929174
4269	4952.97	263.569	262.185	0.1928964
4270	4954.133	263.645	262.25	0.192882
4271	4955.296	263.645	262.25	0.192918
4272	4956.449	263.709	262.314	0.1929431
4273	4957.689	263.774	262.379	0.19288
4274	4958.842	263.774	262.379	0.1929116
4275	4960.023	263.838	262.443	0.1928971
4276	4961.19	263.838	262.443	0.1928995
4277	4962.354	263.903	262.508	0.1928974
4278	4963.517	263.903	262.508	0.1928412
4279	4964.668	263.968	262.572	0.1928392
4280	4965.819	263.968	262.572	0.1928017
4281	4967.0	264.031	262.637	0.1927896
4282	4968.163	264.031	262.637	0.1927721
4283	4969.327	264.096	262.701	0.192793
4284	4970.49	264.096	262.701	0.1927752
4285	4971.653	264.16	262.766	0.1927614
4286	4972.804	264.16	262.766	0.1927213
4287	4973.959	264.226	262.831	0.1927423
4288	4975.109	264.226	262.831	0.1927694
4289	4976.256	264.28	262.895	0.1926797
4290	4977.417	264.28	262.895	0.19262
4291	4978.567	264.355	262.96	0.1926448
4292	4979.719	264.355	262.96	0.1926332
4293	4980.87	264.418	263.024	0.1925842
4294	4982.025	264.418	263.024	0.1925957
4295	4983.176	264.483	263.089	0.1925912
4296	4984.326	264.483	263.089	0.1925457
4297	4985.473	264.548	263.153	0.192528
4298	4986.624	264.548	263.153	0.1925135
4299	4987.782	264.623	263.216	0.1925231
4300	4988.945	264.623	263.216	0.1925734
4301	4990.124	264.686	263.281	0.1925526
4302	4991.276	264.686	263.281	0.1925874
4303	4992.428	264.751	263.345	0.1925465
4304	4993.578	264.751	263.345	0.1925129
4305	4994.741	264.816	263.409	0.1926124
4306	4995.889	264.816	263.409	0.1926069
4307	4997.038	264.879	263.473	0.1926431
4308	4998.2	264.879	263.473	0.1926537
4309	4999.382	264.944	263.537	0.1926257
4310	5000.533	264.944	263.537	0.1926682
4311	5001.685	265.008	263.602	0.1926372
4312	5002.835	265.008	263.602	0.1926353
4313	5004.017	265.073	263.666	0.1926209
4314	5005.171	265.073	263.666	0.1926144
4315	5006.337	265.135	263.73	0.1926271
4316	5007.497	265.135	263.73	0.192618
4317	5008.676	265.199	263.794	0.1926343
4318	5009.838	265.199	263.794	0.1926303
4319	5010.989	265.263	263.857	0.1926594
4320	5012.154	265.263	263.857	0.1926281
4321	5013.332	265.327	263.921	0.1926228
4322	5014.495	265.327	263.921	0.1926704
4323	5015.648	265.391	263.985	0.1926982
4324	5016.811	265.391	263.985	0.1927281
4325	5017.977	265.456	264.048	0.1927552
4326	5019.137	265.456	264.048	0.1927892
4327	5020.287	265.529	264.144	0.1928352
4328	5021.451	265.529	264.144	0.1928631
4329	5022.633	265.594	264.207	0.1928541
4330	5023.782	265.594	264.207	0.192881
4331	5024.945	265.656	264.27	0.1929177
4332	5026.126	265.656	264.27	0.1928695
4333	5027.279	265.72	264.334	0.1928813
4334	5028.461	265.72	264.334	0.1928568
4335	5029.607	265.786	264.366	0.1928499
4336	5030.772	265.786	264.366	0.1927938
4337	5031.933	265.848	264.461	0.1927735
4338	5033.097	265.848	264.461	0.1927856
4339	5034.248	265.911	264.524	0.1927814
4340	5035.398	265.911	264.524	0.1927925
4341	5036.562	265.974	264.588	0.1927754
4342	5037.714	265.974	264.588	0.1927485
4343	5038.861	266.038	264.652	0.1927397
4344	5040.012	266.038	264.652	0.1927204
4345	5041.162	266.102	264.715	0.1927184
4346	5042.313	266.102	264.715	0.1926998
4347	5043.458	266.164	264.779	0.1927021
4348	5044.639	266.164	264.779	0.1926832
4349	5045.788	266.228	264.842	0.1926655
4350	5046.937	266.228	264.842	0.1926558
4351	5048.089	266.294	264.905	0.1926632
4352	5049.275	266.294	264.905	0.1926471
4353	5050.426	266.356	264.969	0.192663
4354	5051.575	266.356	264.969	0.1926758
4355	5052.737	266.409	265.033	0.1926687
4356	5053.886	266.409	265.033	0.192688
4357	5055.047	266.493	265.096	0.1926512
4358	5056.209	266.493	265.096	0.1926355
4359	5057.357	266.557	265.159	0.1926038
4360	5058.597	266.621	265.222	0.1926171
4361	5059.752	266.621	265.222	0.1926341
4362	5060.901	266.682	265.286	0.1926396
4363	5062.085	266.682	265.286	0.1926479
4364	5063.238	266.746	265.349	0.1926402
4365	5064.391	266.746	265.349	0.1926723
4366	5065.544	266.81	265.413	0.1926754
4367	5066.696	266.81	265.413	0.1926316
4368	5067.876	266.872	265.474	0.1926524
4369	5069.026	266.872	265.474	0.1926764
4370	5070.174	266.937	265.538	0.1926858
4371	5071.326	266.937	265.538	0.1927043
4372	5072.491	267.0	265.601	0.1926825
4373	5073.644	267.0	265.601	0.1926935
4374	5074.792	267.063	265.633	0.192711
4375	5075.94	267.063	265.633	0.1926761
4376	5077.089	267.127	265.727	0.1926446
4377	5078.24	267.127	265.727	0.1926387
4378	5079.404	267.188	265.79	0.1926769
4379	5080.568	267.188	265.79	0.192668
4380	5081.733	267.251	265.853	0.1926767
4381	5082.88	267.251	265.853	0.1926712
4382	5084.045	267.315	265.916	0.1926415
4383	5085.195	267.315	265.916	0.1926809
4384	5086.361	267.389	265.98	0.1926816
4385	5087.511	267.389	265.98	0.1926844
4386	5088.662	267.452	266.042	0.192633
4387	5089.823	267.452	266.042	0.1926522
4388	5091.003	267.514	266.105	0.1926278
4389	5092.157	267.514	266.105	0.192652
4390	5093.312	267.576	266.167	0.1926507
4391	5094.461	267.576	266.167	0.1926466
4392	5095.613	267.639	266.23	0.1926485
4393	5096.761	267.639	266.23	0.192614
4394	5097.924	267.703	266.293	0.192559
4395	5099.074	267.703	266.293	0.1925279
4396	5100.259	267.765	266.355	0.1925943
4397	5101.414	267.765	266.355	0.1926161
4398	5102.567	267.828	266.418	0.1926293
4399	5103.717	267.828	266.418	0.1926136
4400	5104.863	267.891	266.481	0.1925994
4401	5106.045	267.891	266.481	0.1925662
4402	5107.193	267.953	266.543	0.1925725
4403	5108.342	267.953	266.543	0.1925552
4404	5109.513	268.017	266.606	0.1925338
4405	5110.661	268.017	266.606	0.1925011
4406	5111.807	268.079	266.669	0.1924796
4407	5112.956	268.079	266.669	0.1925122
4408	5114.106	268.141	266.731	0.1924872
4409	5115.25	268.141	266.731	0.1925227
4410	5116.402	268.204	266.794	0.1924683
4411	5117.55	268.204	266.794	0.1924421
4412	5118.729	268.267	266.856	0.1923745
4413	5119.881	268.267	266.856	0.1923718
4414	5121.04	268.339	266.95	0.192323
4415	5122.191	268.339	266.95	0.1923347
4416	5123.341	268.402	267.013	0.1922655
4417	5124.492	268.402	267.013	0.1922455
4418	5125.638	268.464	267.075	0.1921862
4419	5126.785	268.464	267.075	0.1921972
4420	5127.953	268.527	267.138	0.1921113
4421	5129.129	268.527	267.138	0.1920818
4422	5130.278	268.589	267.2	0.1920238
4423	5131.427	268.589	267.2	0.1919859
4424	5132.578	268.652	267.262	0.1920159
4425	5133.759	268.652	267.262	0.1919471
4426	5134.909	268.715	267.325	0.1919147
4427	5136.075	268.715	267.325	0.1919202
4428	5137.225	268.778	267.387	0.1919045
4429	5138.376	268.778	267.387	0.1919058
4430	5139.529	268.84	267.449	0.1918355
4431	5140.678	268.84	267.449	0.1917577
4432	5141.86	268.902	267.511	0.1917416
4433	5143.01	268.902	267.511	0.191708
4434	5144.161	268.965	267.573	0.1916573
4435	5145.313	268.965	267.573	0.1916205
4436	5146.463	269.028	267.636	0.1915862
4437	5147.641	269.028	267.636	0.1915553
4438	5148.791	269.089	267.698	0.1915414
4439	5149.956	269.089	267.698	0.191527
4440	5151.137	269.151	267.76	0.1915259
4441	5152.286	269.151	267.76	0.1915178
4442	5153.449	269.225	267.822	0.1915069
4443	5154.599	269.225	267.822	0.1914696
4444	5155.775	269.285	267.884	0.1914442
4445	5156.955	269.285	267.884	0.1914387
4446	5158.137	269.338	267.946	0.1914287
4447	5159.301	269.338	267.946	0.1914115
4448	5160.453	269.41	268.008	0.1914083
4449	5161.604	269.41	268.008	0.1914419
4450	5162.755	269.472	268.07	0.1914436
4451	5163.92	269.472	268.07	0.191417
4452	5165.102	269.534	268.132	0.1914248
4453	5166.253	269.534	268.132	0.1913928
4454	5167.417	269.595	268.193	0.1914051
4455	5168.568	269.595	268.193	0.1913942
4456	5169.733	269.657	268.255	0.191392
4457	5170.883	269.657	268.255	0.1913474
4458	5172.049	269.72	268.316	0.1913345
4459	5173.265	269.781	268.378	0.1913132
4460	5174.425	269.781	268.378	0.1913475
4461	5175.57	269.843	268.441	0.1913026
4462	5176.72	269.843	268.441	0.1912793
4463	5177.87	269.906	268.502	0.1912851
4464	5179.05	269.906	268.502	0.19124
4465	5180.2	269.967	268.563	0.1912318
4466	5181.348	269.967	268.563	0.1912777
4467	5182.499	270.029	268.625	0.1912907
4468	5183.678	270.029	268.625	0.1912695
4469	5184.831	270.092	268.687	0.1913432
4470	5186.013	270.092	268.687	0.1913268
4471	5187.163	270.165	268.748	0.1913554
4472	5188.312	270.165	268.748	0.1913859
4473	5189.46	270.227	268.811	0.191365
4474	5190.614	270.227	268.811	0.1913782
4475	5191.764	270.288	268.872	0.1913779
4476	5192.929	270.288	268.872	0.191415
4477	5194.089	270.35	268.934	0.1913629
4478	5195.236	270.35	268.934	0.1913655
4479	5196.417	270.412	268.995	0.1913552
4480	5197.597	270.412	268.995	0.1913461
4481	5198.746	270.475	269.056	0.1912507
4482	5199.892	270.475	269.056	0.1913089
4483	5201.057	270.536	269.118	0.1912828
4484	5202.208	270.536	269.118	0.191287
4485	5203.358	270.598	269.18	0.1912719
4486	5204.518	270.598	269.18	0.1913042
4487	5205.701	270.66	269.241	0.1912395
4488	5206.851	270.66	269.241	0.1912067
4489	5208.014	270.721	269.303	0.1911916
4490	5209.168	270.721	269.303	0.1912282
4491	5210.352	270.784	269.365	0.1912218
4492	5211.5	270.784	269.365	0.1912113
4493	5212.648	270.845	269.426	0.191244
4494	5213.798	270.845	269.426	0.1912529
4495	5214.952	270.906	269.488	0.1912288
4496	5216.134	270.906	269.488	0.1912648
4497	5217.282	270.969	269.55	0.1912421
4498	5218.433	270.969	269.55	0.1912927
4499	5219.602	271.031	269.611	0.1912992
4500	5220.752	271.031	269.611	0.1913101
4501	5221.904	271.102	269.704	0.1913095
4502	5223.054	271.102	269.704	0.19135
4503	5224.2	271.163	269.764	0.1913948
4504	5225.349	271.163	269.764	0.1914337
4505	5226.498	271.224	269.826	0.1914237
4506	5227.657	271.224	269.826	0.1914081
4507	5228.808	271.287	269.888	0.1914449
4508	5229.974	271.287	269.888	0.1915238
4509	5231.121	271.349	269.949	0.1915702
4510	5232.302	271.349	269.949	0.1915367
4511	5233.481	271.401	270.011	0.1915596
4512	5234.63	271.401	270.011	0.1915269
4513	5235.781	271.473	270.072	0.1915005
4514	5236.93	271.473	270.072	0.1914901
4515	5238.076	271.534	270.134	0.1915215
4516	5239.236	271.534	270.134	0.1914842
4517	5240.389	271.596	270.194	0.1914937
4518	5241.538	271.596	270.194	0.1914469
4519	5242.714	271.659	270.256	0.191346
4520	5243.864	271.659	270.256	0.1913275
4521	5245.015	271.719	270.317	0.1912901
4522	5246.165	271.719	270.317	0.1912671
4523	5247.312	271.78	270.378	0.1912201
4524	5248.461	271.78	270.378	0.1911345
4525	5249.605	271.843	270.44	0.1911081
4526	5250.757	271.843	270.44	0.1910984
4527	5251.903	271.905	270.502	0.1909605
4528	5253.051	271.905	270.502	0.1909692
4529	5254.2	271.976	270.562	0.1909607
4530	5255.348	271.976	270.562	0.1908762
4531	5256.498	272.037	270.593	0.1908209
4532	5257.683	272.037	270.593	0.1908005
4533	5258.833	272.099	270.684	0.190708
4534	5259.98	272.099	270.684	0.1907472
4535	5261.129	272.16	270.745	0.1907068
4536	5262.294	272.16	270.745	0.1906779
4537	5263.474	272.221	270.807	0.1906009
4538	5264.622	272.221	270.807	0.1904746
4539	5265.774	272.282	270.869	0.1904887
4540	5266.943	272.282	270.869	0.1904599
4541	5268.124	272.344	270.93	0.1903619
4542	5269.273	272.344	270.93	0.1902888
4543	5270.421	272.405	270.991	0.1902848
4544	5271.588	272.405	270.991	0.190216
4545	5272.769	272.467	271.052	0.1902241
4546	5273.916	272.467	271.052	0.1901233
4547	5275.069	272.527	271.113	0.1900495
4548	5276.244	272.527	271.113	0.1900284
4549	5277.421	272.589	271.174	0.1899929
4550	5278.583	272.589	271.174	0.1899852
4551	5279.73	272.65	271.235	0.1899651
4552	5280.881	272.65	271.235	0.1899577
4553	5282.036	272.713	271.296	0.1898692
4554	5283.187	272.713	271.296	0.189873
4555	5284.337	272.772	271.357	0.1898649
4556	5285.503	272.772	271.357	0.1897901
4557	5286.683	272.845	271.417	0.189774
4558	5287.835	272.845	271.417	0.1897775
4559	5288.989	272.905	271.478	0.1897223
4560	5290.228	272.967	271.539	0.1897348
4561	5291.385	272.967	271.539	0.1896562
4562	5292.546	273.027	271.6	0.1896894
4563	5293.707	273.027	271.6	0.1895812
4564	5294.872	273.088	271.66	0.1895742
4565	5296.053	273.088	271.66	0.1896094
4566	5297.218	273.15	271.721	0.1895376
4567	5298.37	273.15	271.721	0.1895823
4568	5299.563	273.211	271.782	0.1895456
4569	5300.714	273.211	271.782	0.1895397
4570	5301.881	273.272	271.812	0.1895693
4571	5303.045	273.272	271.812	0.1895068
4572	5304.199	273.332	271.902	0.1895552
4573	5305.353	273.332	271.902	0.1895134
4574	5306.507	273.394	271.963	0.1895185
4575	5307.668	273.394	271.963	0.1895217
4576	5308.849	273.444	272.025	0.1895253
4577	5310.03	273.444	272.025	0.1895013
4578	5311.182	273.515	272.085	0.1894927
4579	5312.335	273.515	272.085	0.1895706
4580	5313.487	273.576	272.145	0.1895289
4581	5314.638	273.576	272.145	0.1895268
4582	5315.799	273.636	272.206	0.1895216
4583	5316.96	273.636	272.206	0.1895328
4584	5318.11	273.698	272.267	0.1895513
4585	5319.26	273.698	272.267	0.189579
4586	5320.41	273.769	272.357	0.1896038
4587	5321.594	273.769	272.357	0.1896532
4588	5322.775	273.829	272.418	0.1896323
4589	5323.938	273.829	272.418	0.1896978
4590	5325.088	273.891	272.479	0.189694
4591	5326.248	273.891	272.479	0.1896757
4592	5327.401	273.951	272.539	0.1897031
4593	5328.565	273.951	272.539	0.1897331
4594	5329.717	274.011	272.599	0.189732
4595	5330.87	274.011	272.599	0.1897374
4596	5332.02	274.073	272.659	0.1897817
4597	5333.172	274.073	272.659	0.1897916
4598	5334.326	274.133	272.72	0.1898688
4599	5335.49	274.133	272.72	0.1898641
4600	5336.644	274.194	272.78	0.1898579
4601	5337.796	274.194	272.78	0.1899595
4602	5338.944	274.255	272.84	0.1899443
4603	5340.113	274.255	272.84	0.1899772
4604	5341.296	274.315	272.9	0.1900277
4605	5342.452	274.315	272.9	0.1899994
4606	5343.614	274.375	272.961	0.19002
4607	5344.764	274.375	272.961	0.190094
4608	5345.929	274.436	273.021	0.1900835
4609	5347.083	274.436	273.021	0.1901105
4610	5348.233	274.497	273.081	0.1900932
4611	5349.383	274.497	273.081	0.1901427
4612	5350.535	274.556	273.141	0.1900692
4613	5351.681	274.556	273.141	0.1901058
4614	5352.833	274.626	273.201	0.190071
4615	5353.998	274.626	273.201	0.1900814
4616	5355.148	274.688	273.261	0.1900885
4617	5356.312	274.688	273.261	0.1900923
4618	5357.476	274.747	273.321	0.1900697
4619	5358.628	274.747	273.321	0.1900848
4620	5359.809	274.809	273.381	0.1901263
4621	5360.972	274.809	273.381	0.1900831
4622	5362.153	274.868	273.441	0.1900304
4623	5363.303	274.868	273.441	0.1900115
4624	5364.484	274.93	273.502	0.1900262
4625	5365.637	274.93	273.502	0.1901101
4626	5366.787	274.99	273.561	0.1900903
4627	5367.953	274.99	273.561	0.1900503
4628	5369.118	275.05	273.62	0.1899864
4629	5370.282	275.05	273.62	0.1899808
4630	5371.446	275.11	273.681	0.189913
4631	5372.612	275.11	273.681	0.1899046
4632	5373.766	275.17	273.741	0.189876
4633	5374.917	275.17	273.741	0.1898421
4634	5376.083	275.23	273.801	0.1897482
4635	5377.264	275.23	273.801	0.1897672
4636	5378.417	275.29	273.86	0.1898249
4637	5379.566	275.29	273.86	0.1897774
4638	5380.718	275.35	273.92	0.1897532
4639	5381.971	275.41	273.98	0.1896976
4640	5383.128	275.41	273.98	0.1897105
4641	5384.279	275.46	274.04	0.1897049
4642	5385.447	275.46	274.04	0.1897212
4643	5386.595	275.54	274.1	0.1896904
4644	5387.747	275.54	274.1	0.1896676
4645	5388.897	275.599	274.159	0.1896978
4646	5390.063	275.599	274.159	0.189654
4647	5391.241	275.66	274.219	0.1896719
4648	5392.393	275.66	274.219	0.1896966
4649	5393.544	275.72	274.278	0.189651
4650	5394.709	275.72	274.278	0.1896459
4651	5395.89	275.779	274.338	0.1896274
4652	5397.042	275.779	274.338	0.1895287
4653	5398.192	275.84	274.398	0.1895458
4654	5399.357	275.84	274.398	0.1894936
4655	5400.54	275.899	274.458	0.1893604
4656	5401.694	275.899	274.458	0.1893792
4657	5402.845	275.961	274.517	0.1893716
4658	5404.006	275.961	274.517	0.1893661
4659	5405.159	276.021	274.577	0.1895292
4660	5406.31	276.021	274.577	0.1895592
4661	5407.458	276.081	274.637	0.189576
4662	5408.613	276.081	274.637	0.1896171
4663	5409.765	276.14	274.696	0.189618
4664	5410.917	276.14	274.696	0.1896663
4665	5412.089	276.2	274.755	0.1896766
4666	5413.235	276.2	274.755	0.1896513
4667	5414.388	276.26	274.815	0.1896226
4668	5415.536	276.26	274.815	0.1895625
4669	5416.688	276.32	274.875	0.1895615
4670	5417.839	276.32	274.875	0.1895316
4671	5418.988	276.39	274.964	0.1895318
4672	5420.14	276.39	274.964	0.1895395
4673	5421.291	276.45	275.024	0.1895429
4674	5422.44	276.45	275.024	0.1895079
4675	5423.599	276.51	275.083	0.189486
4676	5424.75	276.51	275.083	0.1894752
4677	5425.9	276.57	275.142	0.1894605
4678	5427.053	276.57	275.142	0.1894104
4679	5428.204	276.629	275.201	0.1893807
4680	5429.364	276.629	275.201	0.1893669
4681	5430.514	276.689	275.261	0.1893962
4682	5431.662	276.689	275.261	0.1894431
4683	5432.814	276.747	275.32	0.1893825
4684	5433.966	276.747	275.32	0.1893095
4685	5435.115	276.807	275.379	0.1892712
4686	5436.264	276.807	275.379	0.1892816
4687	5437.416	276.866	275.409	0.1892904
4688	5438.602	276.866	275.409	0.1892254
4689	5439.753	276.926	275.498	0.1891903
4690	5440.913	276.926	275.498	0.1891949
4691	5442.066	276.986	275.556	0.1891341
4692	5443.245	276.986	275.556	0.1891177
4693	5444.398	277.044	275.615	0.1891136
4694	5445.562	277.044	275.615	0.1890869
4695	5446.712	277.104	275.674	0.1891304
4696	5447.892	277.104	275.674	0.1891691
4697	5449.057	277.164	275.733	0.1890887
4698	5450.22	277.164	275.733	0.189109
4699	5451.37	277.223	275.791	0.1890895
4700	5452.534	277.223	275.791	0.1888839
4701	5453.698	277.291	275.851	0.1888904
4702	5454.862	277.291	275.851	0.188848
4703	5456.043	277.35	275.911	0.1888277
4704	5457.197	277.35	275.911	0.1888437
4705	5458.346	277.408	275.97	0.1888259
4706	5459.498	277.408	275.97	0.1887471
4707	5460.65	277.468	276.029	0.1887635
4708	5461.834	277.468	276.029	0.1888037
4709	5462.989	277.528	276.087	0.1887798
4710	5464.172	277.528	276.087	0.1887531
4711	5465.325	277.586	276.146	0.1887391
4712	5466.475	277.586	276.146	0.1888004
4713	5467.631	277.645	276.205	0.1887632
4714	5468.781	277.645	276.205	0.1887714
4715	5469.929	277.705	276.264	0.1887536
4716	5471.113	277.705	276.264	0.1887091
4717	5472.264	277.763	276.323	0.1886551
4718	5473.414	277.763	276.323	0.1887064
4719	5474.567	277.822	276.382	0.1886993
4720	5475.733	277.822	276.382	0.1887244
4721	5476.883	277.88	276.441	0.1886976
4722	5478.069	277.88	276.441	0.1885942
4723	5479.221	277.939	276.5	0.1885629
4724	5480.385	277.939	276.5	0.1885524
4725	5481.566	277.997	276.558	0.1885301
4726	5482.716	277.997	276.558	0.1885178
4727	5483.903	278.055	276.587	0.1884277
4728	5485.172	278.125	276.675	0.1883927
4729	5486.329	278.125	276.675	0.188368
4730	5487.48	278.183	276.734	0.1883383
4731	5488.664	278.183	276.734	0.1883353
4732	5489.812	278.232	276.793	0.1882975
4733	5490.959	278.232	276.793	0.1882508
4734	5492.141	278.3	276.851	0.1882078
4735	5493.303	278.3	276.851	0.188171
4736	5494.466	278.356	276.91	0.1881516
4737	5495.629	278.356	276.91	0.1881028
4738	5496.784	278.415	276.968	0.1880846
4739	5497.939	278.415	276.968	0.1880083
4740	5499.09	278.475	277.027	0.1879381
4741	5500.24	278.475	277.027	0.1879655
4742	5501.394	278.531	277.085	0.1879654
4743	5502.544	278.531	277.085	0.1879544
4744	5503.694	278.59	277.143	0.1879206
4745	5504.847	278.59	277.143	0.187957
4746	5506.008	278.649	277.201	0.1878789
4747	5507.191	278.649	277.201	0.1878438
4748	5508.342	278.705	277.259	0.1878114
4749	5509.528	278.705	277.259	0.1878089
4750	5510.71	278.763	277.318	0.1877739
4751	5511.874	278.763	277.318	0.1877445
4752	5513.037	278.821	277.376	0.1877186
4753	5514.19	278.821	277.376	0.1876843
4754	5515.372	278.88	277.434	0.1876908
4755	5516.523	278.88	277.434	0.1876987
4756	5517.687	278.937	277.521	0.1876563
4757	5518.855	278.937	277.521	0.18767
4758	5520.02	279.006	277.58	0.1877004
4759	5521.187	279.006	277.58	0.1877047
4760	5522.343	279.064	277.637	0.1876961
4761	5523.526	279.064	277.637	0.187652
4762	5524.694	279.121	277.695	0.1876497
4763	5525.86	279.121	277.695	0.1876455
4764	5527.024	279.18	277.753	0.1876495
4765	5528.209	279.18	277.753	0.1876492
4766	5529.375	279.236	277.811	0.1876453
4767	5530.528	279.236	277.811	0.1876559
4768	5531.681	279.294	277.868	0.1876555
4769	5532.869	279.294	277.868	0.1876797
4770	5534.046	279.352	277.926	0.1876724
4771	5535.21	279.352	277.926	0.187681
4772	5536.361	279.409	277.984	0.1876599
4773	5537.544	279.409	277.984	0.1876646
4774	5538.698	279.468	278.042	0.1877154
4775	5539.848	279.468	278.042	0.1876758
4776	5541.002	279.524	278.099	0.1877075
4777	5542.186	279.524	278.099	0.1876941
4778	5543.339	279.582	278.156	0.1877473
4779	5544.506	279.582	278.156	0.1877394
4780	5545.659	279.64	278.213	0.1877739
4781	5546.815	279.64	278.213	0.1878055
4782	5547.968	279.696	278.271	0.1878607
4783	5549.133	279.696	278.271	0.1878976
4784	5550.284	279.754	278.329	0.1879207
4785	5551.447	279.754	278.329	0.1879253
4786	5552.598	279.821	278.386	0.1879428
4787	5553.765	279.821	278.386	0.1878918
4788	5554.919	279.878	278.443	0.1878845
4789	5556.101	279.878	278.443	0.1878366
4790	5557.252	279.936	278.502	0.1877741
4791	5558.418	279.936	278.502	0.1877658
4792	5559.584	279.993	278.559	0.1877413
4793	5560.855	280.05	278.616	0.1875526
4794	5562.023	280.05	278.616	0.1875157
4795	5563.189	280.107	278.673	0.1874525
4796	5564.339	280.107	278.673	0.1875515
4797	5565.492	280.152	278.73	0.187685
4798	5566.645	280.152	278.73	0.1878593
4799	5567.795	280.22	278.788	0.1879161
4800	5568.976	280.22	278.788	0.1880145
4801	5570.155	280.278	278.845	0.1879771
4802	5571.31	280.278	278.845	0.1880059
4803	5572.448	280.335	278.903	0.1879972
4804	5573.602	280.335	278.903	0.187967
4805	5574.758	280.391	278.959	0.1879839
4806	5575.909	280.391	278.959	0.1879866
4807	5577.062	280.448	279.015	0.1879848
4808	5578.245	280.448	279.015	0.1879689
4809	5579.395	280.505	279.072	0.1879608
4810	5580.548	280.505	279.072	0.1879905
4811	5581.7	280.562	279.129	0.1879602
4812	5582.853	280.562	279.129	0.1879188
4813	5584.022	280.618	279.186	0.187875
4814	5585.178	280.618	279.186	0.1878541
4815	5586.33	280.684	279.243	0.1878385
4816	5587.484	280.684	279.243	0.187814
4817	5588.637	280.74	279.3	0.1877827
4818	5589.797	280.74	279.3	0.1877327
4819	5590.954	280.797	279.358	0.187724
4820	5592.136	280.797	279.358	0.1876888
4821	5593.315	280.852	279.415	0.1876442
4822	5594.468	280.852	279.415	0.1876494
4823	5595.631	280.91	279.471	0.187627
4824	5596.782	280.91	279.471	0.1876332
4825	5597.933	280.966	279.528	0.1876358
4826	5599.086	280.966	279.528	0.1876143
4827	5600.233	281.021	279.584	0.1875901
4828	5601.405	281.021	279.584	0.1875749
4829	5602.584	281.081	279.64	0.1875321
4830	5603.733	281.081	279.64	0.1874879
4831	5604.886	281.137	279.697	0.1874504
4832	5606.068	281.137	279.697	0.187462
4833	5607.223	281.191	279.754	0.1874476
4834	5608.377	281.191	279.754	0.1874329
4835	5609.529	281.248	279.81	0.1874597
4836	5610.711	281.248	279.81	0.1874508
4837	5611.865	281.305	279.866	0.187418
4838	5613.018	281.305	279.866	0.1874252
4839	5614.203	281.36	279.922	0.1874341
4840	5615.388	281.36	279.922	0.187444
4841	5616.536	281.417	279.978	0.1874442
4842	5617.687	281.417	279.978	0.1874227
4843	5618.843	281.472	280.034	0.1874158
4844	5620.024	281.472	280.034	0.1874382
4845	5621.177	281.538	280.119	0.1873756
4846	5622.327	281.538	280.119	0.1873196
4847	5623.485	281.595	280.174	0.1872976
4848	5624.668	281.595	280.174	0.1872907
4849	5625.848	281.649	280.203	0.1872401
4850	5627.001	281.649	280.203	0.1872205
4851	5628.166	281.706	280.287	0.1871854
4852	5629.32	281.706	280.287	0.1872028
4853	5630.472	281.764	280.343	0.1871972
4854	5631.626	281.764	280.343	0.1872044
4855	5632.778	281.818	280.399	0.1872049
4856	5633.931	281.818	280.399	0.1871734
4857	5635.084	281.874	280.456	0.187157
4858	5636.238	281.874	280.456	0.1871605
4859	5637.39	281.929	280.511	0.1871535
4860	5638.545	281.929	280.511	0.1871703
4861	5639.725	281.984	280.539	0.1870535
4862	5640.879	281.984	280.539	0.1870147
4863	5642.027	282.032	280.623	0.1869777
4864	5643.199	282.032	280.623	0.1870081
4865	5644.347	282.099	280.678	0.1869449
4866	5645.501	282.099	280.678	0.1869302
4867	5646.652	282.152	280.734	0.1869092
4868	5647.801	282.152	280.734	0.1868751
4869	5648.989	282.209	280.79	0.1868331
4870	5650.137	282.209	280.79	0.186841
4871	5651.285	282.264	280.845	0.1868241
4872	5652.454	282.264	280.845	0.1868985
4873	5653.602	282.329	280.902	0.186947
4874	5654.751	282.329	280.902	0.1869568
4875	5655.904	282.385	280.93	0.1869484
4876	5657.056	282.385	280.93	0.1869137
4877	5658.209	282.441	281.013	0.1869098
4878	5659.359	282.441	281.013	0.1868905
4879	5660.51	282.496	281.069	0.1869358
4880	5661.663	282.496	281.069	0.1869375
4881	5662.812	282.551	281.124	0.1869142
4882	5663.962	282.551	281.124	0.1868779
4883	5665.113	282.607	281.179	0.1868591
4884	5666.349	282.662	281.235	0.1868408
4885	5667.527	282.662	281.235	0.1868677
4886	5668.684	282.718	281.29	0.186906
4887	5669.846	282.718	281.29	0.1869356
4888	5670.997	282.773	281.346	0.1868658
4889	5672.177	282.773	281.346	0.1869069
4890	5673.327	282.829	281.373	0.1869372
4891	5674.475	282.829	281.373	0.1869241
4892	5675.623	282.884	281.457	0.1869168
4893	5676.773	282.884	281.457	0.1869488
4894	5677.957	282.939	281.512	0.1869598
4895	5679.109	282.939	281.512	0.1869168
4896	5680.264	282.994	281.567	0.1869386
4897	5681.416	282.994	281.567	0.1869289
4898	5682.566	283.051	281.622	0.1869179
4899	5683.718	283.051	281.622	0.186902
4900	5684.865	283.105	281.678	0.186912
4901	5686.02	283.105	281.678	0.1867195
4902	5687.174	283.17	281.733	0.1864105
4903	5688.327	283.17	281.733	0.1864466
4904	5689.479	283.224	281.788	0.1862217
4905	5690.626	283.224	281.788	0.1861228
4906	5691.791	283.28	281.843	0.1859786
4907	5692.941	283.28	281.843	0.1860977
4908	5694.123	283.335	281.871	0.186084
4909	5695.269	283.335	281.871	0.1861794
4910	5696.417	283.39	281.954	0.1862624
4911	5697.566	283.39	281.954	0.186358
4912	5698.712	283.444	282.008	0.1863868
4913	5699.859	283.444	282.008	0.1865658
4914	5701.009	283.5	282.064	0.1867296
4915	5702.163	283.5	282.064	0.1868509
4916	5703.341	283.555	282.118	0.1868558
4917	5704.492	283.555	282.118	0.1868489
4918	5705.643	283.608	282.173	0.1868494
4919	5706.812	283.608	282.173	0.1868327
4920	5707.959	283.663	282.228	0.1868103
4921	5709.108	283.663	282.228	0.1868256
4922	5710.29	283.717	282.282	0.1868179
4923	5711.438	283.717	282.282	0.1868446
4924	5712.586	283.771	282.337	0.1868199
4925	5713.734	283.771	282.337	0.1868292
4926	5714.9	283.829	282.391	0.1868175
4927	5716.064	283.829	282.391	0.1867949
4928	5717.218	283.873	282.42	0.1867982
4929	5718.37	283.873	282.42	0.186744
4930	5719.552	283.947	282.528	0.186782
4931	5720.703	283.947	282.528	0.1868007
4932	5721.855	284.001	282.583	0.1867722
4933	5723.017	284.001	282.583	0.1867525
4934	5724.199	284.055	282.64	0.1867255
4935	5725.362	284.055	282.64	0.1867178
4936	5726.528	284.11	282.693	0.1867429
4937	5727.685	284.11	282.693	0.1867182
4938	5728.834	284.164	282.748	0.1866893
4939	5729.997	284.164	282.748	0.1867182
4940	5731.146	284.22	282.802	0.1867031
4941	5732.309	284.22	282.802	0.186716
4942	5733.473	284.273	282.857	0.1867276
4943	5734.624	284.273	282.857	0.1867801
4944	5735.774	284.33	282.912	0.1867639
4945	5736.939	284.33	282.912	0.1867386
4946	5738.121	284.383	282.966	0.1867849
4947	5739.271	284.383	282.966	0.1867906
4948	5740.421	284.436	283.021	0.1868019
4949	5741.567	284.436	283.021	0.1868209
4950	5742.731	284.493	283.075	0.1868232
4951	5743.883	284.493	283.075	0.1868534
4952	5745.036	284.544	283.129	0.1868215
4953	5746.199	284.544	283.129	0.1867575
4954	5747.379	284.599	283.183	0.1867387
4955	5748.527	284.599	283.183	0.1867608
4956	5749.689	284.654	283.237	0.1867829
4957	5750.839	284.654	283.237	0.1867653
4958	5752.001	284.716	283.291	0.1867538
4959	5753.149	284.716	283.291	0.1867719
4960	5754.312	284.771	283.346	0.1867652
4961	5755.463	284.771	283.346	0.1867561
4962	5756.626	284.826	283.399	0.1867602
4963	5757.774	284.826	283.399	0.1867649
4964	5758.926	284.88	283.453	0.1867997
4965	5760.09	284.88	283.453	0.186643
4966	5761.269	284.935	283.507	0.1866391
4967	5762.42	284.935	283.507	0.1866456
4968	5763.57	284.987	283.561	0.1866341
4969	5764.727	284.987	283.561	0.1865782
4970	5765.902	285.042	283.615	0.1865284
4971	5767.051	285.042	283.615	0.1864737
4972	5768.214	285.094	283.67	0.1863791
4973	5769.373	285.094	283.67	0.186217
4974	5770.525	285.149	283.723	0.1861954
4975	5771.687	285.149	283.723	0.18601
4976	5772.837	285.203	283.777	0.1858888
4977	5773.988	285.203	283.777	0.1859882
4978	5775.167	285.255	283.831	0.1859434
4979	5776.332	285.255	283.831	0.1858069
4980	5777.483	285.312	283.885	0.185791
4981	5778.633	285.312	283.885	0.1857139
4982	5779.811	285.362	283.939	0.1856803
4983	5781.014	285.418	283.992	0.1857242
4984	5782.171	285.418	283.992	0.185727
4985	5783.322	285.481	284.046	0.1856196
4986	5784.504	285.481	284.046	0.1857252
4987	5785.656	285.534	284.1	0.1856391
4988	5786.819	285.534	284.1	0.185624
4989	5787.972	285.587	284.152	0.1856106
4990	5789.149	285.587	284.152	0.1855213
4991	5790.303	285.643	284.206	0.185632
4992	5791.455	285.643	284.206	0.1856643
4993	5792.618	285.695	284.26	0.1856522
4994	5793.768	285.695	284.26	0.1856231
4995	5794.937	285.741	284.313	0.1857136
4996	5796.107	285.741	284.313	0.1858069
4997	5797.256	285.71	284.366	0.185861
4998	5798.433	285.71	284.366	0.1860579
4999	5799.595	285.636	284.42	0.1860487
5000	5800.777	285.636	284.42	0.1860498
5001	5801.927	285.551	284.473	0.1862745
5002	5803.077	285.551	284.473	0.186188
5003	5804.228	285.467	284.523	0.186177
5004	5805.378	285.467	284.523	0.1861985
5005	5806.528	285.38	284.568	0.18612
5006	5807.71	285.38	284.568	0.1861111
5007	5808.857	285.299	284.607	0.1861368
5008	5810.009	285.299	284.607	0.1861594
5009	5811.188	285.216	284.64	0.1861437
5010	5812.337	285.216	284.64	0.1861105
5011	5813.485	285.138	284.666	0.1860516
5012	5814.647	285.138	284.666	0.186034
5013	5815.796	285.062	284.692	0.1860515
5014	5816.973	285.062	284.692	0.1860133
5015	5818.125	284.973	284.702	0.1860046
5016	5819.274	284.973	284.702	0.1860449
5017	5820.453	284.901	284.706	0.1859779
5018	5821.602	284.901	284.706	0.1859784
5019	5822.751	284.843	284.704	0.1860457
5020	5823.901	284.843	284.704	0.1860401
5021	5825.082	284.761	284.698	0.1860179
5022	5826.231	284.761	284.698	0.1860285
5023	5827.378	284.692	284.688	0.1860348
5024	5828.526	284.692	284.688	0.1860211
5025	5829.719	284.626	284.682	0.1861287
5026	5830.884	284.626	284.682	0.186161
5027	5832.048	284.56	284.656	0.1862004
5028	5833.209	284.56	284.656	0.186206
5029	5834.374	284.496	284.635	0.1861778
5030	5835.54	284.496	284.635	0.1861698
5031	5836.706	284.431	284.611	0.1861891
5032	5837.869	284.431	284.611	0.1861725
5033	5839.036	284.367	284.585	0.1862129
5034	5840.198	284.367	284.585	0.186181
5035	5841.363	284.308	284.556	0.1862125
5036	5842.542	284.308	284.556	0.186184
5037	5843.706	284.253	284.524	0.1861814
5038	5844.872	284.253	284.524	0.1861623
5039	5846.034	284.278	284.491	0.1861794
5040	5847.229	284.278	284.491	0.1862067
5041	5848.393	284.345	284.457	0.1862104
5042	5849.543	284.345	284.457	0.1861897
5043	5850.696	284.436	284.422	0.1861723
5044	5851.859	284.436	284.422	0.1862128
5045	5853.025	284.519	284.389	0.1862483
5046	5854.216	284.519	284.389	0.1862789
5047	5855.377	284.597	284.359	0.1862521
5048	5856.559	284.597	284.359	0.1862217
5049	5857.724	284.676	284.334	0.1862397
5050	5858.883	284.676	284.334	0.1862091
5051	5860.067	284.754	284.316	0.1862023
5052	5861.286	284.828	284.303	0.1861819
5053	5862.44	284.828	284.303	0.1862018
5054	5863.634	284.902	284.3	0.1862043
5055	5864.812	284.902	284.3	0.1862333
5056	5865.974	284.972	284.296	0.1862119
5057	5867.121	284.972	284.296	0.1861397
5058	5868.272	285.042	284.301	0.1861218
5059	5869.463	285.042	284.301	0.1861585
5060	5870.628	285.114	284.31	0.1861969
5061	5871.777	285.114	284.31	0.1861943
5062	5872.959	285.18	284.324	0.1861996
5063	5874.139	285.18	284.324	0.1862006
5064	5875.305	285.247	284.341	0.1861971
5065	5876.469	285.247	284.341	0.1861965
5066	5877.662	285.314	284.362	0.1862135
5067	5878.826	285.314	284.362	0.1862171
5068	5879.988	285.38	284.386	0.186207
5069	5881.139	285.38	284.386	0.186203
5070	5882.306	285.445	284.413	0.1861578
5071	5883.472	285.445	284.413	0.1861746
5072	5884.641	285.519	284.442	0.1861584
5073	5885.823	285.519	284.442	0.1861242
5074	5886.976	285.58	284.474	0.1861242
5075	5888.157	285.58	284.474	0.1861172
5076	5889.323	285.643	284.509	0.1861805
5077	5890.489	285.643	284.509	0.1861789
5078	5891.65	285.705	284.544	0.1861777
5079	5892.816	285.705	284.544	0.186179
5080	5893.965	285.75	284.582	0.186144
5081	5895.13	285.75	284.582	0.1861545
5082	5896.283	285.714	284.622	0.1861466
5083	5897.433	285.714	284.622	0.1861471
5084	5898.583	285.655	284.663	0.1861409
5085	5899.746	285.655	284.663	0.1861193
5086	5900.909	285.566	284.684	0.1860835
5087	5902.06	285.566	284.684	0.1860865
5088	5903.242	285.486	284.743	0.1860742
5089	5904.392	285.486	284.743	0.1860824
5090	5905.541	285.407	284.779	0.1860912
5091	5906.703	285.407	284.779	0.1860778
5092	5907.864	285.33	284.81	0.1860548
5093	5909.017	285.33	284.81	0.1860663
5094	5910.193	285.255	284.834	0.1860768
5095	5911.338	285.255	284.834	0.1860985
5096	5912.501	285.182	284.853	0.1860841
5097	5913.65	285.182	284.853	0.1860996
5098	5914.815	285.11	284.866	0.1860711
5099	5915.978	285.11	284.866	0.1860549
5100	5917.143	285.031	284.874	0.1860637
5101	5918.308	285.031	284.874	0.1860978
5102	5919.458	284.963	284.873	0.1860756
5103	5920.622	284.963	284.873	0.1860999
5104	5921.802	284.899	284.868	0.1860812
5105	5922.953	284.899	284.868	0.1860407
5106	5924.115	284.833	284.858	0.1860709
5107	5925.276	284.833	284.858	0.1860525
5108	5926.427	284.768	284.844	0.1860223
5109	5927.588	284.768	284.844	0.1860421
5110	5928.739	284.706	284.828	0.1860292
5111	5929.901	284.706	284.828	0.186049
5112	5931.063	284.645	284.807	0.1860497
5113	5932.213	284.645	284.807	0.1861045
5114	5933.377	284.585	284.785	0.1861057
5115	5934.539	284.585	284.785	0.186118
5116	5935.688	284.525	284.759	0.1861106
5117	5936.835	284.525	284.759	0.1861003
5118	5937.984	284.466	284.731	0.1860936
5119	5939.166	284.466	284.731	0.18607
5120	5940.348	284.409	284.701	0.1860661
5121	5941.556	284.351	284.669	0.1860822
5122	5942.711	284.351	284.669	0.186077
5123	5943.873	284.294	284.636	0.1860864
5124	5945.052	284.294	284.636	0.1860942
5125	5946.199	284.254	284.601	0.1860923
5126	5947.347	284.254	284.601	0.1860982
5127	5948.496	284.295	284.565	0.1860688
5128	5949.677	284.295	284.565	0.1861032
5129	5950.842	284.385	284.529	0.1860999
5130	5952.001	284.385	284.529	0.1861026
5131	5953.164	284.469	284.493	0.1860954
5132	5954.356	284.469	284.493	0.1860957
5133	5955.521	284.554	284.459	0.1861133
5134	5956.687	284.554	284.459	0.1861659
5135	5957.88	284.639	284.428	0.1861672
5136	5959.046	284.639	284.428	0.1861699
5137	5960.205	284.724	284.404	0.186207
5138	5961.355	284.724	284.404	0.1861937
5139	5962.522	284.804	284.384	0.1862114
5140	5963.684	284.804	284.384	0.1862095
5141	5964.846	284.882	284.372	0.1861797
5142	5966.012	284.882	284.372	0.1861597
5143	5967.174	284.959	284.367	0.1861447
5144	5968.337	284.959	284.367	0.1861477
5145	5969.503	285.033	284.367	0.1861294
5146	5970.662	285.033	284.367	0.1861121
5147	5971.82	285.107	284.373	0.1861196
5148	5972.984	285.107	284.373	0.1861074
5149	5974.149	285.168	284.384	0.1861094
5150	5975.311	285.168	284.384	0.1861167
5151	5976.491	285.252	284.399	0.1861012
5152	5977.644	285.252	284.399	0.1861114
5153	5978.806	285.322	284.418	0.1861044
5154	5979.969	285.322	284.418	0.1861125
5155	5981.127	285.391	284.441	0.1860896
5156	5982.277	285.391	284.441	0.1860819
5157	5983.439	285.47	284.466	0.18606
5158	5984.619	285.47	284.466	0.1860719
5159	5985.781	285.54	284.495	0.1860576
5160	5986.945	285.54	284.495	0.1860549
5161	5988.108	285.606	284.527	0.1860523
5162	5989.284	285.606	284.527	0.1860619
5163	5990.449	285.672	284.56	0.1860653
5164	5991.609	285.672	284.56	0.1860528
5165	5992.756	285.738	284.595	0.1860455
5166	5993.941	285.738	284.595	0.1860543
5167	5995.102	285.745	284.634	0.1861044
5168	5996.264	285.745	284.634	0.1860498
5169	5997.429	285.692	284.673	0.1860791
5170	5998.619	285.692	284.673	0.1860789
5171	5999.784	285.62	284.715	0.1860658
5172	6000.946	285.62	284.715	0.1860683
5173	6002.137	285.544	284.755	0.1860661
5174	6003.296	285.544	284.755	0.1860603
5175	6004.457	285.467	284.794	0.1860488
5176	6005.614	285.467	284.794	0.1860583
5177	6006.808	285.394	284.828	0.1860714
5178	6007.969	285.394	284.828	0.1860231
5179	6009.134	285.323	284.856	0.1860755
5180	6010.356	285.249	284.878	0.1860582
5181	6011.513	285.249	284.878	0.1860587
5182	6012.675	285.181	284.894	0.1860409
5183	6013.834	285.181	284.894	0.1860182
5184	6015.025	285.103	284.909	0.1859886
5185	6016.22	285.103	284.909	0.1860054
5186	6017.386	285.04	284.911	0.1860085
5187	6018.548	285.04	284.911	0.1859992
5188	6019.715	284.975	284.91	0.1859897
5189	6020.878	284.975	284.91	0.185991
5190	6022.04	284.915	284.907	0.1859889
5191	6023.239	284.915	284.907	0.1859912
5192	6024.403	284.852	284.894	0.1859698
5193	6025.568	284.852	284.894	0.1859616
5194	6026.745	284.793	284.881	0.1859622
5195	6027.94	284.793	284.881	0.1859366
5196	6029.101	284.735	284.864	0.1858997
5197	6030.265	284.735	284.864	0.1859081
5198	6031.462	284.676	284.844	0.1859259
5199	6032.627	284.676	284.844	0.1859289
5200	6033.789	284.618	284.821	0.1859294
5201	6034.965	284.618	284.821	0.1859976
5202	6036.125	284.564	284.797	0.1859781
5203	6037.289	284.564	284.797	0.1859859
5204	6038.452	284.506	284.771	0.1859888
5205	6039.612	284.506	284.771	0.1859803
5206	6040.775	284.454	284.742	0.1859471
5207	6041.936	284.454	284.742	0.1859738
5208	6043.096	284.399	284.712	0.185988
5209	6044.259	284.399	284.712	0.1859899
5210	6045.425	284.346	284.68	0.1859622
5211	6046.591	284.346	284.68	0.1859798
5212	6047.751	284.292	284.647	0.1859606
5213	6048.913	284.292	284.647	0.1859727
5214	6050.107	284.271	284.612	0.1859646
5215	6051.27	284.271	284.612	0.1859632
5216	6052.463	284.332	284.576	0.1859686
5217	6053.625	284.332	284.576	0.1859622
5218	6054.787	284.416	284.539	0.1859717
5219	6055.934	284.416	284.539	0.1859767
5220	6057.094	284.504	284.504	0.1859765
5221	6058.259	284.504	284.504	0.1859906
5222	6059.423	284.592	284.472	0.1859745
5223	6060.583	284.592	284.472	0.1859775
5224	6061.736	284.68	284.444	0.1859659
5225	6062.899	284.68	284.444	0.1859778
5226	6064.051	284.767	284.423	0.1859647
5227	6065.214	284.767	284.423	0.1859258
5228	6066.382	284.848	284.408	0.1858839
5229	6067.545	284.848	284.408	0.1859434
5230	6068.707	284.93	284.403	0.1859002
5231	6069.867	284.93	284.403	0.1859166
5232	6071.059	285.009	284.398	0.1858778
5233	6072.276	285.089	284.401	0.185922
5234	6073.432	285.089	284.401	0.1859047
5235	6074.58	285.165	284.41	0.1858987
5236	6075.729	285.165	284.41	0.1858816
5237	6076.892	285.243	284.423	0.1858951
5238	6078.039	285.243	284.423	0.1859051
5239	6079.235	285.315	284.441	0.185838
5240	6080.393	285.315	284.441	0.1858503
5241	6081.542	285.389	284.463	0.185946
5242	6082.688	285.389	284.463	0.1859522
5243	6083.871	285.473	284.488	0.1859451
5244	6085.031	285.473	284.488	0.1859478
5245	6086.227	285.544	284.517	0.1859243
5246	6087.408	285.544	284.517	0.1859102
5247	6088.571	285.613	284.548	0.1859014
5248	6089.73	285.613	284.548	0.1858984
5249	6090.893	285.684	284.583	0.185884
5250	6092.047	285.684	284.583	0.1858658
5251	6093.211	285.747	284.619	0.1858515
5252	6094.373	285.747	284.619	0.1858678
5253	6095.537	285.728	284.658	0.1858528
5254	6096.7	285.728	284.658	0.1858634
5255	6097.88	285.67	284.699	0.1858328
5256	6099.047	285.67	284.699	0.1858285
5257	6100.209	285.597	284.741	0.1858471
5258	6101.374	285.597	284.741	0.1858514
5259	6102.539	285.525	284.782	0.1858246
5260	6103.701	285.525	284.782	0.1858188
5261	6104.866	285.455	284.819	0.1858173
5262	6106.04	285.455	284.819	0.1858283
5263	6107.204	285.381	284.853	0.1857998
5264	6108.363	285.381	284.853	0.1857961
5265	6109.543	285.315	284.88	0.1857817
5266	6110.703	285.315	284.88	0.1857984
5267	6111.868	285.247	284.902	0.1858392
5268	6113.028	285.247	284.902	0.1858296
5269	6114.222	285.182	284.911	0.1858596
5270	6115.371	285.182	284.911	0.1858433
5271	6116.522	285.11	284.932	0.1858314
5272	6117.681	285.11	284.932	0.1858197
5273	6118.875	285.047	284.935	0.1858339
5274	6120.038	285.047	284.935	0.1858464
5275	6121.201	284.987	284.934	0.1858471
5276	6122.366	284.987	284.934	0.1858659
5277	6123.543	284.929	284.928	0.1858859
5278	6124.709	284.929	284.928	0.185892
5279	6125.873	284.871	284.919	0.1858834
5280	6127.054	284.871	284.919	0.1858738
5281	6128.246	284.814	284.907	0.1858605
5282	6129.407	284.814	284.907	0.1858611
5283	6130.571	284.758	284.891	0.185855
5284	6131.763	284.758	284.891	0.1858707
5285	6132.924	284.704	284.873	0.1858326
5286	6134.086	284.704	284.873	0.1858705
5287	6135.244	284.65	284.852	0.185887
5288	6136.395	284.65	284.852	0.1859116
5289	6137.559	284.597	284.829	0.1859462
5290	6138.786	284.544	284.804	0.1858682
5291	6139.983	284.544	284.804	0.1859294
5292	6141.143	284.495	284.777	0.1859249
5293	6142.31	284.495	284.777	0.1859374
5294	6143.476	284.443	284.749	0.1859094
5295	6144.657	284.443	284.749	0.1859402
5296	6145.82	284.391	284.72	0.1859221
5297	6146.982	284.391	284.72	0.1859188
5298	6148.144	284.34	284.688	0.1859178
5299	6149.326	284.34	284.688	0.1859185
5300	6150.49	284.284	284.655	0.1859208
5301	6151.653	284.284	284.655	0.1859202
5302	6152.82	284.279	284.621	0.1859099
5303	6153.999	284.279	284.621	0.1859068
5304	6155.163	284.33	284.587	0.1859273
5305	6156.324	284.33	284.587	0.1859287
5306	6157.503	284.429	284.552	0.1859275
5307	6158.653	284.429	284.552	0.1859476
5308	6159.815	284.522	284.518	0.1859659
5309	6160.961	284.522	284.518	0.1859774
5310	6162.113	284.614	284.487	0.1859705
5311	6163.278	284.614	284.487	0.1859641
5312	6164.442	284.704	284.461	0.1859793
5313	6165.606	284.704	284.461	0.1859791
5314	6166.787	284.791	284.442	0.1859709
5315	6167.952	284.791	284.442	0.1859455
5316	6169.113	284.879	284.429	0.1859292
5317	6170.261	284.879	284.429	0.1859443
5318	6171.439	284.963	284.421	0.1859726
5319	6172.602	284.963	284.421	0.1859839
5320	6173.763	285.046	284.42	0.185987
5321	6174.914	285.046	284.42	0.1859865
5322	6176.094	285.128	284.426	0.1859998
5323	6177.257	285.128	284.426	0.1859954
5324	6178.408	285.206	284.436	0.1859796
5325	6179.586	285.206	284.436	0.1859727
5326	6180.75	285.285	284.451	0.1859898
5327	6181.904	285.285	284.451	0.1859802
5328	6183.068	285.376	284.471	0.1859753
5329	6184.249	285.376	284.471	0.1859872
5330	6185.414	285.451	284.495	0.1859693
5331	6186.578	285.451	284.495	0.185986
5332	6187.744	285.526	284.523	0.1859725
5333	6188.924	285.526	284.523	0.1859964
5334	6190.088	285.601	284.553	0.1859738
5335	6191.253	285.601	284.553	0.1859733
5336	6192.433	285.673	284.587	0.1859766
5337	6193.598	285.673	284.587	0.1859814
5338	6194.76	285.743	284.623	0.1860141
5339	6195.912	285.743	284.623	0.1860091
5340	6197.077	285.743	284.663	0.1859968
5341	6198.271	285.743	284.663	0.1860039
5342	6199.433	285.689	284.704	0.1859878
5343	6200.595	285.689	284.704	0.1859778
5344	6201.761	285.622	284.747	0.1859764
5345	6203.007	285.553	284.789	0.185974
5346	6204.196	285.553	284.789	0.1859671
5347	6205.359	285.481	284.829	0.1859515
5348	6206.521	285.481	284.829	0.1859284
5349	6207.683	285.416	284.865	0.1859093
5350	6208.844	285.416	284.865	0.185893
5351	6210.006	285.349	284.895	0.1859015
5352	6211.154	285.349	284.895	0.1859045
5353	6212.317	285.285	284.92	0.1858973
5354	6213.464	285.285	284.92	0.1859057
5355	6214.644	285.225	284.938	0.185889
5356	6215.794	285.225	284.938	0.1858853
5357	6216.943	285.153	284.956	0.1858859
5358	6218.104	285.153	284.956	0.1858724
5359	6219.268	285.094	284.962	0.1858834
5360	6220.43	285.094	284.962	0.1858653
5361	6221.592	285.037	284.963	0.1858801
5362	6222.76	285.037	284.963	0.1859084
5363	6223.941	284.98	284.96	0.1859036
5364	6225.09	284.98	284.96	0.185887
5365	6226.239	284.926	284.953	0.1858992
5366	6227.389	284.926	284.953	0.1859129
5367	6228.539	284.874	284.943	0.1859167
5368	6229.689	284.874	284.943	0.1859177
5369	6230.84	284.83	284.93	0.1859149
5370	6232.006	284.83	284.93	0.1859308
5371	6233.188	284.767	284.915	0.1859321
5372	6234.339	284.767	284.915	0.1859199
5373	6235.486	284.716	284.897	0.18593
5374	6236.633	284.716	284.897	0.185927
5375	6237.78	284.666	284.876	0.185919
5376	6238.928	284.666	284.876	0.1859253
5377	6240.111	284.614	284.853	0.185939
5378	6241.271	284.614	284.853	0.1859253
5379	6242.426	284.567	284.829	0.1859181
5380	6243.575	284.567	284.829	0.185938
5381	6244.723	284.52	284.804	0.18593
5382	6245.904	284.52	284.804	0.185937
5383	6247.055	284.47	284.776	0.1859462
5384	6248.206	284.47	284.776	0.1859449
5385	6249.354	284.416	284.761	0.1859271
5386	6250.539	284.416	284.761	0.185957
5387	6251.687	284.369	284.717	0.1859377
5388	6252.837	284.369	284.717	0.1859437
5389	6253.986	284.321	284.687	0.185944
5390	6255.164	284.321	284.687	0.1859526
5391	6256.31	284.277	284.655	0.1859547
5392	6257.462	284.277	284.655	0.1859482
5393	6258.641	284.29	284.622	0.1859754
5394	6259.818	284.29	284.622	0.1859704
5395	6260.968	284.364	284.589	0.1859843
5396	6262.136	284.364	284.589	0.1859937
5397	6263.287	284.455	284.556	0.185988
5398	6264.472	284.455	284.556	0.1859909
5399	6265.622	284.55	284.523	0.1859829
5400	6266.769	284.55	284.523	0.1860005
5401	6267.919	284.646	284.495	0.1860178
5402	6269.072	284.646	284.495	0.186034
5403	6270.254	284.739	284.472	0.1860293
5404	6271.403	284.739	284.472	0.1860487
5405	6272.552	284.83	284.454	0.186044
5406	6273.702	284.83	284.454	0.1860353
5407	6274.856	284.92	284.445	0.1859763
5408	6276.01	284.92	284.445	0.1860077
5409	6277.159	285.007	284.442	0.1860052
5410	6278.311	285.007	284.442	0.186003
5411	6279.492	285.093	284.445	0.1859951
5412	6280.644	285.093	284.445	0.1859968
5413	6281.793	285.191	284.453	0.1860026
5414	6282.941	285.191	284.453	0.1860008
5415	6284.125	285.273	284.466	0.1859806
5416	6285.277	285.273	284.466	0.1859792
5417	6286.427	285.354	284.485	0.1859685
5418	6287.594	285.354	284.485	0.1859866
5419	6288.777	285.434	284.507	0.1859675
5420	6289.929	285.434	284.507	0.1859807
5421	6291.08	285.513	284.534	0.1859607
5422	6292.259	285.513	284.534	0.1859697
5423	6293.413	285.59	284.565	0.1859624
5424	6294.568	285.59	284.565	0.1859454
5425	6295.717	285.666	284.581	0.1859498
5426	6296.865	285.666	284.581	0.1859449
5427	6298.018	285.742	284.636	0.1859525
5428	6299.168	285.742	284.636	0.1859553
5429	6300.32	285.761	284.675	0.1859573
5430	6301.472	285.761	284.675	0.1859568
5431	6302.626	285.717	284.716	0.1859601
5432	6303.773	285.717	284.716	0.1859572
5433	6304.925	285.654	284.76	0.1859573
5434	6306.08	285.654	284.76	0.1859513
5435	6307.261	285.598	284.804	0.1859484
5436	6308.5	285.522	284.845	0.1859584
5437	6309.655	285.522	284.845	0.1859165
5438	6310.84	285.457	284.883	0.1859211
5439	6311.993	285.457	284.883	0.1859263
5440	6313.147	285.394	284.916	0.1859243
5441	6314.3	285.394	284.916	0.1859072
5442	6315.482	285.321	284.955	0.1859252
5443	6316.65	285.321	284.955	0.1859107
5444	6317.804	285.262	284.974	0.1859008
5445	6318.973	285.262	284.974	0.1859014
5446	6320.151	285.206	284.987	0.1858905
5447	6321.318	285.206	284.987	0.1859275
5448	6322.482	285.148	284.995	0.1859032
5449	6323.649	285.148	284.995	0.1859065
5450	6324.813	285.095	284.999	0.1859119
5451	6325.977	285.095	284.999	0.1859029
5452	6327.139	285.041	284.999	0.185932
5453	6328.292	285.041	284.999	0.185947
5454	6329.46	284.989	284.995	0.1859523
5455	6330.626	284.989	284.995	0.1859236
5456	6331.79	284.935	284.988	0.1859325
5457	6332.972	284.935	284.988	0.1859349
5458	6334.151	284.886	284.977	0.1859356
5459	6335.315	284.886	284.977	0.1859496
5460	6336.48	284.837	284.964	0.1859423
5461	6337.663	284.837	284.964	0.1859344
5462	6338.829	284.79	284.949	0.1859402
5463	6339.994	284.79	284.949	0.1859541
5464	6341.16	284.741	284.932	0.1859607
5465	6342.322	284.741	284.932	0.1859712
5466	6343.489	284.695	284.912	0.1859622
5467	6344.653	284.695	284.912	0.1859609
5468	6345.838	284.648	284.89	0.1859581
5469	6347.004	284.648	284.89	0.1859686
5470	6348.186	284.602	284.867	0.1859858
5471	6349.337	284.602	284.867	0.1859784
5472	6350.514	284.55	284.843	0.1859643
5473	6351.68	284.55	284.843	0.1859821
5474	6352.831	284.506	284.816	0.186009
5475	6353.998	284.506	284.816	0.1859771
5476	6355.161	284.461	284.79	0.1859884
5477	6356.325	284.461	284.79	0.1860171
5478	6357.489	284.419	284.761	0.1859989
5479	6358.654	284.419	284.761	0.1859915
5480	6359.82	284.376	284.732	0.1859977
5481	6360.973	284.376	284.732	0.186007
5482	6362.127	284.331	284.702	0.1859707
5483	6363.308	284.331	284.702	0.1859982
5484	6364.462	284.291	284.67	0.1860101
5485	6365.613	284.291	284.67	0.1859823
5486	6366.778	284.275	284.638	0.1859849
5487	6367.932	284.275	284.638	0.185982
5488	6369.084	284.341	284.607	0.1859847
5489	6370.28	284.341	284.607	0.185996
5490	6371.456	284.43	284.574	0.1860032
5491	6372.611	284.43	284.574	0.1859901
5492	6373.764	284.529	284.544	0.186017
5493	6374.916	284.529	284.544	0.1859943
5494	6376.083	284.63	284.515	0.1859966
5495	6377.3	284.726	284.491	0.1860107
5496	6378.451	284.726	284.491	0.1860326
5497	6379.616	284.821	284.475	0.1860133
5498	6380.767	284.821	284.475	0.1860343
5499	6381.952	284.931	284.464	0.1860024
5500	6383.105	284.931	284.464	0.1860109
5501	6384.272	285.023	284.461	0.185967
5502	6385.456	285.023	284.461	0.1859768
5503	6386.609	285.112	284.464	0.1859834
5504	6387.761	285.112	284.464	0.185986
5505	6388.914	285.2	284.472	0.1859914
5506	6390.079	285.2	284.472	0.1859723
5507	6391.233	285.286	284.487	0.1859851
5508	6392.384	285.286	284.487	0.1859684
5509	6393.548	285.37	284.506	0.185965
5510	6394.717	285.37	284.506	0.1859689
5511	6395.867	285.455	284.53	0.1859662
5512	6397.048	285.455	284.53	0.1859813
5513	6398.232	285.536	284.558	0.185957
5514	6399.382	285.536	284.558	0.1859583
5515	6400.534	285.616	284.591	0.185964
5516	6401.685	285.616	284.591	0.1859569
5517	6402.839	285.698	284.625	0.1859687
5518	6404.024	285.698	284.625	0.1859603
5519	6405.205	285.761	284.663	0.1859704
5520	6406.356	285.761	284.663	0.1859756
5521	6407.51	285.746	284.704	0.1859375
5522	6408.694	285.746	284.704	0.1859025
5523	6409.849	285.693	284.748	0.1859077
5524	6411.002	285.693	284.748	0.1859062
5525	6412.154	285.63	284.792	0.1859125
5526	6413.341	285.63	284.792	0.1859331
5527	6414.494	285.568	284.859	0.1859141
5528	6415.657	285.568	284.859	0.1858985
5529	6416.808	285.495	284.897	0.1859144
5530	6417.991	285.495	284.897	0.185903
5531	6419.156	285.435	284.931	0.1859348
5532	6420.321	285.435	284.931	0.1859089
5533	6421.472	285.378	284.959	0.1858978
5534	6422.627	285.378	284.959	0.1859255
5535	6423.783	285.321	284.981	0.1859123
5536	6424.936	285.321	284.981	0.1859209
5537	6426.105	285.266	285.001	0.1859213
5538	6427.271	285.266	285.001	0.1859247
5539	6428.426	285.213	285.013	0.1859342
5540	6429.578	285.213	285.013	0.1859776
5541	6430.743	285.162	285.018	0.1859338
5542	6431.899	285.162	285.018	0.1859252
5543	6433.051	285.11	285.026	0.1859438
5544	6434.235	285.11	285.026	0.1859275
5545	6435.39	285.062	285.026	0.1859264
5546	6436.558	285.062	285.026	0.1859335
5547	6437.722	285.012	285.023	0.1859303
5548	6438.874	285.012	285.023	0.1859154
5549	6440.026	284.967	285.017	0.1859352
5550	6441.18	284.967	285.017	0.1859318
5551	6442.332	284.92	285.007	0.1859189
5552	6443.488	284.92	285.007	0.1859244
5553	6444.643	284.875	284.996	0.185937
5554	6445.823	284.875	284.996	0.1859456
5555	6446.975	284.829	284.983	0.1859439
5556	6448.141	284.829	284.983	0.1859523
5557	6449.294	284.78	284.967	0.1859397
5558	6450.447	284.78	284.967	0.1859555
5559	6451.629	284.736	284.948	0.1859496
5560	6452.781	284.736	284.948	0.1859443
5561	6453.946	284.692	284.928	0.1859384
5562	6455.115	284.692	284.928	0.1859273
5563	6456.267	284.65	284.907	0.1859455
5564	6457.423	284.65	284.907	0.1859434
5565	6458.574	284.608	284.884	0.1859545
5566	6459.729	284.608	284.884	0.1859564
5567	6460.882	284.568	284.86	0.1859725
5568	6462.031	284.568	284.86	0.1859598
5569	6463.184	284.527	284.836	0.1859539
5570	6464.334	284.527	284.836	0.1859266
5571	6465.519	284.484	284.809	0.1859367
5572	6466.738	284.446	284.782	0.185943
5573	6467.901	284.446	284.782	0.1859376
5574	6469.087	284.408	284.755	0.1859418
5575	6470.239	284.408	284.755	0.1859747
5576	6471.392	284.367	284.727	0.1859687
5577	6472.543	284.367	284.727	0.1859636
5578	6473.697	284.33	284.698	0.1859934
5579	6474.851	284.33	284.698	0.1859927
5580	6476.003	284.292	284.684	0.1859949
5581	6477.155	284.292	284.684	0.1859796
5582	6478.308	284.283	284.639	0.1859878
5583	6479.478	284.283	284.639	0.1859848
5584	6480.631	284.365	284.609	0.1859924
5585	6481.78	284.365	284.609	0.1859955
5586	6482.969	284.462	284.579	0.1859908
5587	6484.133	284.462	284.579	0.1859799
5588	6485.298	284.565	284.549	0.1859878
5589	6486.467	284.565	284.549	0.1859754
5590	6487.664	284.651	284.523	0.1859862
5591	6488.831	284.651	284.523	0.1860089
5592	6489.998	284.768	284.502	0.1859916
5593	6491.166	284.768	284.502	0.1860117
5594	6492.351	284.867	284.487	0.1860018
5595	6493.522	284.867	284.487	0.1860088
5596	6494.692	284.964	284.479	0.1860046
5597	6495.857	284.964	284.479	0.1860039
5598	6497.051	285.058	284.477	0.1859987
5599	6498.203	285.058	284.477	0.1859789
5600	6499.37	285.15	284.482	0.1860129
5601	6500.538	285.15	284.482	0.1860211
5602	6501.703	285.242	284.494	0.1860189
5603	6502.86	285.242	284.494	0.1860388
5604	6504.025	285.331	284.511	0.18597
5605	6505.212	285.331	284.511	0.1859981
5606	6506.379	285.42	284.533	0.1859923
5607	6507.545	285.42	284.533	0.1859991
5608	6508.711	285.505	284.559	0.185977
5609	6509.879	285.505	284.559	0.1859645
5610	6511.046	285.591	284.589	0.1859645
5611	6512.23	285.591	284.589	0.1859645
5612	6513.399	285.69	284.642	0.1859757
5613	6514.585	285.69	284.642	0.1859668
5614	6515.754	285.765	284.681	0.1859365
5615	6516.917	285.765	284.681	0.1859583
5616	6518.099	285.762	284.725	0.1859433
5617	6519.266	285.762	284.725	0.1859899
5618	6520.435	285.715	284.769	0.1859601
5619	6521.607	285.715	284.769	0.1859616
5620	6522.802	285.658	284.815	0.1859404
5621	6523.973	285.658	284.815	0.1859249
5622	6525.169	285.6	284.86	0.1859089
5623	6526.368	285.54	284.903	0.1859073
5624	6527.534	285.54	284.903	0.1859144
5625	6528.702	285.482	284.94	0.1859206
5626	6529.868	285.482	284.94	0.1859019
5627	6531.054	285.429	284.972	0.1859063
5628	6532.223	285.429	284.972	0.1858939
5629	6533.388	285.375	284.999	0.1858936
5630	6534.542	285.375	284.999	0.1858959
5631	6535.707	285.322	285.02	0.1858609
5632	6536.874	285.322	285.02	0.1858525
5633	6538.039	285.27	285.037	0.1858727
5634	6539.206	285.27	285.037	0.1858716
5635	6540.372	285.223	285.049	0.1858494
5636	6541.541	285.223	285.049	0.1858425
5637	6542.696	285.175	285.056	0.1858747
5638	6543.851	285.175	285.056	0.1858816
5639	6545.033	285.128	285.06	0.1859137
5640	6546.182	285.128	285.06	0.1858917
5641	6547.333	285.074	285.06	0.1858944
5642	6548.487	285.074	285.06	0.1859004
5643	6549.637	285.031	285.057	0.1858912
5644	6550.79	285.031	285.057	0.1858691
5645	6551.943	284.986	285.05	0.1858831
5646	6553.1	284.986	285.05	0.1858959
5647	6554.28	284.944	285.042	0.1858884
5648	6555.433	284.944	285.042	0.1858869
5649	6556.584	284.903	285.03	0.1859021
5650	6557.737	284.903	285.03	0.1859003
5651	6558.92	284.862	285.017	0.1859054
5652	6560.073	284.862	285.017	0.1859049
5653	6561.224	284.821	285.002	0.1858992
5654	6562.377	284.821	285.002	0.1859354
5655	6563.526	284.789	284.985	0.185944
5656	6564.677	284.789	284.985	0.1859479
5657	6565.829	284.742	284.967	0.1859512
5658	6566.982	284.742	284.967	0.1859401
5659	6568.165	284.703	284.948	0.1859661
5660	6569.317	284.703	284.948	0.185958
5661	6570.464	284.665	284.927	0.185959
5662	6571.62	284.665	284.927	0.1860062
5663	6572.803	284.627	284.905	0.1860321
5664	6573.952	284.627	284.905	0.1860329
5665	6575.105	284.59	284.882	0.1860297
5666	6576.256	284.59	284.882	0.1860397
5667	6577.412	284.553	284.858	0.1860403
5668	6578.566	284.553	284.858	0.1860555
5669	6579.722	284.511	284.833	0.1860435
5670	6580.876	284.511	284.833	0.1860505
5671	6582.041	284.474	284.808	0.1860603
5672	6583.225	284.474	284.808	0.1860519
5673	6584.376	284.438	284.782	0.1860626
5674	6585.525	284.438	284.782	0.1860701
5675	6586.674	284.402	284.755	0.1860435
5676	6587.823	284.402	284.755	0.186056
5677	6588.976	284.365	284.728	0.1860796
5678	6590.161	284.365	284.728	0.1860594
5679	6591.348	284.33	284.701	0.186057
5680	6592.501	284.33	284.701	0.1860849
5681	6593.654	284.295	284.672	0.1860814
5682	6594.816	284.295	284.672	0.1860519
5683	6595.965	284.292	284.643	0.1860372
5684	6597.118	284.292	284.643	0.1860384
5685	6598.271	284.363	284.615	0.1860477
5686	6599.419	284.363	284.615	0.1860583
5687	6600.572	284.463	284.587	0.186037
5688	6601.726	284.463	284.587	0.1860636
5689	6602.875	284.568	284.559	0.1861085
5690	6604.04	284.568	284.559	0.1861079
5691	6605.186	284.674	284.533	0.1860973
5692	6606.349	284.674	284.533	0.1860948
5693	6607.5	284.778	284.513	0.186121
5694	6608.653	284.778	284.513	0.1861217
5695	6609.802	284.881	284.5	0.1861301
5696	6610.957	284.881	284.5	0.1861186
5697	6612.116	284.981	284.493	0.186117
5698	6613.278	284.981	284.493	0.1861132
5699	6614.443	285.094	284.496	0.1861098
5700	6615.606	285.094	284.496	0.186128
5701	6616.755	285.191	284.506	0.1861194
5702	6617.905	285.191	284.506	0.1860974
5703	6619.056	285.285	284.521	0.1860625
5704	6620.238	285.285	284.521	0.1860869
5705	6621.418	285.377	284.542	0.1860849
5706	6622.568	285.377	284.542	0.1860934
5707	6623.748	285.47	284.568	0.1860903
5708	6625.037	285.56	284.599	0.1860898
5709	6626.224	285.56	284.599	0.1860919
5710	6627.374	285.647	284.633	0.1860817
5711	6628.557	285.647	284.633	0.18607
5712	6629.71	285.736	284.671	0.1860723
5713	6630.865	285.736	284.671	0.1860662
5714	6632.019	285.779	284.714	0.1860776
5715	6633.171	285.779	284.714	0.1860784
5716	6634.333	285.752	284.758	0.1860846
5717	6635.488	285.752	284.758	0.1860652
5718	6636.638	285.702	284.805	0.1860485
5719	6637.822	285.702	284.805	0.1860511
5720	6638.984	285.656	284.851	0.1860489
5721	6640.168	285.656	284.851	0.1860487
5722	6641.319	285.593	284.897	0.1860293
5723	6642.503	285.593	284.897	0.186055
5724	6643.653	285.536	284.938	0.1860333
5725	6644.801	285.536	284.938	0.1860255
5726	6645.95	285.475	284.974	0.1860247
5727	6647.134	285.475	284.974	0.1860026
5728	6648.287	285.422	285.006	0.1860203
5729	6649.467	285.422	285.006	0.1859984
5730	6650.634	285.373	285.032	0.1859722
5731	6651.814	285.373	285.032	0.1859829
5732	6652.966	285.328	285.054	0.1860006
5733	6654.132	285.328	285.054	0.1860027
5734	6655.282	285.28	285.069	0.1859854
5735	6656.433	285.28	285.069	0.1859855
5736	6657.584	285.234	285.075	0.1860133
5737	6658.749	285.234	285.075	0.1860012
5738	6659.915	285.192	285.088	0.1860042
5739	6661.109	285.192	285.088	0.1860289
5740	6662.266	285.149	285.093	0.1860137
5741	6663.429	285.149	285.093	0.1860268
5742	6664.613	285.107	285.093	0.1860293
5743	6665.773	285.107	285.093	0.1860236
5744	6666.924	285.068	285.09	0.186031
5745	6668.076	285.068	285.09	0.1860186
5746	6669.228	285.026	285.086	0.1860176
5747	6670.394	285.026	285.086	0.1860298
5748	6671.546	284.987	285.078	0.1860319
5749	6672.701	284.987	285.078	0.186021
5750	6673.883	284.947	285.069	0.18601
5751	6675.064	284.947	285.069	0.186028
5752	6676.216	284.911	285.058	0.1860103
5753	6677.378	284.911	285.058	0.1860283
5754	6678.562	284.867	285.044	0.1860412
5755	6679.723	284.867	285.044	0.186034
5756	6680.877	284.831	285.029	0.1860456
5757	6682.028	284.831	285.029	0.1860499
5758	6683.207	284.796	285.013	0.1860642
5759	6684.36	284.796	285.013	0.1860543
5760	6685.512	284.76	284.995	0.1860606
5761	6686.664	284.76	284.995	0.1860611
5762	6687.849	284.723	284.976	0.1860729
5763	6689.003	284.723	284.976	0.1860829
5764	6690.153	284.688	284.957	0.1860961
5765	6691.303	284.688	284.957	0.1860873
5766	6692.485	284.656	284.935	0.1860973
5767	6693.65	284.656	284.935	0.1861009
5768	6694.801	284.622	284.914	0.1861024
5769	6695.964	284.622	284.914	0.1861064
5770	6697.162	284.588	284.891	0.1861052
5771	6698.374	284.555	284.868	0.1861155
5772	6699.538	284.555	284.868	0.1861029
5773	6700.723	284.52	284.844	0.1860929
5774	6701.875	284.52	284.844	0.1861054
5775	6703.027	284.489	284.832	0.1860976
5776	6704.181	284.489	284.832	0.1861169
5777	6705.334	284.456	284.795	0.1861172
5778	6706.485	284.456	284.795	0.1861161
5779	6707.637	284.425	284.769	0.1861173
5780	6708.801	284.425	284.769	0.186109
5781	6709.982	284.392	284.744	0.1861177
5782	6711.133	284.392	284.744	0.1861208
5783	6712.289	284.356	284.705	0.1861206
5784	6713.448	284.356	284.705	0.1861155
5785	6714.631	284.325	284.678	0.1861075
5786	6715.795	284.325	284.678	0.1861315
5787	6716.948	284.292	284.652	0.1861423
5788	6718.113	284.292	284.652	0.1861369
5789	6719.299	284.305	284.625	0.1861426
5790	6720.461	284.305	284.625	0.1861291
5791	6721.615	284.388	284.598	0.1861463
5792	6722.783	284.388	284.598	0.1861469
5793	6723.969	284.493	284.572	0.1861261
5794	6725.132	284.493	284.572	0.1861358
5795	6726.298	284.602	284.548	0.186151
5796	6727.461	284.602	284.548	0.1861535
5797	6728.626	284.71	284.527	0.1861709
5798	6729.792	284.71	284.527	0.1861994
5799	6730.956	284.816	284.512	0.1861972
5800	6732.124	284.816	284.512	0.1861758
5801	6733.291	284.921	284.504	0.1861547
5802	6734.446	284.921	284.504	0.1861472
5803	6735.611	285.026	284.503	0.1861416
5804	6736.78	285.026	284.503	0.1861623
5805	6737.945	285.127	284.51	0.1861628
5806	6739.107	285.127	284.51	0.1861602
5807	6740.288	285.226	284.521	0.1861428
5808	6741.455	285.226	284.521	0.1861341
5809	6742.618	285.325	284.539	0.1861354
5810	6743.775	285.325	284.539	0.1861596
5811	6744.942	285.419	284.562	0.1861457
5812	6746.106	285.419	284.562	0.1861353
5813	6747.26	285.528	284.591	0.1861285
5814	6748.425	285.528	284.591	0.1861245
5815	6749.578	285.621	284.624	0.1861235
5816	6750.775	285.621	284.624	0.1861097
5817	6751.958	285.714	284.661	0.1860995
5818	6753.123	285.714	284.661	0.1860963
5819	6754.29	285.776	284.702	0.1861298
5820	6755.483	285.776	284.702	0.186127
5821	6756.653	285.758	284.747	0.1860845
5822	6757.816	285.758	284.747	0.1860804
5823	6759.01	285.714	284.793	0.1860903
5824	6760.208	285.714	284.793	0.1860875
5825	6761.371	285.664	284.842	0.1860642
5826	6762.587	285.611	284.889	0.1860663
5827	6763.772	285.611	284.889	0.1860633
5828	6764.938	285.56	284.932	0.1860582
5829	6766.105	285.56	284.932	0.1860569
5830	6767.286	285.508	284.972	0.186081
5831	6768.453	285.508	284.972	0.1860909
5832	6769.617	285.459	285.006	0.1860985
5833	6770.804	285.459	285.006	0.1860902
5834	6771.97	285.412	285.036	0.186109
5835	6773.137	285.412	285.036	0.186102
5836	6774.301	285.37	285.06	0.1861166
5837	6775.467	285.37	285.06	0.1861062
5838	6776.633	285.327	285.08	0.186111
5839	6777.801	285.327	285.08	0.1861093
5840	6778.954	285.276	285.095	0.1861256
5841	6780.119	285.276	285.095	0.1860775
5842	6781.283	285.234	285.106	0.1860754
5843	6782.437	285.234	285.106	0.1860795
5844	6783.591	285.197	285.113	0.1860939
5845	6784.787	285.197	285.113	0.1860874
5846	6785.957	285.158	285.117	0.1860778
5847	6787.111	285.158	285.117	0.1861169
5848	6788.295	285.118	285.117	0.186107
5849	6789.463	285.118	285.117	0.1860998
5850	6790.619	285.082	285.116	0.186111
5851	6791.784	285.082	285.116	0.1860958
5852	6792.972	285.046	285.111	0.1860963
5853	6794.152	285.046	285.111	0.1861099
5854	6795.319	285.011	285.105	0.1861178
5855	6796.487	285.011	285.105	0.1861107
5856	6797.669	284.976	285.097	0.1860991
5857	6798.835	284.976	285.097	0.1860968
5858	6800.004	284.942	285.086	0.1861181
5859	6801.168	284.942	285.086	0.1860822
5860	6802.324	284.907	285.074	0.1860761
5861	6803.491	284.907	285.074	0.1860812
5862	6804.659	284.874	285.062	0.1860781
5863	6805.82	284.874	285.062	0.1860809
5864	6806.977	284.842	285.047	0.1860813
5865	6808.148	284.842	285.047	0.1860842
5866	6809.317	284.81	285.031	0.1860938
5867	6810.469	284.81	285.031	0.1860907
5868	6811.668	284.779	285.014	0.1861075
5869	6812.837	284.779	285.014	0.186106
5870	6814.003	284.739	284.987	0.1861132
5871	6815.177	284.739	284.987	0.1861167
5872	6816.339	284.711	284.968	0.186105
5873	6817.506	284.711	284.968	0.1861206
5874	6818.672	284.678	284.948	0.1861033
5875	6819.926	284.678	284.927	0.1861074
5876	6821.085	284.655	284.927	0.1861037
5877	6822.269	284.619	284.906	0.1861025
5878	6823.436	284.619	284.906	0.1860963
5879	6824.62	284.589	284.884	0.1861093
5880	6825.789	284.589	284.884	0.1861022
5881	6826.958	284.558	284.862	0.1861235
5882	6828.127	284.558	284.862	0.186131
5883	6829.294	284.53	284.84	0.1861063
5884	6830.463	284.53	284.84	0.1861135
5885	6831.627	284.501	284.816	0.1861141
5886	6832.824	284.501	284.816	0.1861229
5887	6834.022	284.473	284.794	0.1861227
5888	6835.186	284.473	284.794	0.1861293
5889	6836.371	284.442	284.77	0.186119
5890	6837.536	284.442	284.77	0.1861302
5891	6838.702	284.414	284.758	0.1861367
5892	6839.865	284.414	284.758	0.1861504
5893	6841.053	284.387	284.722	0.1861227
5894	6842.222	284.387	284.722	0.1861261
5895	6843.388	284.361	284.698	0.1861371
5896	6844.554	284.361	284.698	0.1861242
5897	6845.751	284.325	284.674	0.1861403
5898	6846.918	284.325	284.674	0.1861408
5899	6848.081	284.3	284.648	0.1861597
5900	6849.249	284.3	284.648	0.1861549
5901	6850.417	284.289	284.624	0.1861525
5902	6851.583	284.289	284.624	0.186152
5903	6852.752	284.359	284.599	0.1861689
5904	6853.92	284.359	284.599	0.1861832
5905	6855.088	284.462	284.574	0.1861623
5906	6856.254	284.462	284.574	0.1861696
5907	6857.42	284.574	284.552	0.186159
5908	6858.617	284.574	284.552	0.1861875
5909	6859.784	284.686	284.531	0.1861711
5910	6860.953	284.686	284.531	0.1861721
5911	6862.122	284.798	284.515	0.186171
5912	6863.287	284.798	284.515	0.1861773
5913	6864.453	284.909	284.506	0.1861534
5914	6865.618	284.909	284.506	0.1861636
5915	6866.783	285.016	284.505	0.1861618
5916	6867.949	285.016	284.505	0.1861526
5917	6869.117	285.122	284.51	0.1861607
5918	6870.283	285.122	284.51	0.1861361
5919	6871.448	285.224	284.521	0.1861595
5920	6872.672	285.326	284.539	0.1861782
5921	6873.828	285.326	284.539	0.186189
5922	6875.007	285.425	284.563	0.1861666
5923	6876.192	285.425	284.563	0.1861509
5924	6877.347	285.538	284.592	0.1861513
5925	6878.513	285.538	284.592	0.1861412
5926	6879.679	285.635	284.626	0.1861504
5927	6880.845	285.635	284.626	0.1861373
5928	6882.01	285.73	284.663	0.1861294
5929	6883.175	285.73	284.663	0.1861197
5930	6884.341	285.782	284.684	0.1861142
5931	6885.509	285.782	284.684	0.1861172
5932	6886.662	285.76	284.752	0.1861336
5933	6887.831	285.76	284.752	0.1861003
5934	6888.997	285.719	284.8	0.1861107
5935	6890.181	285.719	284.8	0.1861102
5936	6891.35	285.671	284.85	0.1860953
5937	6892.502	285.671	284.85	0.1861125
5938	6893.669	285.623	284.899	0.1860912
5939	6894.832	285.623	284.899	0.1860945
5940	6895.997	285.581	284.944	0.1860807
5941	6897.164	285.581	284.944	0.1860741
5942	6898.331	285.527	284.986	0.1860796
5943	6899.526	285.527	284.986	0.1860757
5944	6900.679	285.484	285.023	0.1860765
5945	6901.836	285.484	285.023	0.1860608
5946	6902.998	285.44	285.055	0.1860589
5947	6904.192	285.44	285.055	0.1860494
5948	6905.344	285.399	285.081	0.1860545
5949	6906.511	285.399	285.081	0.1860695
5950	6907.678	285.358	285.102	0.1860543
5951	6908.832	285.358	285.102	0.1860729
5952	6909.986	285.319	285.12	0.1860729
5953	6911.172	285.319	285.12	0.18606
5954	6912.325	285.277	285.138	0.1860391
5955	6913.476	285.277	285.138	0.186049
5956	6914.627	285.241	285.146	0.1860379
5957	6915.809	285.241	285.146	0.186032
5958	6916.961	285.205	285.152	0.1860344
5959	6918.113	285.205	285.152	0.1860358
5960	6919.264	285.17	285.154	0.1860365
5961	6920.415	285.17	285.154	0.1860671
5962	6921.573	285.136	285.153	0.18607
5963	6922.723	285.136	285.153	0.1860694
5964	6923.876	285.104	285.151	0.1860669
5965	6925.058	285.104	285.151	0.1860648
5966	6926.236	285.071	285.146	0.1860753
5967	6927.387	285.071	285.146	0.1860771
5968	6928.547	285.04	285.139	0.1860642
5969	6929.728	285.04	285.139	0.1860637
5970	6930.882	285.01	285.131	0.1860725
5971	6932.036	285.01	285.131	0.1860774
5972	6933.187	284.979	285.121	0.1860866
5973	6934.374	284.979	285.121	0.1860486
5974	6935.524	284.948	285.109	0.1860779
5975	6936.679	284.948	285.109	0.1860897
5976	6937.833	284.919	285.096	0.1861015
5977	6938.986	284.919	285.096	0.1860649
5978	6940.136	284.889	285.082	0.1860727
5979	6941.291	284.889	285.082	0.1860723
5980	6942.444	284.86	285.067	0.1860798
5981	6943.597	284.86	285.067	0.1860766
5982	6944.782	284.828	285.051	0.1860432
5983	6945.936	284.828	285.051	0.1860522
5984	6947.093	284.8	285.035	0.1860405
5985	6948.352	284.773	285.017	0.1860586
5986	6949.504	284.773	285.017	0.1860679
5987	6950.658	284.743	285.001	0.1860614
5988	6951.825	284.743	285.001	0.1860846
5989	6953.01	284.717	284.982	0.186077
5990	6954.198	284.717	284.982	0.1860822
5991	6955.347	284.69	284.962	0.1860761
5992	6956.506	284.69	284.962	0.1860639
5993	6957.687	284.663	284.942	0.1860717
5994	6958.84	284.663	284.942	0.186068
5995	6959.993	284.637	284.923	0.1860619
5996	6961.159	284.637	284.923	0.1860761
5997	6962.314	284.612	284.903	0.1860569
5998	6963.463	284.612	284.903	0.1860607
5999	6964.614	284.585	284.882	0.1860572
6000	6965.765	284.585	284.882	0.1860545
6001	6966.945	284.557	284.862	0.1860775
6002	6968.1	284.557	284.862	0.1860769
6003	6969.254	284.533	284.841	0.1860849
6004	6970.404	284.533	284.841	0.1860952
6005	6971.567	284.512	284.82	0.1860798
6006	6972.722	284.512	284.82	0.186082
6007	6973.872	284.483	284.798	0.1860623
6008	6975.022	284.483	284.798	0.1860654
6009	6976.207	284.458	284.777	0.1860739
6010	6977.373	284.458	284.777	0.1860808
6011	6978.527	284.429	284.756	0.1860732
6012	6979.678	284.429	284.756	0.1860877
6013	6980.831	284.404	284.734	0.1860852
6014	6981.985	284.404	284.734	0.1861027
6015	6983.138	284.379	284.711	0.1861182
6016	6984.292	284.379	284.711	0.1861118
6017	6985.478	284.356	284.689	0.1861037
6018	6986.633	284.356	284.689	0.1861394
6019	6987.785	284.331	284.667	0.1861251
6020	6988.935	284.331	284.667	0.1861317
6021	6990.091	284.307	284.646	0.1861335
6022	6991.241	284.307	284.646	0.1861217
6023	6992.393	284.287	284.623	0.1861502
6024	6993.547	284.287	284.623	0.1861548
6025	6994.695	284.336	284.601	0.1861683
6026	6995.848	284.336	284.601	0.1861499
6027	6996.999	284.438	284.578	0.1861912
6028	6998.182	284.438	284.578	0.1861812
6029	6999.334	284.552	284.557	0.1861679
6030	7000.486	284.552	284.557	0.1862037
6031	7001.644	284.668	284.537	0.1862034
6032	7002.797	284.668	284.537	0.1862
6033	7003.96	284.786	284.521	0.1861933
6034	7005.147	284.786	284.521	0.1861858
6035	7006.301	284.899	284.512	0.1861866
6036	7007.471	284.899	284.512	0.1862101
6037	7008.651	285.009	284.509	0.1861873
6038	7009.801	285.009	284.509	0.1861582
6039	7010.972	285.118	284.513	0.1861806
6040	7012.141	285.118	284.513	0.1861791
6041	7013.338	285.244	284.533	0.1861936
6042	7014.502	285.244	284.533	0.1861947
6043	7015.67	285.35	284.554	0.1861874
6044	7016.835	285.35	284.554	0.1861961
6045	7018.031	285.453	284.58	0.1861814
6046	7019.201	285.453	284.58	0.1861922
6047	7020.364	285.552	284.595	0.1861697
6048	7021.549	285.552	284.595	0.1861701
6049	7022.704	285.653	284.648	0.1861798
6050	7023.875	285.653	284.648	0.1861511
6051	7025.038	285.754	284.688	0.1861188
6052	7026.209	285.754	284.688	0.1861031
6053	7027.377	285.793	284.733	0.1861229
6054	7028.613	285.768	284.781	0.1861339
6055	7029.789	285.768	284.781	0.1861348
6056	7030.952	285.73	284.832	0.1861154
6057	7032.123	285.73	284.832	0.1861052
6058	7033.288	285.683	284.883	0.1860887
6059	7034.458	285.683	284.883	0.1860874
6060	7035.624	285.639	284.933	0.1860894
6061	7036.789	285.639	284.933	0.1860487
6062	7037.947	285.595	284.979	0.1860448
6063	7039.142	285.595	284.979	0.1860254
6064	7040.336	285.552	285.019	0.1860473
6065	7041.505	285.552	285.019	0.1860305
6066	7042.69	285.511	285.055	0.1860348
6067	7043.858	285.511	285.055	0.1860494
6068	7045.043	285.467	285.086	0.1860849
6069	7046.211	285.467	285.086	0.1860895
6070	7047.406	285.428	285.113	0.1860917
6071	7048.578	285.428	285.113	0.1860764
6072	7049.744	285.393	285.134	0.1860861
6073	7050.928	285.393	285.134	0.18609
6074	7052.108	285.358	285.152	0.1860943
6075	7053.274	285.358	285.152	0.1860778
6076	7054.442	285.323	285.166	0.1861024
6077	7055.609	285.323	285.166	0.1861138
6078	7056.778	285.29	285.177	0.1861092
6079	7057.947	285.29	285.177	0.1861183
6080	7059.101	285.259	285.184	0.1860996
6081	7060.269	285.259	285.184	0.1860897
6082	7061.44	285.227	285.189	0.1860992
6083	7062.607	285.227	285.189	0.1860918
6084	7063.777	285.198	285.191	0.1860787
6085	7064.961	285.198	285.191	0.1860857
6086	7066.13	285.171	285.191	0.1860748
6087	7067.295	285.171	285.191	0.1860656
6088	7068.461	285.14	285.188	0.1860718
6089	7069.657	285.14	285.188	0.1860775
6090	7070.828	285.111	285.185	0.1860844
6091	7071.997	285.111	285.185	0.1860877
6092	7073.195	285.084	285.179	0.1860716
6093	7074.363	285.084	285.179	0.1860912
6094	7075.534	285.056	285.172	0.1860773
6095	7076.687	285.056	285.172	0.1860721
6096	7077.875	285.027	285.163	0.1860844
6097	7079.073	284.999	285.154	0.1860908
6098	7080.244	284.999	285.154	0.1860693
6099	7081.445	284.973	285.143	0.186083
6100	7082.613	284.973	285.143	0.1860856
6101	7083.782	284.946	285.131	0.186092
6102	7084.935	284.946	285.131	0.1861027
6103	7086.121	284.922	285.118	0.1861049
6104	7087.29	284.922	285.118	0.1861109
6105	7088.453	284.898	285.104	0.1860957
6106	7089.619	284.898	285.104	0.1860946
6107	7090.82	284.873	285.09	0.1860932
6108	7091.989	284.873	285.09	0.1860928
6109	7093.159	284.85	285.075	0.1861095
6110	7094.329	284.85	285.075	0.1861168
6111	7095.496	284.823	285.06	0.1861061
6112	7096.661	284.823	285.06	0.1861138
6113	7097.813	284.8	285.043	0.1861089
6114	7098.982	284.8	285.043	0.1861312
6115	7100.162	284.776	285.027	0.1861225
6116	7101.333	284.776	285.027	0.186116
6117	7102.517	284.753	285.01	0.1861134
6118	7103.68	284.753	285.01	0.1861079
6119	7104.846	284.73	284.992	0.1861348
6120	7106.013	284.73	284.992	0.1861215
6121	7107.17	284.708	284.975	0.1861007
6122	7108.34	284.708	284.975	0.1861175
6123	7109.507	284.685	284.957	0.1861142
6124	7110.675	284.685	284.957	0.1861217
6125	7111.844	284.659	284.93	0.1861141
6126	7113.014	284.659	284.93	0.1861271
6127	7114.181	284.639	284.912	0.1861212
6128	7115.353	284.639	284.912	0.1861226
6129	7116.523	284.615	284.893	0.1861128
6130	7117.69	284.615	284.893	0.1861209
6131	7118.857	284.592	284.874	0.186136
6132	7120.012	284.592	284.874	0.1861417
6133	7121.21	284.57	284.856	0.186137
6134	7122.378	284.57	284.856	0.1861432
6135	7123.546	284.55	284.837	0.1861531
6136	7124.716	284.55	284.837	0.1861471
6137	7125.886	284.528	284.818	0.1861577
6138	7127.053	284.528	284.818	0.18616
6139	7128.221	284.507	284.798	0.1861776
6140	7129.386	284.507	284.798	0.1861682
6141	7130.554	284.486	284.779	0.1861631
6142	7131.725	284.486	284.779	0.1861638
6143	7132.895	284.464	284.76	0.1861596
6144	7134.125	284.444	284.74	0.186153
6145	7135.294	284.444	284.74	0.1861547
6146	7136.464	284.421	284.721	0.1861536
6147	7137.633	284.421	284.721	0.1861453
6148	7138.819	284.401	284.701	0.1861475
6149	7139.991	284.401	284.701	0.1861589
6150	7141.156	284.38	284.681	0.1861629
6151	7142.327	284.38	284.681	0.1861718
6152	7143.492	284.362	284.661	0.1861722
6153	7144.664	284.362	284.661	0.1861555
6154	7145.818	284.338	284.643	0.1861709
6155	7147.006	284.338	284.643	0.1861712
6156	7148.176	284.317	284.623	0.186168
6157	7149.342	284.317	284.623	0.1861787
6158	7150.514	284.297	284.604	0.1861831
6159	7151.709	284.297	284.604	0.1861742
6160	7152.877	284.297	284.584	0.186165
6161	7154.035	284.297	284.584	0.1861712
6162	7155.204	284.391	284.566	0.1861705
6163	7156.371	284.391	284.566	0.1861642
6164	7157.543	284.507	284.546	0.1861588
6165	7158.711	284.507	284.546	0.1861546
6166	7159.878	284.626	284.529	0.1861622
6167	7161.046	284.626	284.529	0.1861479
6168	7162.244	284.745	284.516	0.1861827
6169	7163.412	284.745	284.516	0.1861985
6170	7164.584	284.865	284.506	0.1862179
6171	7165.75	284.865	284.506	0.1862084
6172	7166.921	284.982	284.505	0.186216
6173	7168.111	284.982	284.505	0.1862183
6174	7169.277	285.096	284.51	0.1862198
6175	7170.443	285.096	284.51	0.1862276
6176	7171.611	285.208	284.522	0.1862263
6177	7172.777	285.208	284.522	0.1862003
6178	7173.943	285.316	284.541	0.1861965
6179	7175.11	285.316	284.541	0.1862018
6180	7176.277	285.426	284.565	0.1861883
6181	7177.445	285.426	284.565	0.1861884
6182	7178.614	285.549	284.596	0.1861911
6183	7179.783	285.549	284.596	0.1861905
6184	7180.953	285.653	284.632	0.1861823
6185	7182.123	285.653	284.632	0.1861849
6186	7183.293	285.755	284.673	0.1861868
6187	7184.465	285.755	284.673	0.186173
6188	7185.644	285.8	284.718	0.1861718
6189	7186.869	285.781	284.766	0.1861878
6190	7188.028	285.781	284.766	0.1861597
6191	7189.2	285.744	284.817	0.1861594
6192	7190.395	285.744	284.817	0.1861618
6193	7191.568	285.703	284.871	0.1861697
6194	7192.736	285.703	284.871	0.1861575
6195	7193.928	285.661	284.923	0.18613
6196	7195.096	285.661	284.923	0.1861211
6197	7196.266	285.619	284.972	0.1861197
6198	7197.433	285.619	284.972	0.1861351
6199	7198.62	285.581	285.016	0.1861295
6200	7199.791	285.581	285.016	0.1861352
6201	7200.958	285.545	285.056	0.1861254
6202	7202.129	285.545	285.056	0.1861293
6203	7203.328	285.509	285.091	0.1861067
6204	7204.499	285.509	285.091	0.1861292
6205	7205.668	285.476	285.122	0.1861083
6206	7206.872	285.476	285.122	0.1861069
6207	7208.041	285.444	285.147	0.1861052
6208	7209.21	285.444	285.147	0.1860981
6209	7210.378	285.41	285.169	0.1860836
6210	7211.546	285.41	285.169	0.1861091
6211	7212.713	285.377	285.195	0.1861062
6212	7213.881	285.377	285.195	0.186116
6213	7215.049	285.347	285.208	0.186107
6214	7216.244	285.347	285.208	0.1861129
6215	7217.416	285.318	285.218	0.1860754
6216	7218.585	285.318	285.218	0.1860783
6217	7219.754	285.293	285.224	0.186083
6218	7220.922	285.293	285.224	0.1860677
6219	7222.09	285.266	285.228	0.1860813
6220	7223.258	285.266	285.228	0.1860888
6221	7224.443	285.24	285.232	0.1860671
6222	7225.609	285.24	285.232	0.1860474
6223	7226.779	285.213	285.231	0.1860947
6224	7227.965	285.213	285.231	0.1861022
6225	7229.16	285.193	285.23	0.1860787
6226	7230.33	285.193	285.23	0.1860572
6227	7231.499	285.164	285.228	0.1860651
6228	7232.73	285.141	285.224	0.1860484
6229	7233.897	285.141	285.224	0.1860556
6230	7235.064	285.117	285.218	0.1860574
6231	7236.261	285.117	285.218	0.1860539
6232	7237.428	285.095	285.211	0.1860669
6233	7238.599	285.095	285.211	0.1860652
6234	7239.765	285.072	285.203	0.1860908
6235	7240.934	285.072	285.203	0.1861136
6236	7242.105	285.05	285.194	0.1861116
6237	7243.271	285.05	285.194	0.1861048
6238	7244.435	285.024	285.184	0.1861013
6239	7245.605	285.024	285.184	0.1861157
6240	7246.778	285.003	285.179	0.1861156
6241	7247.948	285.003	285.179	0.1861196
6242	7249.117	284.983	285.162	0.1861305
6243	7250.315	284.983	285.162	0.1861352
6244	7251.484	284.96	285.15	0.1861337
6245	7252.654	284.96	285.15	0.1861279
6246	7253.825	284.939	285.137	0.1861308
6247	7254.993	284.939	285.137	0.1861234
6248	7256.175	284.919	285.124	0.1861345
6249	7257.341	284.919	285.124	0.1861441
6250	7258.539	284.898	285.112	0.1861279
6251	7259.716	284.898	285.112	0.1861277
6252	7260.886	284.88	285.098	0.1861425
6253	7262.071	284.88	285.098	0.1861301
6254	7263.272	284.859	285.084	0.1861383
6255	7264.437	284.859	285.084	0.1861391
6256	7265.603	284.839	285.069	0.1861338
6257	7266.77	284.839	285.069	0.1861398
6258	7267.937	284.82	285.055	0.1861374
6259	7269.103	284.82	285.055	0.1861504
6260	7270.269	284.802	285.04	0.1861481
6261	7271.47	284.802	285.04	0.1861446
6262	7272.639	284.782	285.024	0.1861546
6263	7273.806	284.782	285.024	0.1861519
6264	7274.976	284.764	285.009	0.1861544
6265	7276.138	284.764	285.009	0.1861627
6266	7277.304	284.747	284.994	0.1861656
6267	7278.469	284.747	284.994	0.1861634
6268	7279.641	284.722	284.978	0.1861694
6269	7280.946	284.705	284.962	0.1861687
6270	7282.117	284.705	284.962	0.1861428
6271	7283.314	284.688	284.946	0.1861561
6272	7284.486	284.688	284.946	0.1861635
6273	7285.651	284.668	284.93	0.1861612
6274	7286.84	284.668	284.93	0.186176
6275	7288.008	284.649	284.914	0.1861777
6276	7289.177	284.649	284.914	0.1861709
6277	7290.345	284.633	284.897	0.1861921
6278	7291.515	284.633	284.897	0.1861942
6279	7292.682	284.614	284.889	0.1861917
6280	7293.849	284.614	284.889	0.1861915
6281	7295.019	284.597	284.866	0.1861841
6282	7296.19	284.597	284.866	0.1861799
6283	7297.354	284.579	284.849	0.1861847
6284	7298.523	284.579	284.849	0.1861899
6285	7299.708	284.561	284.832	0.1861871
6286	7300.908	284.561	284.832	0.1862087
6287	7302.075	284.547	284.816	0.1862072
6288	7303.24	284.547	284.816	0.186213
6289	7304.442	284.532	284.799	0.1862369
6290	7305.593	284.532	284.799	0.1862276
6291	7306.775	284.509	284.783	0.1862355
6292	7307.943	284.509	284.783	0.1862398
6293	7309.125	284.494	284.766	0.1862326
6294	7310.31	284.494	284.766	0.1862366
6295	7311.461	284.473	284.742	0.1862344
6296	7312.614	284.473	284.742	0.1862492
6297	7313.766	284.458	284.725	0.1862417
6298	7314.916	284.458	284.725	0.1862345
6299	7316.067	284.441	284.709	0.1862457
6300	7317.22	284.441	284.709	0.1862313
6301	7318.386	284.425	284.693	0.1862338
6302	7319.539	284.425	284.693	0.1862247
6303	7320.694	284.408	284.677	0.1862348
6304	7321.877	284.408	284.677	0.186236
6305	7323.061	284.391	284.66	0.1862267
6306	7324.245	284.391	284.66	0.1862237
6307	7325.397	284.376	284.644	0.1862185
6308	7326.55	284.376	284.644	0.1862274
6309	7327.707	284.359	284.628	0.1862372
6310	7328.871	284.359	284.628	0.1862292
6311	7330.023	284.342	284.613	0.1862222
6312	7331.218	284.342	284.613	0.1862282
6313	7332.371	284.326	284.596	0.1862444
6314	7333.538	284.326	284.596	0.1862285
6315	7334.694	284.311	284.58	0.1862583
6316	7335.928	284.296	284.564	0.1862522
6317	7337.093	284.296	284.564	0.1862532
6318	7338.273	284.325	284.548	0.1862616
6319	7339.454	284.325	284.548	0.1862504
6320	7340.608	284.424	284.532	0.1862589
6321	7341.76	284.424	284.532	0.1862569
6322	7342.912	284.543	284.517	0.1862667
6323	7344.098	284.543	284.517	0.1862467
6324	7345.264	284.687	284.504	0.1862479
6325	7346.42	284.687	284.504	0.1862561
6326	7347.574	284.809	284.496	0.1862535
6327	7348.761	284.809	284.496	0.1862502
6328	7349.926	284.933	284.494	0.1862715
6329	7351.08	284.933	284.494	0.1862448
6330	7352.25	285.052	284.497	0.1862538
6331	7353.436	285.052	284.497	0.1862546
6332	7354.588	285.171	284.509	0.1862455
6333	7355.744	285.171	284.509	0.1862469
6334	7356.9	285.285	284.527	0.1862477
6335	7358.085	285.285	284.527	0.186248
6336	7359.236	285.397	284.552	0.1862506
6337	7360.4	285.397	284.552	0.1862494
6338	7361.555	285.511	284.583	0.18623
6339	7362.747	285.511	284.583	0.1862437
6340	7363.911	285.621	284.619	0.1862407
6341	7365.07	285.621	284.619	0.1862301
6342	7366.228	285.728	284.66	0.1862291
6343	7367.381	285.728	284.66	0.1862212
6344	7368.546	285.792	284.706	0.186225
6345	7369.711	285.792	284.706	0.1862095
6346	7370.866	285.783	284.756	0.1862001
6347	7372.018	285.783	284.756	0.1861981
6348	7373.173	285.752	284.809	0.1862003
6349	7374.325	285.752	284.809	0.1861909
6350	7375.479	285.715	284.864	0.18619
6351	7376.644	285.715	284.864	0.1861893
6352	7377.797	285.679	284.919	0.1861878
6353	7378.951	285.679	284.919	0.1861718
6354	7380.115	285.638	284.97	0.1861643
6355	7381.272	285.638	284.97	0.1861635
6356	7382.423	285.602	285.016	0.1861735
6357	7383.609	285.602	285.016	0.1861732
6358	7384.763	285.57	285.058	0.1861778
6359	7385.917	285.57	285.058	0.1861604
6360	7387.07	285.538	285.095	0.1861542
6361	7388.252	285.538	285.095	0.1861751
6362	7389.411	285.509	285.128	0.1861468
6363	7390.564	285.509	285.128	0.1861526
6364	7391.721	285.481	285.157	0.1861321
6365	7392.875	285.481	285.157	0.1861335
6366	7394.041	285.455	285.181	0.1861483
6367	7395.205	285.455	285.181	0.1861354
6368	7396.356	285.428	285.201	0.186127
6369	7397.509	285.428	285.201	0.1861256
6370	7398.662	285.403	285.218	0.1861265
6371	7399.829	285.403	285.218	0.1861377
6372	7400.994	285.379	285.232	0.1861565
6373	7402.164	285.379	285.232	0.1861496
6374	7403.316	285.355	285.244	0.1861397
6375	7404.469	285.355	285.244	0.1861383
6376	7405.632	285.333	285.253	0.1861356
6377	7406.788	285.333	285.253	0.18612
6378	7407.953	285.31	285.26	0.1861173
6379	7409.117	285.31	285.26	0.1861392
6380	7410.271	285.289	285.264	0.1861256
6381	7411.424	285.289	285.264	0.1861312
6382	7412.591	285.264	285.268	0.1861297
6383	7413.756	285.264	285.268	0.1861379
6384	7414.912	285.244	285.268	0.1861518
6385	7416.077	285.244	285.268	0.1861508
6386	7417.23	285.225	285.268	0.186146
6387	7418.392	285.225	285.268	0.18613
6388	7419.548	285.204	285.266	0.1861367
6389	7420.702	285.204	285.266	0.186147
6390	7421.868	285.185	285.262	0.1861412
6391	7423.082	285.167	285.258	0.1861463
6392	7424.266	285.167	285.258	0.1861473
6393	7425.432	285.149	285.252	0.1861231
6394	7426.584	285.149	285.252	0.1861338
6395	7427.748	285.129	285.249	0.1861284
6396	7428.901	285.129	285.249	0.1861335
6397	7430.057	285.112	285.239	0.1861441
6398	7431.209	285.112	285.239	0.1861461
6399	7432.376	285.094	285.231	0.1861421
6400	7433.544	285.094	285.231	0.1861505
6401	7434.7	285.078	285.223	0.1861414
6402	7435.856	285.078	285.223	0.1861563
6403	7437.023	285.06	285.214	0.1861516
6404	7438.203	285.06	285.214	0.1861638
6405	7439.359	285.044	285.205	0.1861766
6406	7440.512	285.044	285.205	0.1861722
6407	7441.678	285.028	285.196	0.1861739
6408	7442.831	285.028	285.196	0.1861578
6409	7443.982	285.011	285.185	0.1861798
6410	7445.14	285.011	285.185	0.1861632
6411	7446.324	284.992	285.175	0.1861806
6412	7447.472	284.992	285.175	0.1861648
6413	7448.634	284.976	285.164	0.1861734
6414	7449.786	284.976	285.164	0.1861523
6415	7450.951	284.961	285.152	0.1861524
6416	7452.119	284.961	285.152	0.1861516
6417	7453.285	284.946	285.141	0.1861448
6418	7454.453	284.946	285.141	0.186157
6419	7455.619	284.928	285.129	0.1861519
6420	7456.77	284.928	285.129	0.1861485
6421	7457.925	284.913	285.116	0.1861553
6422	7459.089	284.913	285.116	0.1861521
6423	7460.273	284.899	285.105	0.1861732
6424	7461.427	284.899	285.105	0.1861623
6425	7462.592	284.884	285.092	0.1861679
6426	7463.745	284.884	285.092	0.1861587
6427	7464.912	284.869	285.08	0.1861629
6428	7466.078	284.869	285.08	0.1861619
6429	7467.233	284.855	285.067	0.1861715
6430	7468.4	284.855	285.067	0.1861724
6431	7469.565	284.841	285.055	0.1861833
6432	7470.718	284.841	285.055	0.1861868
6433	7471.882	284.825	285.042	0.1861719
6434	7473.035	284.825	285.042	0.1862076
6435	7474.217	284.81	285.036	0.1862009
6436	7475.381	284.81	285.036	0.1861989
6437	7476.537	284.795	285.016	0.1862051
6438	7477.701	284.795	285.016	0.1862027
6439	7478.854	284.78	285.003	0.186203
6440	7480.011	284.78	285.003	0.1862024
6441	7481.176	284.766	284.991	0.1862106
6442	7482.342	284.766	284.991	0.1861968
6443	7483.495	284.752	284.978	0.1862054
6444	7484.662	284.752	284.978	0.1861989
6445	7485.816	284.74	284.965	0.1861974
6446	7486.968	284.74	284.965	0.1861804
6447	7488.12	284.725	284.952	0.1861706
6448	7489.277	284.725	284.952	0.1861594
6449	7490.442	284.709	284.939	0.1861819
6450	7491.596	284.709	284.939	0.1861765
6451	7492.764	284.696	284.926	0.1861845
6452	7493.919	284.696	284.926	0.1861733
6453	7495.074	284.684	284.913	0.1861763
6454	7496.242	284.684	284.913	0.1861869
6455	7497.408	284.67	284.9	0.1861778
6456	7498.565	284.67	284.9	0.1861764
6457	7499.73	284.658	284.888	0.1861861
6458	7500.884	284.658	284.888	0.1861802
6459	7502.04	284.644	284.875	0.186206
6460	7503.206	284.644	284.875	0.1861936
6461	7504.372	284.633	284.862	0.1861984
6462	7505.536	284.633	284.862	0.186185
6463	7506.691	284.618	284.85	0.1861991
6464	7507.847	284.618	284.85	0.1861872
6465	7509.001	284.607	284.837	0.1861859
6466	7510.231	284.593	284.825	0.1861894
6467	7511.385	284.593	284.825	0.1862133
6468	7512.57	284.578	284.805	0.1862134
6469	7513.738	284.578	284.805	0.1861963
6470	7514.906	284.569	284.793	0.1862054
6471	7516.06	284.569	284.793	0.1862017
6472	7517.216	284.554	284.781	0.1862106
6473	7518.375	284.554	284.781	0.1861863
6474	7519.529	284.54	284.768	0.1861903
6475	7520.697	284.54	284.768	0.1861968
6476	7521.852	284.529	284.755	0.1861988
6477	7523.009	284.529	284.755	0.1861997
6478	7524.186	284.517	284.743	0.1861844
6479	7525.341	284.517	284.743	0.1861904
6480	7526.493	284.503	284.73	0.1861905
6481	7527.653	284.503	284.73	0.1861908
6482	7528.82	284.493	284.719	0.1861818
6483	7529.986	284.493	284.719	0.1862026
6484	7531.152	284.48	284.706	0.1861955
6485	7532.332	284.48	284.706	0.186195
6486	7533.485	284.467	284.694	0.1861979
6487	7534.641	284.467	284.694	0.1861999
6488	7535.805	284.456	284.682	0.1862101
6489	7536.958	284.456	284.682	0.1862082
6490	7538.108	284.444	284.67	0.1862223
6491	7539.276	284.444	284.67	0.1862152
6492	7540.432	284.433	284.658	0.1862023
6493	7541.599	284.433	284.658	0.1862026
6494	7542.75	284.421	284.645	0.1862074
6495	7543.903	284.421	284.645	0.1862192
6496	7545.07	284.41	284.634	0.1862317
6497	7546.254	284.41	284.634	0.1862584
6498	7547.411	284.398	284.622	0.186265
6499	7548.578	284.398	284.622	0.1862614
6500	7549.745	284.384	284.61	0.1862466
6501	7550.898	284.384	284.61	0.1862462
6502	7552.048	284.373	284.599	0.18625
6503	7553.215	284.373	284.599	0.1862262
6504	7554.382	284.362	284.586	0.1862332
6505	7555.548	284.362	284.586	0.1862552
6506	7556.699	284.35	284.574	0.1862526
6507	7557.885	284.35	284.574	0.1862437
6508	7559.052	284.338	284.563	0.1862316
6509	7560.235	284.338	284.563	0.186234
6510	7561.388	284.332	284.551	0.1862316
6511	7562.541	284.332	284.551	0.1862486
6512	7563.696	284.317	284.54	0.1862261
6513	7564.86	284.317	284.54	0.1862242
6514	7566.027	284.307	284.528	0.1862507
6515	7567.194	284.307	284.528	0.1862219
6516	7568.391	284.295	284.517	0.186229
6517	7569.541	284.295	284.517	0.1862329
6518	7570.707	284.329	284.506	0.1862382
6519	7571.87	284.329	284.506	0.1862312
6520	7573.034	284.43	284.494	0.1862316
6521	7574.188	284.43	284.494	0.1862437
6522	7575.353	284.557	284.483	0.1862499
6523	7576.506	284.557	284.483	0.1862624
6524	7577.669	284.686	284.475	0.1862261
6525	7578.823	284.686	284.475	0.1862408
6526	7579.977	284.814	284.47	0.1862452
6527	7581.144	284.814	284.47	0.1862422
6528	7582.33	284.963	284.47	0.1862446
6529	7583.522	284.963	284.47	0.1862537
6530	7584.689	285.085	284.478	0.1862346
6531	7585.908	285.209	284.493	0.186229
6532	7587.072	285.209	284.493	0.186246
6533	7588.223	285.328	284.514	0.1862433
6534	7589.394	285.328	284.514	0.1862356
6535	7590.562	285.446	284.542	0.1862371
6536	7591.729	285.446	284.542	0.1862343
6537	7592.9	285.561	284.577	0.1862311
6538	7594.069	285.561	284.577	0.1862358
6539	7595.235	285.677	284.617	0.1862234
6540	7596.401	285.677	284.617	0.1862157
6541	7597.569	285.781	284.661	0.1862151
6542	7598.738	285.781	284.661	0.1862099
6543	7599.903	285.805	284.71	0.1862151
6544	7601.071	285.805	284.71	0.1862075
6545	7602.257	285.786	284.764	0.1862005
6546	7603.424	285.786	284.764	0.1861925
6547	7604.592	285.756	284.82	0.1861724
6548	7605.759	285.756	284.82	0.1861746
6549	7606.926	285.726	284.878	0.1861625
6550	7608.092	285.726	284.878	0.1861463
6551	7609.258	285.695	284.934	0.1861492
6552	7610.426	285.695	284.934	0.1861481
6553	7611.581	285.663	284.987	0.1861497
6554	7612.749	285.663	284.987	0.186102
6555	7613.912	285.633	285.058	0.1861233
6556	7615.079	285.633	285.058	0.1861441
6557	7616.277	285.603	285.099	0.1861395
6558	7617.448	285.603	285.099	0.1861391
6559	7618.618	285.578	285.137	0.1861543
6560	7619.793	285.578	285.137	0.1861187
6561	7620.961	285.554	285.169	0.1861289
6562	7622.133	285.554	285.169	0.1861181
6563	7623.296	285.53	285.198	0.1861033
6564	7624.492	285.53	285.198	0.18608
6565	7625.655	285.511	285.223	0.1861134
6566	7626.822	285.511	285.223	0.1861179
6567	7627.989	285.488	285.245	0.1860878
6568	7629.155	285.488	285.245	0.1860847
6569	7630.334	285.468	285.264	0.186095
6570	7631.498	285.468	285.264	0.1860868
6571	7632.668	285.448	285.28	0.1860946
6572	7633.834	285.448	285.28	0.1861076
6573	7635.004	285.429	285.293	0.1861093
6574	7636.182	285.429	285.293	0.1860902
6575	7637.335	285.416	285.304	0.186093
6576	7638.488	285.416	285.304	0.1860876
6577	7639.643	285.395	285.312	0.1860867
6578	7640.796	285.395	285.312	0.1860935
6579	7641.949	285.378	285.32	0.1860951
6580	7643.101	285.378	285.32	0.1860667
6581	7644.251	285.363	285.325	0.1860677
6582	7645.406	285.363	285.325	0.1860696
6583	7646.555	285.345	285.329	0.1860614
6584	7647.708	285.345	285.329	0.1860587
6585	7648.859	285.329	285.332	0.1860812
6586	7650.028	285.329	285.332	0.1860802
6587	7651.179	285.314	285.334	0.1860742
6588	7652.422	285.299	285.333	0.1860706
6589	7653.57	285.299	285.333	0.1860766
6590	7654.722	285.285	285.333	0.1860838
6591	7655.877	285.285	285.333	0.1860709
6592	7657.028	285.272	285.331	0.1860765
6593	7658.179	285.272	285.331	0.1860585
6594	7659.331	285.257	285.329	0.1860709
6595	7660.477	285.257	285.329	0.1860683
6596	7661.615	285.245	285.325	0.1860588
6597	7662.769	285.245	285.325	0.186067
6598	7663.917	285.234	285.322	0.1860714
6599	7665.073	285.234	285.322	0.1860735
6600	7666.234	285.22	285.317	0.1860825
6601	7667.386	285.22	285.317	0.1860663
6602	7668.535	285.206	285.313	0.1860721
6603	7669.686	285.206	285.313	0.1860651
6604	7670.837	285.194	285.307	0.1860656
6605	7671.99	285.194	285.307	0.1860967
6606	7673.14	285.181	285.3	0.1860768
6607	7674.319	285.181	285.3	0.1860795
6608	7675.466	285.171	285.294	0.1860899
6609	7676.621	285.171	285.294	0.1860927
6610	7677.767	285.159	285.287	0.1860957
6611	7678.923	285.159	285.287	0.1860911
6612	7680.073	285.146	285.281	0.1861131
6613	7681.225	285.146	285.281	0.1860905
6614	7682.378	285.133	285.274	0.1860973
6615	7683.531	285.133	285.274	0.186098
6616	7684.681	285.123	285.267	0.1860919
6617	7685.835	285.123	285.267	0.1860973
6618	7686.989	285.111	285.26	0.1861015
6619	7688.137	285.111	285.26	0.1860844
6620	7689.289	285.1	285.253	0.1860839
6621	7690.442	285.1	285.253	0.186103
6622	7691.592	285.09	285.245	0.1860918
6623	7692.746	285.09	285.245	0.1861069
6624	7693.898	285.079	285.237	0.1861014
6625	7695.05	285.079	285.237	0.1861073
6626	7696.201	285.067	285.229	0.186105
6627	7697.349	285.067	285.229	0.1861223
6628	7698.488	285.058	285.221	0.1861149
6629	7699.638	285.058	285.221	0.1861201
6630	7700.79	285.047	285.216	0.1860968
6631	7701.938	285.047	285.216	0.1861082
6632	7703.086	285.038	285.203	0.186121
6633	7704.263	285.038	285.203	0.1861292
6634	7705.412	285.025	285.194	0.1861397
6635	7706.566	285.025	285.194	0.1861599
6636	7707.712	285.018	285.185	0.1861556
6637	7708.87	285.018	285.185	0.1861446
6638	7710.017	285.007	285.176	0.1861296
6639	7711.169	285.007	285.176	0.1861504
6640	7712.35	284.998	285.168	0.1861478
6641	7713.502	284.998	285.168	0.1861509
6642	7714.657	284.984	285.154	0.18614
6643	7715.807	284.984	285.154	0.186126
6644	7716.957	284.975	285.144	0.1861333
6645	7718.108	284.975	285.144	0.1861338
6646	7719.256	284.967	285.137	0.18613
6647	7720.406	284.967	285.137	0.1861416
6648	7721.555	284.957	285.128	0.1861177
6649	7722.703	284.957	285.128	0.1861205
6650	7723.856	284.946	285.119	0.1861211
6651	7725.008	284.946	285.119	0.1861329
6652	7726.163	284.937	285.11	0.1861331
6653	7727.313	284.937	285.11	0.1861392
6654	7728.463	284.929	285.101	0.1861331
6655	7729.609	284.929	285.101	0.1861266
6656	7730.76	284.92	285.092	0.1861119
6657	7731.91	284.92	285.092	0.1861089
6658	7733.064	284.91	285.083	0.1861145
6659	7734.242	284.91	285.083	0.186119
6660	7735.391	284.901	285.075	0.186119
6661	7736.544	284.901	285.075	0.1861106
6662	7737.695	284.892	285.066	0.1861298
6663	7738.848	284.892	285.066	0.1861375
6664	7739.998	284.882	285.057	0.1861287
6665	7741.149	284.882	285.057	0.1861217
6666	7742.303	284.874	285.048	0.1861238
6667	7743.454	284.874	285.048	0.1861171
6668	7744.607	284.867	285.04	0.1861284
6669	7745.759	284.867	285.04	0.1861226
6670	7746.913	284.855	285.032	0.1861261
6671	7748.062	284.855	285.032	0.1861491
6672	7749.213	284.847	285.023	0.1861303
6673	7750.363	284.847	285.023	0.1861384
6674	7751.511	284.838	285.015	0.1861282
6675	7752.658	284.838	285.015	0.1861262
6676	7753.812	284.831	285.006	0.1861272
6677	7754.963	284.831	285.006	0.1861309
6678	7756.112	284.821	284.998	0.1861335
6679	7757.264	284.821	284.998	0.1861374
6680	7758.416	284.813	284.99	0.1861196
6681	7759.566	284.813	284.99	0.1861535
6682	7760.712	284.807	284.981	0.1861331
6683	7761.859	284.807	284.981	0.1861394
6684	7763.011	284.798	284.973	0.1861394
6685	7764.16	284.798	284.973	0.1861487
6686	7765.313	284.79	284.964	0.1861714
6687	7766.461	284.79	284.964	0.1861699
6688	7767.608	284.781	284.957	0.1861591
6689	7768.758	284.781	284.957	0.1861589
6690	7769.905	284.773	284.948	0.1861573
6691	7771.058	284.773	284.948	0.1861472
6692	7772.207	284.765	284.941	0.1861562
6693	7773.357	284.765	284.941	0.1861637
6694	7774.509	284.757	284.933	0.1861647
6695	7775.664	284.757	284.933	0.1861631
6696	7776.815	284.751	284.924	0.1861682
6697	7778.0	284.751	284.924	0.1861704
6698	7779.154	284.743	284.916	0.1861566
6699	7780.333	284.743	284.916	0.1861739
6700	7781.48	284.734	284.909	0.1861567
6701	7782.636	284.734	284.909	0.1861728
6702	7783.787	284.725	284.901	0.1861644
6703	7784.935	284.725	284.901	0.1861591
6704	7786.086	284.718	284.893	0.1861663
6705	7787.241	284.718	284.893	0.1861726
6706	7788.394	284.711	284.885	0.1861659
6707	7789.548	284.711	284.885	0.1861748
6708	7790.696	284.705	284.877	0.1861736
6709	7791.848	284.705	284.877	0.1861625
6710	7793.0	284.697	284.869	0.1861702
6711	7794.15	284.697	284.869	0.1861878
6712	7795.299	284.689	284.862	0.1861921
6713	7796.448	284.689	284.862	0.1861877
6714	7797.6	284.683	284.854	0.1861858
6715	7798.771	284.683	284.854	0.1861815
6716	7799.924	284.676	284.847	0.1861814
6717	7801.073	284.676	284.847	0.1861761
6718	7802.249	284.667	284.839	0.1861829
6719	7803.4	284.667	284.839	0.1861783
6720	7804.552	284.661	284.831	0.1861809
6721	7805.707	284.661	284.831	0.1861893
6722	7806.857	284.654	284.825	0.186174
6723	7808.006	284.654	284.825	0.1861895
6724	7809.156	284.648	284.817	0.1861804
6725	7810.309	284.648	284.817	0.1861913
6726	7811.462	284.642	284.81	0.186186
6727	7812.617	284.642	284.81	0.1861833
6728	7813.772	284.633	284.798	0.1862084
6729	7814.922	284.633	284.798	0.1862122
6730	7816.078	284.627	284.791	0.1861964
6731	7817.231	284.627	284.791	0.1862011
6732	7818.381	284.621	284.785	0.1862037
6733	7819.531	284.621	284.785	0.1861959
6734	7820.685	284.614	284.778	0.1861941
6735	7821.825	284.614	284.778	0.1862164
6736	7822.977	284.608	284.771	0.1862049
6737	7824.132	284.608	284.771	0.1862012
6738	7825.286	284.601	284.764	0.1862069
6739	7826.44	284.601	284.764	0.1861841
6740	7827.59	284.595	284.757	0.1861958
6741	7828.744	284.595	284.757	0.1862148
6742	7829.884	284.588	284.75	0.1862195
6743	7831.037	284.588	284.75	0.1862194
6744	7832.188	284.583	284.743	0.1862249
6745	7833.344	284.583	284.743	0.1862175
6746	7834.5	284.576	284.736	0.186221
6747	7835.653	284.576	284.736	0.1862272
6748	7836.793	284.569	284.733	0.1862328
6749	7837.942	284.569	284.733	0.1862276
6750	7839.098	284.564	284.723	0.1862291
6751	7840.282	284.564	284.723	0.1862223
6752	7841.436	284.558	284.716	0.186219
6753	7842.589	284.558	284.716	0.1862297
6754	7843.743	284.55	284.71	0.186222
6755	7844.896	284.55	284.71	0.1862213
6756	7846.078	284.544	284.703	0.1862361
6757	7847.232	284.544	284.703	0.1862345
6758	7848.388	284.539	284.696	0.1862412
6759	7849.541	284.539	284.696	0.1862257
6760	7850.699	284.534	284.69	0.1862309
6761	7851.854	284.534	284.69	0.1862369
6762	7853.005	284.527	284.685	0.1862322
6763	7854.156	284.527	284.685	0.1862322
6764	7855.312	284.522	284.679	0.1862236
6765	7856.534	284.515	284.672	0.1862264
6766	7857.684	284.515	284.672	0.1862421
6767	7858.836	284.51	284.666	0.18624
6768	7859.991	284.51	284.666	0.1862279
6769	7861.14	284.505	284.661	0.1862516
6770	7862.297	284.505	284.661	0.1862469
6771	7863.451	284.499	284.655	0.186237
6772	7864.606	284.499	284.655	0.1862419
6773	7865.759	284.495	284.649	0.1862285
6774	7866.911	284.495	284.649	0.1862467
6775	7868.066	284.491	284.642	0.1862407
6776	7869.216	284.491	284.642	0.1862334
6777	7870.369	284.485	284.636	0.1862381
6778	7871.522	284.485	284.636	0.1862475
6779	7872.676	284.478	284.63	0.1862634
6780	7873.829	284.478	284.63	0.1862533
6781	7874.985	284.473	284.624	0.1862548
6782	7876.138	284.473	284.624	0.1862471
6783	7877.287	284.468	284.619	0.1862483
6784	7878.441	284.468	284.619	0.1862451
6785	7879.592	284.463	284.613	0.1862436
6786	7880.745	284.463	284.613	0.1862575
6787	7881.896	284.457	284.611	0.1862532
6788	7883.052	284.457	284.611	0.1862555
6789	7884.208	284.453	284.602	0.1862491
6790	7885.365	284.453	284.602	0.1862557
6791	7886.518	284.447	284.597	0.1862648
6792	7887.672	284.447	284.597	0.1862446
6793	7888.823	284.442	284.592	0.1862527
6794	7889.978	284.442	284.592	0.186258
6795	7891.131	284.437	284.586	0.186262
6796	7892.3	284.437	284.586	0.186263
6797	7893.452	284.434	284.579	0.1862604
6798	7894.604	284.434	284.579	0.1862747
6799	7895.758	284.428	284.574	0.1862853
6800	7896.9	284.428	284.574	0.1862744
6801	7898.051	284.423	284.569	0.186285
6802	7899.208	284.423	284.569	0.18629
6803	7900.36	284.42	284.563	0.1862879
6804	7901.514	284.42	284.563	0.186292
6805	7902.668	284.416	284.559	0.1863023
6806	7903.819	284.416	284.559	0.1862939
6807	7904.976	284.411	284.553	0.1862833
6808	7906.136	284.411	284.553	0.1863006
6809	7907.318	284.406	284.548	0.1862812
6810	7908.471	284.406	284.548	0.1862703
6811	7909.626	284.402	284.543	0.1862795
6812	7910.78	284.402	284.543	0.1862778
6813	7911.932	284.399	284.536	0.1862837
6814	7913.086	284.399	284.536	0.1862678
6815	7914.271	284.393	284.531	0.186266
6816	7915.424	284.393	284.531	0.1862774
6817	7916.58	284.389	284.526	0.1862788
6818	7917.734	284.389	284.526	0.1862729
6819	7918.889	284.384	284.521	0.1862705
6820	7920.042	284.384	284.521	0.1862757
6821	7921.196	284.381	284.517	0.1862741
6822	7922.352	284.381	284.517	0.1862835
6823	7923.506	284.376	284.512	0.186287
6824	7924.658	284.376	284.512	0.1862901
6825	7925.814	284.372	284.508	0.1862806
6826	7926.968	284.372	284.508	0.1862716
6827	7928.153	284.369	284.503	0.1862775
6828	7929.311	284.369	284.503	0.1862786
6829	7930.466	284.365	284.499	0.1862801
6830	7931.621	284.365	284.499	0.1862773
6831	7932.775	284.361	284.494	0.1862877
6832	7933.929	284.361	284.494	0.1862854
6833	7935.086	284.358	284.49	0.1862969
6834	7936.24	284.358	284.49	0.1862905
6835	7937.394	284.354	284.485	0.1862804
6836	7938.552	284.354	284.485	0.1862908
6837	7939.706	284.349	284.481	0.1862913
6838	7940.859	284.349	284.481	0.1862824
6839	7942.014	284.346	284.477	0.1862876
6840	7943.166	284.346	284.477	0.1862867
6841	7944.32	284.343	284.472	0.1862851
6842	7945.473	284.343	284.472	0.1862791
6843	7946.629	284.338	284.469	0.186282
6844	7947.78	284.338	284.469	0.1862862
6845	7948.935	284.335	284.464	0.1862825
6846	7950.089	284.335	284.464	0.1862939
6847	7951.245	284.33	284.46	0.1862961
6848	7952.398	284.33	284.46	0.1862916
6849	7953.552	284.327	284.457	0.1862931
6850	7954.706	284.327	284.457	0.1862978
6851	7955.86	284.326	284.452	0.1862894
6852	7957.014	284.326	284.452	0.1862798
6853	7958.169	284.322	284.449	0.1862867
6854	7959.321	284.322	284.449	0.1862985
6855	7960.477	284.318	284.444	0.1863018
6856	7961.631	284.318	284.444	0.1862942
6857	7962.783	284.315	284.44	0.1863165
6858	7963.938	284.315	284.44	0.1862856
6859	7965.093	284.311	284.436	0.1862744
6860	7966.274	284.311	284.436	0.1862867
6861	7967.426	284.309	284.433	0.1862875
6862	7968.581	284.309	284.433	0.1863161
6863	7969.737	284.307	284.429	0.1862832
6864	7970.893	284.307	284.429	0.186301
6865	7972.047	284.302	284.425	0.1863008
6866	7973.204	284.302	284.425	0.1863079
6867	7974.359	284.298	284.422	0.1862988
6868	7975.51	284.298	284.422	0.1862924
6869	7976.663	284.341	284.418	0.1862881
6870	7977.814	284.341	284.418	0.1862904
6871	7978.966	284.474	284.415	0.1862857
6872	7980.12	284.474	284.415	0.1862917
6873	7981.276	284.609	284.412	0.1862917
6874	7982.427	284.609	284.412	0.1862976
6875	7983.578	284.746	284.41	0.1862992
6876	7984.731	284.746	284.41	0.1862898
6877	7985.882	284.883	284.413	0.1862877
6878	7987.035	284.883	284.413	0.186298
6879	7988.189	285.017	284.422	0.1862861
6880	7989.343	285.017	284.422	0.186295
6881	7990.494	285.148	284.437	0.1862841
6882	7991.645	285.148	284.437	0.1862811
6883	7992.795	285.279	284.46	0.1862847
6884	7993.949	285.279	284.46	0.1862809
6885	7995.102	285.405	284.489	0.1862658
6886	7996.254	285.405	284.489	0.1862689
6887	7997.406	285.53	284.526	0.1862608
6888	7998.561	285.53	284.526	0.1862555
6889	7999.715	285.654	284.568	0.1862495
6890	8000.87	285.654	284.568	0.1862453
6891	8002.021	285.773	284.614	0.1862485
6892	8003.175	285.773	284.614	0.1862335
6893	8004.33	285.821	284.668	0.1862524
6894	8005.486	285.821	284.668	0.1862401
6895	8006.634	285.813	284.725	0.1862325
6896	8007.789	285.813	284.725	0.186235
6897	8008.939	285.794	284.786	0.1862381
6898	8010.193	285.769	284.848	0.1862214
6899	8011.344	285.769	284.848	0.1862279
6900	8012.494	285.743	284.938	0.1862305
6901	8013.649	285.743	284.938	0.1862369
6902	8014.799	285.718	284.995	0.1862065
6903	8015.952	285.718	284.995	0.1862055
6904	8017.103	285.699	285.022	0.1861894
6905	8018.286	285.699	285.022	0.186173
6906	8019.437	285.68	285.094	0.1861674
6907	8020.59	285.68	285.094	0.1861751
6908	8021.744	285.662	285.138	0.1861715
6909	8022.896	285.662	285.138	0.186185
6910	8024.049	285.645	285.178	0.1861732
6911	8025.206	285.645	285.178	0.1861584
6912	8026.358	285.629	285.213	0.1861414
6913	8027.509	285.629	285.213	0.1861489
6914	8028.658	285.616	285.244	0.1861455
6915	8029.814	285.616	285.244	0.1861657
6916	8030.964	285.602	285.273	0.1861587
6917	8032.115	285.602	285.273	0.1861389
6918	8033.274	285.591	285.298	0.1861404
6919	8034.426	285.591	285.298	0.1861541
6920	8035.581	285.576	285.321	0.1861398
6921	8036.736	285.576	285.321	0.1861348
6922	8037.888	285.566	285.341	0.1861443
6923	8039.039	285.566	285.341	0.1861469
6924	8040.192	285.555	285.359	0.1861302
6925	8041.345	285.555	285.359	0.1861333
6926	8042.503	285.547	285.374	0.1861504
6927	8043.66	285.547	285.374	0.1861532
6928	8044.809	285.536	285.388	0.1861413
6929	8045.995	285.536	285.388	0.1861372
6930	8047.146	285.526	285.401	0.1861403
6931	8048.328	285.526	285.401	0.1861131
6932	8049.478	285.519	285.412	0.1861284
6933	8050.632	285.519	285.412	0.1861364
6934	8051.784	285.51	285.421	0.1861424
6935	8052.936	285.51	285.421	0.1861413
6936	8054.086	285.503	285.43	0.18616
6937	8055.239	285.503	285.43	0.1861465
6938	8056.392	285.496	285.436	0.1861266
6939	8057.545	285.496	285.436	0.1861538
6940	8058.695	285.488	285.442	0.1861271
6941	8059.845	285.488	285.442	0.1861402
6942	8060.997	285.481	285.448	0.186148
6943	8062.147	285.481	285.448	0.1861543
6944	8063.297	285.473	285.45	0.1861321
6945	8064.449	285.473	285.45	0.1861326
6946	8065.603	285.468	285.457	0.1861198
6947	8066.753	285.468	285.457	0.1861394
6948	8067.903	285.463	285.46	0.1861317
6949	8069.053	285.463	285.46	0.186131
6950	8070.205	285.456	285.462	0.1861446
6951	8071.358	285.456	285.462	0.1861385
6952	8072.509	285.452	285.465	0.1861339
6953	8073.662	285.452	285.465	0.1861277
6954	8074.817	285.446	285.466	0.186161
6955	8075.969	285.446	285.466	0.1861598
6956	8077.121	285.439	285.468	0.1861572
6957	8078.289	285.439	285.468	0.1861492
6958	8079.441	285.435	285.468	0.1861786
6959	8080.591	285.435	285.468	0.1861565
6960	8081.741	285.43	285.469	0.1861625
6961	8082.892	285.43	285.469	0.1861744
6962	8084.057	285.425	285.468	0.1861733
6963	8085.226	285.425	285.468	0.1861726
6964	8086.391	285.419	285.468	0.1861669
6965	8087.56	285.419	285.468	0.1861768
6966	8088.727	285.416	285.467	0.1861704
6967	8089.896	285.416	285.467	0.1861646
6968	8091.062	285.411	285.467	0.1861616
6969	8092.232	285.411	285.467	0.1861658
6970	8093.397	285.407	285.467	0.1861635
6971	8094.565	285.407	285.467	0.1861666
6972	8095.719	285.403	285.466	0.1861502
6973	8096.882	285.403	285.466	0.1861733
6974	8098.048	285.398	285.465	0.1861707
6975	8099.215	285.398	285.465	0.1861592
6976	8100.384	285.393	285.464	0.1861582
6977	8101.552	285.393	285.464	0.1861606
6978	8102.721	285.391	285.462	0.1861595
6979	8103.886	285.391	285.462	0.1861673
6980	8105.053	285.387	285.461	0.18615
6981	8106.221	285.387	285.461	0.1861476
6982	8107.388	285.383	285.459	0.186117
6983	8108.556	285.383	285.459	0.1861486
6984	8109.723	285.38	285.458	0.1861459
6985	8110.89	285.38	285.458	0.1861503
6986	8112.057	285.376	285.454	0.1861625
6987	8113.224	285.376	285.454	0.1861586
6988	8114.389	285.372	285.451	0.186139
6989	8115.558	285.372	285.451	0.1861444
6990	8116.722	285.368	285.449	0.186144
6991	8117.888	285.368	285.449	0.1861408
6992	8119.056	285.364	285.447	0.1861691
6993	8120.277	285.36	285.445	0.1861473
6994	8121.435	285.36	285.445	0.1861496
6995	8122.602	285.357	285.442	0.1861573
6996	8123.77	285.357	285.442	0.1861541
6997	8124.937	285.356	285.44	0.1861659
6998	8126.106	285.356	285.44	0.1861679
6999	8127.273	285.352	285.438	0.1861646
7000	8128.443	285.352	285.438	0.1861697
7001	8129.61	285.349	285.436	0.1861535
7002	8130.779	285.349	285.436	0.1861619
7003	8131.946	285.345	285.434	0.1861607
7004	8133.132	285.345	285.434	0.1861649
7005	8134.298	285.343	285.431	0.1861696
7006	8135.463	285.343	285.431	0.1861691
7007	8136.628	285.339	285.429	0.1861673
7008	8137.794	285.339	285.429	0.1861662
7009	8138.957	285.335	285.426	0.1861768
7010	8140.124	285.335	285.426	0.186169
7011	8141.288	285.334	285.424	0.18618
7012	8142.454	285.334	285.424	0.1861706
7013	8143.621	285.329	285.422	0.1861812
7014	8144.79	285.329	285.422	0.1861775
7015	8145.956	285.328	285.419	0.1861887
7016	8147.127	285.328	285.419	0.1861797
7017	8148.293	285.325	285.417	0.1861779
7018	8149.457	285.325	285.417	0.1861731
7019	8150.623	285.322	285.414	0.1861749
7020	8151.774	285.322	285.414	0.1861822
7021	8152.941	285.32	285.411	0.1861874
7022	8154.109	285.32	285.411	0.186188
7023	8155.279	285.317	285.408	0.186174
7024	8156.431	285.317	285.408	0.1861739
7025	8157.593	285.314	285.407	0.1861643
7026	8158.775	285.314	285.407	0.186175
7027	8159.93	285.311	285.405	0.1861756
7028	8161.097	285.311	285.405	0.1861789
7029	8162.283	285.308	285.403	0.1861717
7030	8163.448	285.308	285.403	0.1861799
7031	8164.615	285.308	285.4	0.1861616
7032	8165.782	285.308	285.4	0.1861771
7033	8166.946	285.306	285.397	0.1861973
7034	8168.113	285.306	285.397	0.1861685
7035	8169.267	285.302	285.395	0.1861865
7036	8170.432	285.302	285.395	0.1861815
7037	8171.6	285.3	285.393	0.1861748
7038	8172.762	285.3	285.393	0.1861801
7039	8173.917	285.298	285.39	0.1861713
7040	8175.086	285.298	285.39	0.1861721
7041	8176.256	285.294	285.388	0.186173
7042	8177.426	285.294	285.388	0.1861845
7043	8178.59	285.291	285.385	0.1861777
7044	8179.758	285.291	285.385	0.1861757
7045	8180.926	285.288	285.384	0.1862024
7046	8182.09	285.288	285.384	0.1862126
7047	8183.259	285.287	285.382	0.1862039
7048	8184.494	285.284	285.379	0.1862085
7049	8185.664	285.284	285.379	0.1862054
7050	8186.832	285.283	285.377	0.1862073
7051	8187.984	285.283	285.377	0.1862044
7052	8189.151	285.281	285.375	0.1862047
7053	8190.316	285.281	285.375	0.186201
7054	8191.472	285.279	285.373	0.1861935
7055	8192.637	285.279	285.373	0.1861923
7056	8193.803	285.278	285.37	0.1861822
7057	8194.97	285.278	285.37	0.1861533
7058	8196.136	285.274	285.369	0.1861567
7059	8197.301	285.274	285.369	0.1861632
7060	8198.469	285.272	285.366	0.1861791
7061	8199.623	285.272	285.366	0.1861829
7062	8200.79	285.271	285.364	0.1861769
7063	8201.954	285.271	285.364	0.1861746
7064	8203.122	285.268	285.362	0.1861427
7065	8204.305	285.268	285.362	0.1861852
7066	8205.471	285.268	285.361	0.186189
7067	8206.638	285.268	285.361	0.1861806
7068	8207.802	285.264	285.359	0.1861841
7069	8208.969	285.264	285.359	0.1861863
7070	8210.133	285.262	285.357	0.1862003
7071	8211.3	285.262	285.357	0.1862033
7072	8212.453	285.261	285.355	0.1862052
7073	8213.623	285.261	285.355	0.1861878
7074	8214.793	285.258	285.352	0.1862073
7075	8215.96	285.258	285.352	0.1861948
7076	8217.127	285.258	285.351	0.1861866
7077	8218.292	285.258	285.351	0.1861814
7078	8219.458	285.255	285.349	0.1861937
7079	8220.627	285.255	285.349	0.186183
7080	8221.796	285.254	285.347	0.1861794
7081	8222.963	285.254	285.347	0.1861815
7082	8224.129	285.252	285.346	0.1861862
7083	8225.293	285.252	285.346	0.1861938
7084	8226.459	285.251	285.344	0.1861782
7085	8227.625	285.251	285.344	0.186165
7086	8228.789	285.248	285.342	0.1861743
7087	8229.953	285.248	285.342	0.1861681
7088	8231.125	285.246	285.34	0.1861574
7089	8232.313	285.246	285.34	0.1861538
7090	8233.478	285.246	285.338	0.1861629
7091	8234.633	285.246	285.338	0.18617
7092	8235.8	285.244	285.336	0.1861597
7093	8236.968	285.244	285.336	0.186155
7094	8238.126	285.241	285.334	0.1861592
7095	8239.29	285.241	285.334	0.1861589
7096	8240.455	285.241	285.333	0.1861619
7097	8241.624	285.241	285.333	0.1861626
7098	8242.791	285.239	285.331	0.1861646
7099	8243.953	285.239	285.331	0.18616
7100	8245.125	285.237	285.33	0.1861571
7101	8246.319	285.237	285.33	0.186167
7102	8247.486	285.235	285.328	0.1861686
7103	8248.699	285.234	285.327	0.1861698
7104	8249.864	285.234	285.327	0.1861728
7105	8251.03	285.233	285.325	0.1861676
7106	8252.182	285.233	285.325	0.1861946
7107	8253.353	285.232	285.323	0.1861811
7108	8254.52	285.232	285.323	0.1861811
7109	8255.683	285.229	285.322	0.1861748
7110	8256.847	285.229	285.322	0.1861713
7111	8258.014	285.229	285.321	0.1861691
7112	8259.182	285.229	285.321	0.1861626
7113	8260.381	285.227	285.32	0.1861582
7114	8261.538	285.227	285.32	0.1861633
7115	8262.705	285.226	285.318	0.1861563
7116	8263.872	285.226	285.318	0.1861548
7117	8265.04	285.226	285.317	0.1861642
7118	8266.203	285.226	285.317	0.1861768
7119	8267.369	285.225	285.316	0.1861772
7120	8268.537	285.225	285.316	0.1861629
7121	8269.7	285.222	285.314	0.1861677
7122	8270.868	285.222	285.314	0.1861695
7123	8272.037	285.22	285.313	0.1861767
7124	8273.198	285.22	285.313	0.186159
7125	8274.383	285.22	285.312	0.1861602
7126	8275.55	285.22	285.312	0.1861699
7127	8276.702	285.218	285.31	0.1861769
7128	8277.87	285.218	285.31	0.1861765
7129	8279.035	285.217	285.309	0.1861842
7130	8280.2	285.217	285.309	0.1861788
7131	8281.369	285.216	285.308	0.1861721
7132	8282.523	285.216	285.308	0.1861813
7133	8283.692	285.215	285.306	0.1861964
7134	8284.863	285.215	285.306	0.186205
7135	8286.03	285.213	285.305	0.1862076
7136	8287.197	285.213	285.305	0.1862006
7137	8288.384	285.213	285.304	0.1862006
7138	8289.549	285.213	285.304	0.1862001
7139	8290.716	285.212	285.303	0.1861958
7140	8291.884	285.212	285.303	0.1861983
7141	8293.052	285.21	285.301	0.1862098
7142	8294.217	285.21	285.301	0.1862037
7143	8295.383	285.21	285.3	0.1862078
7144	8296.553	285.21	285.3	0.1862043
7145	8297.721	285.207	285.299	0.1862047
7146	8298.888	285.207	285.299	0.1862128
7147	8300.056	285.207	285.297	0.1861955
7148	8301.222	285.207	285.297	0.1861923
7149	8302.404	285.205	285.296	0.1861941
7150	8303.568	285.205	285.296	0.186195
7151	8304.739	285.203	285.296	0.1861919
7152	8305.907	285.203	285.296	0.1861966
7153	8307.071	285.203	285.295	0.1862055
7154	8308.24	285.203	285.295	0.1862092
7155	8309.409	285.201	285.294	0.1862068
7156	8310.627	285.201	285.293	0.1861982
7157	8311.786	285.201	285.293	0.1861866
7158	8312.957	285.201	285.292	0.1861965
7159	8314.12	285.201	285.292	0.186194
7160	8315.274	285.199	285.29	0.1861976
7161	8316.439	285.199	285.29	0.1861975
7162	8317.637	285.199	285.288	0.1861924
7163	8318.804	285.199	285.288	0.1862093
7164	8319.971	285.199	285.287	0.1862128
7165	8321.124	285.199	285.287	0.1862151
7166	8322.308	285.199	285.286	0.1862017
7167	8323.471	285.199	285.286	0.1862015
7168	8324.633	285.198	285.285	0.1861926
7169	8325.8	285.198	285.285	0.1862008
7170	8326.963	285.196	285.283	0.1861926
7171	8328.114	285.196	285.283	0.1862009
7172	8329.267	285.193	285.282	0.1862085
7173	8330.451	285.193	285.282	0.1862045
7174	8331.604	285.194	285.281	0.1861971
7175	8332.757	285.194	285.281	0.1862102
7176	8333.921	285.192	285.281	0.1862134
7177	8335.087	285.192	285.281	0.1862129
7178	8336.253	285.191	285.279	0.1862167
7179	8337.421	285.191	285.279	0.1862119
7180	8338.588	285.192	285.278	0.1862067
7181	8339.741	285.192	285.278	0.1862078
7182	8340.894	285.191	285.278	0.1862155
7183	8342.051	285.191	285.278	0.1862169
7184	8343.213	285.19	285.277	0.1862184
7185	8344.398	285.19	285.277	0.1862192
7186	8345.549	285.19	285.276	0.186214
7187	8346.703	285.19	285.276	0.1862151
7188	8347.868	285.19	285.276	0.1862392
7189	8349.049	285.19	285.276	0.186235
7190	8350.2	285.189	285.276	0.1862407
7191	8351.352	285.189	285.276	0.1862364
7192	8352.517	285.188	285.275	0.1862397
7193	8353.684	285.188	285.275	0.1862391
7194	8354.85	285.188	285.274	0.1862063
7195	8356.018	285.188	285.274	0.1862395
7196	8357.188	285.187	285.274	0.1862355
7197	8358.354	285.187	285.274	0.1862424
7198	8359.519	285.186	285.273	0.1862385
7199	8360.673	285.186	285.273	0.1862371
7200	8361.838	285.188	285.273	0.1862411
7201	8362.99	285.188	285.273	0.1862178
7202	8364.143	285.186	285.272	0.1862403
7203	8365.293	285.186	285.272	0.1862321
7204	8366.457	285.186	285.272	0.1862337
7205	8367.623	285.186	285.272	0.1862332
7206	8368.787	285.186	285.271	0.1862341
7207	8369.951	285.186	285.271	0.1862523
7208	8371.118	285.186	285.27	0.18625
7209	8372.287	285.186	285.27	0.1862656
7210	8373.451	285.186	285.27	0.1862417
7211	8374.617	285.186	285.27	0.1862524
7212	8375.77	285.184	285.27	0.1862559
7213	8376.918	285.184	285.27	0.1862494
7214	8378.069	285.185	285.27	0.1862378
7215	8379.254	285.185	285.27	0.1862373
7216	8380.422	285.186	285.268	0.1862609
7217	8381.589	285.186	285.268	0.1862445
7218	8382.756	285.185	285.267	0.1862493
7219	8383.924	285.185	285.267	0.1862484
7220	8385.087	285.186	285.267	0.186228
7221	8386.312	285.186	285.266	0.186211
7222	8387.483	285.186	285.266	0.1862142
7223	8388.647	285.184	285.266	0.1862058
7224	8389.814	285.184	285.266	0.1861988
7225	8390.979	285.186	285.266	0.1862046
7226	8392.144	285.186	285.266	0.1862008
7227	8393.307	285.185	285.266	0.1861964
7228	8394.471	285.185	285.266	0.1861955
7229	8395.638	285.187	285.266	0.1861873
7230	8396.806	285.187	285.266	0.186186
7231	8397.969	285.187	285.265	0.1861882
7232	8399.136	285.187	285.265	0.1862014
7233	8400.302	285.186	285.265	0.1862016
7234	8401.469	285.186	285.265	0.1862146
7235	8402.637	285.187	285.265	0.1862038
7236	8403.803	285.187	285.265	0.1862016
7237	8404.968	285.186	285.265	0.186195
7238	8406.136	285.186	285.265	0.1861944
7239	8407.304	285.186	285.264	0.1862107
7240	8408.454	285.186	285.264	0.1862064
7241	8409.604	285.186	285.264	0.1862283
7242	8410.753	285.186	285.264	0.1862109
7243	8411.906	285.187	285.264	0.1862152
7244	8413.069	285.187	285.264	0.1862132
7245	8414.219	285.187	285.264	0.1862084
7246	8415.382	285.187	285.264	0.1862018
7247	8416.534	285.187	285.264	0.1862042
7248	8417.685	285.187	285.264	0.1862119
7249	8418.835	285.189	285.264	0.1862164
7250	8419.985	285.189	285.264	0.1862102
7251	8421.137	285.187	285.264	0.1862212
7252	8422.317	285.187	285.264	0.1862288
7253	8423.468	285.189	285.264	0.1862206
7254	8424.621	285.189	285.264	0.1862187
7255	8425.774	285.19	285.264	0.1862254
7256	8426.934	285.19	285.264	0.1862198
7257	8428.085	285.189	285.264	0.1862323
7258	8429.235	285.189	285.264	0.1862272
7259	8430.419	285.189	285.264	0.18622
7260	8431.57	285.189	285.264	0.1862266
7261	8432.734	285.19	285.265	0.186229
7262	8433.898	285.19	285.265	0.1862205
7263	8435.064	285.189	285.265	0.1862207
7264	8436.247	285.189	285.265	0.1862316
7265	8437.421	285.191	285.265	0.1862304
7266	8438.592	285.191	285.265	0.1862212
7267	8439.759	285.192	285.265	0.1862273
7268	8440.923	285.192	285.265	0.1862126
7269	8442.092	285.192	285.266	0.1862149
7270	8443.26	285.192	285.266	0.1862264
7271	8444.427	285.191	285.266	0.1862146
7272	8445.592	285.191	285.266	0.1862215
7273	8446.756	285.194	285.266	0.1862237
7274	8447.924	285.194	285.266	0.1862351
7275	8449.093	285.194	285.267	0.1862093
7276	8450.261	285.194	285.267	0.1862319
7277	8451.428	285.196	285.267	0.1862226
7278	8452.593	285.196	285.267	0.1862356
7279	8453.76	285.196	285.268	0.1862327
7280	8454.928	285.196	285.268	0.1862237
7281	8456.109	285.197	285.268	0.186228
7282	8457.274	285.197	285.268	0.1862392
7283	8458.44	285.197	285.268	0.1862357
7284	8459.605	285.197	285.268	0.1862412
7285	8460.77	285.197	285.269	0.18623
7286	8461.987	285.198	285.269	0.1862126
7287	8463.155	285.198	285.269	0.1862295
7288	8464.34	285.198	285.27	0.1862245
7289	8465.508	285.198	285.27	0.1862293
7290	8466.674	285.2	285.271	0.186218
7291	8467.84	285.2	285.271	0.1862234
7292	8469.007	285.2	285.271	0.1862289
7293	8470.173	285.2	285.271	0.1862262
7294	8471.34	285.201	285.272	0.1862105
7295	8472.493	285.201	285.272	0.1862131
7296	8473.663	285.203	285.273	0.186209
7297	8474.826	285.203	285.273	0.1862302
7298	8475.99	285.203	285.272	0.1862248
7299	8477.148	285.203	285.272	0.186208
7300	8478.311	285.204	285.273	0.1862198
7301	8479.479	285.204	285.273	0.1862234
7302	8480.646	285.205	285.274	0.1862198
7303	8481.8	285.205	285.274	0.1862294
7304	8482.967	285.206	285.275	0.186216
7305	8484.133	285.206	285.275	0.1862307
7306	8485.299	285.208	285.276	0.1862306
7307	8486.463	285.208	285.276	0.1862346
7308	8487.631	285.208	285.276	0.1862251
7309	8488.798	285.208	285.276	0.1862252
7310	8489.965	285.209	285.277	0.1862291
7311	8491.128	285.209	285.277	0.186232
7312	8492.296	285.21	285.277	0.1862296
7313	8493.461	285.21	285.277	0.1862394
7314	8494.63	285.211	285.279	0.1862244
7315	8495.8	285.211	285.279	0.186251
7316	8496.96	285.214	285.279	0.1862351
7317	8498.124	285.214	285.279	0.1862356
7318	8499.287	285.214	285.279	0.1862415
7319	8500.453	285.214	285.279	0.1862375
7320	8501.618	285.214	285.28	0.1862309
7321	8502.786	285.214	285.28	0.1862332
7322	8503.952	285.215	285.28	0.1862254
7323	8505.119	285.215	285.28	0.186234
7324	8506.302	285.215	285.281	0.1862303
7325	8507.469	285.215	285.281	0.1862233
7326	8508.639	285.217	285.282	0.1862224
7327	8509.803	285.217	285.282	0.1862208
7328	8510.966	285.22	285.283	0.1862004
7329	8512.132	285.22	285.283	0.1862041
7330	8513.297	285.219	285.283	0.1861998
7331	8514.462	285.219	285.283	0.1862203
7332	8515.627	285.22	285.285	0.186211
7333	8516.792	285.22	285.285	0.1862134
7334	8517.956	285.223	285.286	0.1862122
7335	8519.124	285.223	285.286	0.1862143
7336	8520.282	285.224	285.287	0.186201
7337	8521.447	285.224	285.287	0.186192
7338	8522.6	285.225	285.288	0.186202
7339	8523.762	285.225	285.288	0.1862052
7340	8524.924	285.224	285.29	0.1862035
7341	8526.08	285.224	285.29	0.1862082
7342	8527.236	285.227	285.291	0.1862129
7343	8528.403	285.227	285.291	0.1862052
7344	8529.568	285.226	285.292	0.1862
7345	8530.806	285.23	285.293	0.1861943
7346	8531.96	285.23	285.293	0.1861857
7347	8533.138	285.23	285.295	0.1861793
7348	8534.299	285.23	285.295	0.1861747
7349	8535.452	285.231	285.296	0.186196
7350	8536.618	285.231	285.296	0.1861929
7351	8537.783	285.233	285.297	0.1861904
7352	8538.937	285.233	285.297	0.1861934
7353	8540.09	285.234	285.299	0.1862047
7354	8541.243	285.234	285.299	0.1862107
7355	8542.394	285.236	285.3	0.1862066
7356	8543.56	285.236	285.3	0.1862101
7357	8544.715	285.237	285.302	0.1862056
7358	8545.864	285.237	285.302	0.1861933
7359	8547.016	285.239	285.303	0.1861982
7360	8548.168	285.239	285.303	0.1861799
7361	8549.322	285.239	285.303	0.1861913
7362	8550.477	285.239	285.303	0.1862024
7363	8551.628	285.24	285.304	0.1861906
7364	8552.782	285.24	285.304	0.1861953
7365	8553.931	285.241	285.306	0.1861805
7366	8555.082	285.241	285.306	0.1861931
7367	8556.25	285.243	285.307	0.1861969
7368	8557.406	285.243	285.307	0.1862052
7369	8558.569	285.245	285.309	0.186217
7370	8559.727	285.245	285.309	0.1861998
7371	8560.89	285.246	285.31	0.1861924
7372	8562.053	285.246	285.31	0.1862019
7373	8563.217	285.248	285.312	0.1862071
7374	8564.368	285.248	285.312	0.186218
